variant_key,constructive_drift,high_conviction_expansion,recovery_reversal_setup,transition_low_conviction,volatility_caution,total_return,CAGR,max_drawdown,Sharpe ratio,Sortino ratio,annual_volatility,win_rate,exposure_ratio,turnover,number_of_allocation_changes,return_max_drawdown_ratio,return_capture_ratio_vs_buy_hold,drawdown_improvement_points,overfit_risk,rank_sharpe,rank_sortino,rank_return_drawdown,rank_total_return
GRID_145,90.0,90.0,75.0,30.0,0.0,10.442265099455538,0.3902571633754297,-0.43612892197578446,1.2673638513763719,1.591847720706879,0.29396944976677164,0.4111111111111111,0.41137037037037033,91.75000000000001,375,23.943069522078915,0.5487608593380625,0.33021671510990636,Low,1.0,18.0,1.0,3.0
GRID_181,90.0,100.0,75.0,30.0,0.0,10.442265099455538,0.3902571633754297,-0.43612892197578446,1.2673638513763719,1.591847720706879,0.29396944976677164,0.4111111111111111,0.41137037037037033,91.75000000000001,375,23.943069522078915,0.5487608593380625,0.33021671510990636,Low,1.0,18.0,1.0,3.0
GRID_157,90.0,90.0,85.0,30.0,0.0,10.440088287014161,0.3902214057248503,-0.43612892197578457,1.26397141977697,1.5888269333643261,0.2949669045737437,0.4111111111111111,0.4137037037037037,91.75000000000001,375,23.93807830885802,0.5486464637108139,0.33021671510990624,Low,2.0,21.0,2.0,4.0
GRID_193,90.0,100.0,85.0,30.0,0.0,10.440088287014161,0.3902214057248503,-0.43612892197578457,1.26397141977697,1.5888269333643261,0.2949669045737437,0.4111111111111111,0.4137037037037037,91.75000000000001,375,23.93807830885802,0.5486464637108139,0.33021671510990624,Low,2.0,21.0,2.0,4.0
GRID_169,90.0,90.0,100.0,30.0,0.0,10.360087882732174,0.3889031707079287,-0.4361289219757848,1.2555292091195664,1.5786823265622014,0.29656352012829096,0.4111111111111111,0.41685185185185186,92.45000000000002,373,23.754645382833374,0.5444422905565177,0.330216715109906,Low,3.0,23.0,3.0,8.0
GRID_205,90.0,100.0,100.0,30.0,0.0,10.360087882732174,0.3889031707079287,-0.4361289219757848,1.2555292091195664,1.5786823265622014,0.29656352012829096,0.4111111111111111,0.41685185185185186,92.45000000000002,373,23.754645382833374,0.5444422905565177,0.330216715109906,Low,3.0,23.0,3.0,8.0
GRID_073,80.0,90.0,75.0,30.0,0.0,8.378223027109165,0.3533692277172269,-0.40374899768415895,1.2511320749716248,1.5778002960810802,0.2711913694656947,0.4111111111111111,0.38679629629629625,81.25,383,20.75106830026908,0.44029152911680924,0.36259663940153186,Low,4.0,24.0,10.0,39.0
GRID_109,80.0,100.0,75.0,30.0,0.0,8.378223027109165,0.3533692277172269,-0.40374899768415895,1.2511320749716248,1.5778002960810802,0.2711913694656947,0.4111111111111111,0.38679629629629625,81.25,383,20.75106830026908,0.44029152911680924,0.36259663940153186,Low,4.0,24.0,10.0,39.0
GRID_085,80.0,90.0,85.0,30.0,0.0,8.376438884512734,0.3533344188306229,-0.40374899768416017,1.2471324284283407,1.5738661915557668,0.272272371539416,0.4111111111111111,0.38912962962962966,81.65,382,20.74664936026752,0.4401977690355362,0.36259663940153064,Low,5.0,27.0,11.0,40.0
GRID_121,80.0,100.0,85.0,30.0,0.0,8.376438884512734,0.3533344188306229,-0.40374899768416017,1.2471324284283407,1.5738661915557668,0.272272371539416,0.4111111111111111,0.38912962962962966,81.65,382,20.74664936026752,0.4401977690355362,0.36259663940153064,Low,5.0,27.0,11.0,40.0
GRID_001,70.0,90.0,75.0,30.0,0.0,6.77562496839706,0.3195146526752277,-0.3579973363241995,1.2390543648109094,1.5743229289183016,0.24869952232065223,0.4111111111111111,0.36177777777777775,71.05,384,18.92646754852139,0.3560719580279446,0.4083483007614913,Low,6.0,26.0,25.0,73.0
GRID_037,70.0,100.0,75.0,30.0,0.0,6.77562496839706,0.3195146526752277,-0.3579973363241995,1.2390543648109094,1.5743229289183016,0.24869952232065223,0.4111111111111111,0.36177777777777775,71.05,384,18.92646754852139,0.3560719580279446,0.4083483007614913,Low,6.0,26.0,25.0,73.0
GRID_146,90.0,90.0,75.0,30.0,10.0,9.823798785850856,0.37985296992309125,-0.44110865482663164,1.2381362496848893,1.670100817819547,0.2951089278258813,0.5014814814814815,0.4285555555555555,92.45,433,22.270700604847327,0.516259280179433,0.32523698225905917,Low,7.0,1.0,4.0,12.0
GRID_182,90.0,100.0,75.0,30.0,10.0,9.823798785850856,0.37985296992309125,-0.44110865482663164,1.2381362496848893,1.670100817819547,0.2951089278258813,0.5014814814814815,0.4285555555555555,92.45,433,22.270700604847327,0.516259280179433,0.32523698225905917,Low,7.0,1.0,4.0,12.0
GRID_097,80.0,90.0,100.0,30.0,0.0,8.310869556491236,0.35205116077319354,-0.4037489976841596,1.2374918546032285,1.5617565211954187,0.27400109937669537,0.4111111111111111,0.39227777777777784,82.95,381,20.584248144666784,0.43675197634126983,0.3625966394015312,Low,8.0,29.0,12.0,44.0
GRID_133,80.0,100.0,100.0,30.0,0.0,8.310869556491236,0.35205116077319354,-0.4037489976841596,1.2374918546032285,1.5617565211954187,0.27400109937669537,0.4111111111111111,0.39227777777777784,82.95,381,20.584248144666784,0.43675197634126983,0.3625966394015312,Low,8.0,29.0,12.0,44.0
GRID_158,90.0,90.0,85.0,30.0,10.0,9.821739632382956,0.3798174798701357,-0.44110865482663264,1.2348712627134735,1.6666264389361611,0.29610256170451565,0.5014814814814815,0.4308888888888888,92.45,433,22.26603247275472,0.5161510677546581,0.32523698225905817,Low,9.0,2.0,5.0,13.0
GRID_194,90.0,100.0,85.0,30.0,10.0,9.821739632382956,0.3798174798701357,-0.44110865482663264,1.2348712627134735,1.6666264389361611,0.29610256170451565,0.5014814814814815,0.4308888888888888,92.45,433,22.26603247275472,0.5161510677546581,0.32523698225905817,Low,9.0,2.0,5.0,13.0
GRID_013,70.0,90.0,85.0,30.0,0.0,6.774145709087492,0.3194807145340488,-0.35799733632419994,1.2342654856408624,1.569091283907306,0.24987793579558706,0.4111111111111111,0.36411111111111105,72.05,385,18.922335508532587,0.35599422014232585,0.40834830076149087,Low,10.0,28.0,26.0,74.0
GRID_049,70.0,100.0,85.0,30.0,0.0,6.774145709087492,0.3194807145340488,-0.35799733632419994,1.2342654856408624,1.569091283907306,0.24987793579558706,0.4111111111111111,0.36411111111111105,72.05,385,18.922335508532587,0.35599422014232585,0.40834830076149087,Low,10.0,28.0,26.0,74.0
GRID_170,90.0,90.0,100.0,30.0,10.0,9.746063333048102,0.3785091100583666,-0.44110865482663175,1.2266425555703586,1.655714766886964,0.2976930543666428,0.5014814814814815,0.43403703703703705,93.15,431,22.094473156230823,0.512174134526188,0.32523698225905906,Low,11.0,4.0,6.0,17.0
GRID_206,90.0,100.0,100.0,30.0,10.0,9.746063333048102,0.3785091100583666,-0.44110865482663175,1.2266425555703586,1.655714766886964,0.2976930543666428,0.5014814814814815,0.43403703703703705,93.15,431,22.094473156230823,0.512174134526188,0.32523698225905906,Low,11.0,4.0,6.0,17.0
GRID_025,70.0,90.0,100.0,30.0,0.0,6.719781198598538,0.318229557218467,-0.3579973363241995,1.223108304133569,1.5542892530001247,0.25176031873391985,0.4111111111111111,0.3672592592592593,73.35,383,18.770478204098026,0.3531372618857339,0.4083483007614913,Low,12.0,31.0,29.0,80.0
GRID_061,70.0,100.0,100.0,30.0,0.0,6.719781198598538,0.318229557218467,-0.3579973363241995,1.223108304133569,1.5542892530001247,0.25176031873391985,0.4111111111111111,0.3672592592592593,73.35,383,18.770478204098026,0.3531372618857339,0.4083483007614913,Low,12.0,31.0,29.0,80.0
GRID_074,80.0,90.0,75.0,30.0,10.0,7.871320331416969,0.3432410905433638,-0.40903371796461985,1.2191119374890116,1.6478649220334711,0.27242373541310794,0.5014814814814815,0.4039814814814815,81.95,441,19.243695533427427,0.41365282992276814,0.35731191912107096,Low,13.0,6.0,22.0,48.0
GRID_110,80.0,100.0,75.0,30.0,10.0,7.871320331416969,0.3432410905433638,-0.40903371796461985,1.2191119374890116,1.6478649220334711,0.27242373541310794,0.5014814814814815,0.4039814814814815,81.95,441,19.243695533427427,0.41365282992276814,0.35731191912107096,Low,13.0,6.0,22.0,48.0
GRID_086,80.0,90.0,85.0,30.0,10.0,7.869632623581046,0.3432065421541697,-0.40903371796461996,1.215278428010607,1.6435202857203095,0.27349988558543803,0.5014814814814815,0.4063148148148149,82.35,440,19.239569448555198,0.4135641376712756,0.35731191912107085,Low,14.0,7.0,23.0,49.0
GRID_122,80.0,100.0,85.0,30.0,10.0,7.869632623581046,0.3432065421541697,-0.40903371796461996,1.215278428010607,1.6435202857203095,0.27349988558543803,0.5014814814814815,0.4063148148148149,82.35,440,19.239569448555198,0.4135641376712756,0.35731191912107085,Low,14.0,7.0,23.0,49.0
GRID_098,80.0,90.0,100.0,30.0,10.0,7.807607385845406,0.3419328875466854,-0.4090337179646185,1.2059148622316285,1.6307382243523185,0.2752208685116097,0.5014814814814815,0.409462962962963,83.65,439,19.087931001621644,0.4103045936512495,0.3573119191210723,Low,15.0,10.0,24.0,53.0
GRID_134,80.0,100.0,100.0,30.0,10.0,7.807607385845406,0.3419328875466854,-0.4090337179646185,1.2059148622316285,1.6307382243523185,0.2752208685116097,0.5014814814814815,0.409462962962963,83.65,439,19.087931001621644,0.4103045936512495,0.3573119191210723,Low,15.0,10.0,24.0,53.0
GRID_002,70.0,90.0,75.0,30.0,10.0,6.355344362382596,0.30963987118063163,-0.3668102995339375,1.2036900308304264,1.6355651191685,0.2500403160717456,0.5014814814814815,0.37896296296296295,71.75,442,17.32597031887485,0.33398541412937566,0.3995353375517533,Low,16.0,9.0,40.0,84.0
GRID_038,70.0,100.0,75.0,30.0,10.0,6.355344362382596,0.30963987118063163,-0.3668102995339375,1.2036900308304264,1.6355651191685,0.2500403160717456,0.5014814814814815,0.37896296296296295,71.75,442,17.32597031887485,0.33398541412937566,0.3995353375517533,Low,16.0,9.0,40.0,84.0
GRID_147,90.0,90.0,75.0,30.0,20.0,9.265548436623158,0.3700104635362089,-0.45781494338499906,1.20154137266033,1.6559205762358464,0.2991456244334681,0.5103703703703704,0.452425925925926,87.75,433,20.23863259708258,0.48692216429028184,0.30853069370069175,Low,17.0,3.0,13.0,21.0
GRID_183,90.0,100.0,75.0,30.0,20.0,9.265548436623158,0.3700104635362089,-0.45781494338499906,1.20154137266033,1.6559205762358464,0.2991456244334681,0.5103703703703704,0.452425925925926,87.75,433,20.23863259708258,0.48692216429028184,0.30853069370069175,Low,17.0,3.0,13.0,21.0
GRID_014,70.0,90.0,85.0,30.0,10.0,6.353945058575213,0.3096061870205118,-0.3668102995339383,1.1991225196735904,1.6300057102965702,0.25121246072597425,0.5014814814814815,0.3812962962962963,72.75,443,17.32215553011572,0.3339118780572207,0.3995353375517525,Low,18.0,11.0,41.0,85.0
GRID_050,70.0,100.0,85.0,30.0,10.0,6.353945058575213,0.3096061870205118,-0.3668102995339383,1.1991225196735904,1.6300057102965702,0.25121246072597425,0.5014814814814815,0.3812962962962963,72.75,443,17.32215553011572,0.3339118780572207,0.3995353375517525,Low,18.0,11.0,41.0,85.0
GRID_159,90.0,90.0,85.0,30.0,20.0,9.263595486454621,0.3699752266341909,-0.4578149433849996,1.1984947553651093,1.6526681051305312,0.30012590853217885,0.5103703703703704,0.4547592592592593,87.75,433,20.234366790129865,0.48681953305055337,0.3085306937006912,Low,19.0,5.0,14.0,22.0
GRID_195,90.0,100.0,85.0,30.0,20.0,9.263595486454621,0.3699752266341909,-0.4578149433849996,1.1984947553651093,1.6526681051305312,0.30012590853217885,0.5103703703703704,0.4547592592592593,87.75,433,20.234366790129865,0.48681953305055337,0.3085306937006912,Low,19.0,5.0,14.0,22.0
GRID_171,90.0,90.0,100.0,30.0,20.0,9.191822282638082,0.3686761894386572,-0.45781494338499806,1.1906513377151589,1.6420630960220919,0.3016951652138781,0.5103703703703704,0.4579074074074074,88.45,431,20.077593393250705,0.4830477149029885,0.30853069370069275,Low,20.0,8.0,17.0,26.0
GRID_207,90.0,100.0,100.0,30.0,20.0,9.191822282638082,0.3686761894386572,-0.45781494338499806,1.1906513377151589,1.6420630960220919,0.3016951652138781,0.5103703703703704,0.4579074074074074,88.45,431,20.077593393250705,0.4830477149029885,0.30853069370069275,Low,20.0,8.0,17.0,26.0
GRID_026,70.0,90.0,100.0,30.0,10.0,6.302519006346132,0.30836439292426365,-0.36681029953393773,1.1883323227648335,1.6147009561162866,0.25308488024502324,0.5014814814814815,0.3844444444444444,74.05000000000001,441,17.181957579582672,0.33120934136189534,0.3995353375517531,Low,21.0,14.0,46.0,89.0
GRID_062,70.0,100.0,100.0,30.0,10.0,6.302519006346132,0.30836439292426365,-0.36681029953393773,1.1883323227648335,1.6147009561162866,0.25308488024502324,0.5014814814814815,0.3844444444444444,74.05000000000001,441,17.181957579582672,0.33120934136189534,0.3995353375517531,Low,21.0,14.0,46.0,89.0
GRID_149,90.0,90.0,75.0,50.0,0.0,10.492573288889973,0.3910819217352912,-0.48992772947797947,1.183268733648721,1.4885559997513766,0.3228761595597525,0.4111111111111111,0.45149999999999996,88.75000000000001,384,21.416573624174866,0.5514046502208684,0.27641790760771134,Low,22.0,50.0,7.0,1.0
GRID_185,90.0,100.0,75.0,50.0,0.0,10.492573288889973,0.3910819217352912,-0.48992772947797947,1.183268733648721,1.4885559997513766,0.3228761595597525,0.4111111111111111,0.45149999999999996,88.75000000000001,384,21.416573624174866,0.5514046502208684,0.27641790760771134,Low,22.0,50.0,7.0,1.0
GRID_161,90.0,90.0,85.0,50.0,0.0,10.490386905660689,0.39104614287178663,-0.4899277294779798,1.1807627681692814,1.4868469736793712,0.32378455509591764,0.4111111111111111,0.4538333333333333,88.75000000000001,384,21.4121109593822,0.5512897516305417,0.276417907607711,Low,23.0,51.0,8.0,2.0
GRID_197,90.0,100.0,85.0,50.0,0.0,10.490386905660689,0.39104614287178663,-0.4899277294779798,1.1807627681692814,1.4868469736793712,0.32378455509591764,0.4111111111111111,0.4538333333333333,88.75000000000001,384,21.4121109593822,0.5512897516305417,0.276417907607711,Low,23.0,51.0,8.0,2.0
GRID_075,80.0,90.0,75.0,30.0,20.0,7.413771390318946,0.3336597370941392,-0.42948146711958257,1.1783893540871158,1.6281481582573403,0.2767895091944378,0.5103703703703704,0.42785185185185187,77.25,441,17.262145070056526,0.3896077642483424,0.33686416996610824,Low,24.0,12.0,44.0,57.0
GRID_111,80.0,100.0,75.0,30.0,20.0,7.413771390318946,0.3336597370941392,-0.42948146711958257,1.1783893540871158,1.6281481582573403,0.2767895091944378,0.5103703703703704,0.42785185185185187,77.25,441,17.262145070056526,0.3896077642483424,0.33686416996610824,Low,24.0,12.0,44.0,57.0
GRID_087,80.0,90.0,85.0,30.0,20.0,7.41217072803032,0.33362543513898535,-0.4294814671195838,1.174845217893178,1.624104190498166,0.2778487660365893,0.5103703703703704,0.43018518518518517,77.65,440,17.258418105306724,0.38952364640564735,0.336864169966107,Low,25.0,13.0,45.0,58.0
GRID_123,80.0,100.0,85.0,30.0,20.0,7.41217072803032,0.33362543513898535,-0.4294814671195838,1.174845217893178,1.624104190498166,0.2778487660365893,0.5103703703703704,0.43018518518518517,77.65,440,17.258418105306724,0.38952364640564735,0.336864169966107,Low,25.0,13.0,45.0,58.0
GRID_173,90.0,90.0,100.0,50.0,0.0,10.410034763723749,0.3897271258230375,-0.48992772947797947,1.173986713271624,1.4793467709677626,0.3252397731321402,0.4111111111111111,0.45698148148148143,89.45,382,21.248102806541883,0.5470670939945784,0.27641790760771134,Low,26.0,55.0,9.0,5.0
GRID_209,90.0,100.0,100.0,50.0,0.0,10.410034763723749,0.3897271258230375,-0.48992772947797947,1.173986713271624,1.4793467709677626,0.3252397731321402,0.4111111111111111,0.45698148148148143,89.45,382,21.248102806541883,0.5470670939945784,0.27641790760771134,Low,26.0,55.0,9.0,5.0
GRID_099,80.0,90.0,100.0,30.0,20.0,7.353344516007491,0.3323608655238013,-0.4294814671195821,1.1659879837561726,1.6117635947595257,0.2795429484141774,0.5103703703703704,0.43333333333333335,78.95,439,17.121447789876513,0.3864322172613198,0.3368641699661087,Low,27.0,15.0,48.0,62.0
GRID_135,80.0,100.0,100.0,30.0,20.0,7.353344516007491,0.3323608655238013,-0.4294814671195821,1.1659879837561726,1.6117635947595257,0.2795429484141774,0.5103703703703704,0.43333333333333335,78.95,439,17.121447789876513,0.3864322172613198,0.3368641699661087,Low,27.0,15.0,48.0,62.0
GRID_003,70.0,90.0,75.0,30.0,20.0,5.975983692415491,0.30029819559810367,-0.38871900152966476,1.1579113189554617,1.6086632384161206,0.25478792200394096,0.5103703703703704,0.4028333333333334,67.05000000000001,442,15.37353118550712,0.31404929057117703,0.37762663555602605,Low,28.0,16.0,68.0,93.0
GRID_039,70.0,100.0,75.0,30.0,20.0,5.975983692415491,0.30029819559810367,-0.38871900152966476,1.1579113189554617,1.6086632384161206,0.25478792200394096,0.5103703703703704,0.4028333333333334,67.05000000000001,442,15.37353118550712,0.31404929057117703,0.37762663555602605,Low,28.0,16.0,68.0,93.0
GRID_150,90.0,90.0,75.0,50.0,10.0,9.871387765391692,0.38067155608276293,-0.49443234718372364,1.15730547679179,1.5551858514178127,0.3239145403426874,0.5014814814814815,0.4686851851851851,89.45,442,19.965092942682475,0.5187601714189412,0.27191328990196717,Low,29.0,30.0,19.0,10.0
GRID_186,90.0,100.0,75.0,50.0,10.0,9.871387765391692,0.38067155608276293,-0.49443234718372364,1.15730547679179,1.5551858514178127,0.3239145403426874,0.5014814814814815,0.4686851851851851,89.45,442,19.965092942682475,0.5187601714189412,0.27191328990196717,Low,29.0,30.0,19.0,10.0
GRID_162,90.0,90.0,85.0,50.0,10.0,9.869319558446891,0.3806360449756323,-0.49443234718372353,1.154890398824144,1.5530459890188753,0.3248200479031718,0.5014814814814815,0.4710185185185185,89.45,442,19.960909949889672,0.5186514832167639,0.2719132899019673,Low,30.0,32.0,20.0,11.0
GRID_198,90.0,100.0,85.0,50.0,10.0,9.869319558446891,0.3806360449756323,-0.49443234718372353,1.154890398824144,1.5530459890188753,0.3248200479031718,0.5014814814814815,0.4710185185185185,89.45,442,19.960909949889672,0.5186514832167639,0.2719132899019673,Low,30.0,32.0,20.0,11.0
GRID_077,80.0,90.0,75.0,50.0,0.0,8.419456245926025,0.3541721026197586,-0.4606371661800138,1.153801406487736,1.449566468774213,0.30228705671277106,0.4111111111111111,0.4269259259259259,78.25,392,18.277848302487513,0.4424584130615957,0.305708470905677,Low,31.0,65.0,31.0,37.0
GRID_113,80.0,100.0,75.0,50.0,0.0,8.419456245926025,0.3541721026197586,-0.4606371661800138,1.153801406487736,1.449566468774213,0.30228705671277106,0.4111111111111111,0.4269259259259259,78.25,392,18.277848302487513,0.4424584130615957,0.305708470905677,Low,31.0,65.0,31.0,37.0
GRID_015,70.0,90.0,85.0,30.0,20.0,5.974656559373153,0.30026475170746747,-0.38871900152966554,1.153736092964731,1.6035326135988732,0.25593834130697973,0.5103703703703704,0.4051666666666666,68.05000000000001,443,15.370117066214963,0.31397954720976706,0.37762663555602527,Low,32.0,17.0,69.0,94.0
GRID_051,70.0,100.0,85.0,30.0,20.0,5.974656559373153,0.30026475170746747,-0.38871900152966554,1.153736092964731,1.6035326135988732,0.25593834130697973,0.5103703703703704,0.4051666666666666,68.05000000000001,443,15.370117066214963,0.31397954720976706,0.37762663555602527,Low,32.0,17.0,69.0,94.0
GRID_148,90.0,90.0,75.0,30.0,30.0,8.541965321346028,0.3565397430909094,-0.47645988898461833,1.1521640887016595,1.5894101116389778,0.3049433830674019,0.5103703703703704,0.4703148148148148,81.15,367,17.927984115409537,0.44889649760205597,0.2898857481010725,Low,33.0,19.0,37.0,30.0
GRID_184,90.0,100.0,75.0,30.0,30.0,8.541965321346028,0.3565397430909094,-0.47645988898461833,1.1521640887016595,1.5894101116389778,0.3049433830674019,0.5103703703703704,0.4703148148148148,81.15,367,17.927984115409537,0.44889649760205597,0.2898857481010725,Low,33.0,19.0,37.0,30.0
GRID_089,80.0,90.0,85.0,50.0,0.0,8.417664258992598,0.3541372730830763,-0.46063716618001305,1.1509791060141137,1.4474148229039645,0.3032572116142631,0.4111111111111111,0.4292592592592593,78.65,391,18.27395806725471,0.44236424074551833,0.30570847090567776,Low,34.0,67.0,32.0,38.0
GRID_125,80.0,100.0,85.0,50.0,0.0,8.417664258992598,0.3541372730830763,-0.46063716618001305,1.1509791060141137,1.4474148229039645,0.3032572116142631,0.4111111111111111,0.4292592592592593,78.65,391,18.27395806725471,0.44236424074551833,0.30570847090567776,Low,34.0,67.0,32.0,38.0
GRID_160,90.0,90.0,85.0,30.0,30.0,8.540150027901397,0.3565048526581114,-0.4764598889846179,1.1494031623965204,1.5866342381829388,0.3059051076927877,0.5103703703703704,0.4726481481481481,81.15,367,17.92417415472535,0.4488011004845591,0.2898857481010729,Low,35.0,22.0,38.0,31.0
GRID_196,90.0,100.0,85.0,30.0,30.0,8.540150027901397,0.3565048526581114,-0.4764598889846179,1.1494031623965204,1.5866342381829388,0.3059051076927877,0.5103703703703704,0.4726481481481481,81.15,367,17.92417415472535,0.4488011004845591,0.2898857481010729,Low,35.0,22.0,38.0,31.0
GRID_174,90.0,90.0,100.0,50.0,10.0,9.793310533242682,0.37932689898448535,-0.494432347183724,1.148267598898544,1.5448434195594167,0.3262706182317077,0.5014814814814815,0.4741666666666667,90.15,440,19.807180070287004,0.5146570646120605,0.27191328990196684,Low,36.0,37.0,21.0,14.0
GRID_210,90.0,100.0,100.0,50.0,10.0,9.793310533242682,0.37932689898448535,-0.494432347183724,1.148267598898544,1.5448434195594167,0.3262706182317077,0.5014814814814815,0.4741666666666667,90.15,440,19.807180070287004,0.5146570646120605,0.27191328990196684,Low,36.0,37.0,21.0,14.0
GRID_027,70.0,90.0,100.0,30.0,20.0,5.925882867205796,0.2990318153421432,-0.38871900152966543,1.143625720164681,1.5888902178889948,0.257776404867873,0.5103703703703704,0.40831481481481474,69.35,441,15.244644187411962,0.3114163970721361,0.3776266355560254,Low,37.0,20.0,72.0,98.0
GRID_063,70.0,100.0,100.0,30.0,20.0,5.925882867205796,0.2990318153421432,-0.38871900152966543,1.143625720164681,1.5888902178889948,0.257776404867873,0.5103703703703704,0.40831481481481474,69.35,441,15.244644187411962,0.3114163970721361,0.3776266355560254,Low,37.0,20.0,72.0,98.0
GRID_101,80.0,90.0,100.0,50.0,0.0,8.351806642407002,0.35285325374360554,-0.4606371661800136,1.143521519908558,1.438891997153619,0.3048103013077401,0.4111111111111111,0.4324074074074074,79.95,390,18.13098737053097,0.43890329793979005,0.3057084709056772,Low,38.0,69.0,35.0,41.0
GRID_137,80.0,100.0,100.0,50.0,0.0,8.351806642407002,0.35285325374360554,-0.4606371661800136,1.143521519908558,1.438891997153619,0.3048103013077401,0.4111111111111111,0.4324074074074074,79.95,390,18.13098737053097,0.43890329793979005,0.3057084709056772,Low,38.0,69.0,35.0,41.0
GRID_172,90.0,90.0,100.0,30.0,30.0,8.473435869758992,0.3552185883335697,-0.4764598889846181,1.1420674072246222,1.5769197408884101,0.3074448326545881,0.5103703703703704,0.47579629629629633,81.85000000000002,365,17.78415364159342,0.4452951447935711,0.2898857481010727,Low,39.0,25.0,39.0,35.0
GRID_208,90.0,100.0,100.0,30.0,30.0,8.473435869758992,0.3552185883335697,-0.4764598889846181,1.1420674072246222,1.5769197408884101,0.3074448326545881,0.5103703703703704,0.47579629629629633,81.85000000000002,365,17.78415364159342,0.4452951447935711,0.2898857481010727,Low,39.0,25.0,39.0,35.0
GRID_153,90.0,90.0,75.0,60.0,0.0,10.410000328737581,0.3897265588372838,-0.5160283535343433,1.1355502703557712,1.416122975927168,0.3408027102450635,0.4111111111111111,0.4708333333333333,88.65,383,20.173310744338323,0.5470652843706683,0.2503172835513475,Low,40.0,80.0,15.0,6.0
GRID_189,90.0,100.0,75.0,60.0,0.0,10.410000328737581,0.3897265588372838,-0.5160283535343433,1.1355502703557712,1.416122975927168,0.3408027102450635,0.4111111111111111,0.4708333333333333,88.65,383,20.173310744338323,0.5470652843706683,0.2503172835513475,Low,40.0,80.0,15.0,6.0
GRID_165,90.0,90.0,85.0,60.0,0.0,10.407829654447415,0.38969081483394175,-0.5160283535343431,1.1334607436818769,1.4149888811542195,0.34166343654450954,0.4111111111111111,0.47316666666666674,88.65,383,20.169104242359708,0.5469512113149213,0.25031728355134775,Low,41.0,81.0,16.0,7.0
GRID_201,90.0,100.0,85.0,60.0,0.0,10.407829654447415,0.38969081483394175,-0.5160283535343431,1.1334607436818769,1.4149888811542195,0.34166343654450954,0.4111111111111111,0.47316666666666674,88.65,383,20.169104242359708,0.5469512113149213,0.25031728355134775,Low,41.0,81.0,16.0,7.0
GRID_177,90.0,90.0,100.0,60.0,0.0,10.328054834407645,0.3883730829336387,-0.5160283535343428,1.1274875156861326,1.4087765297116968,0.3430428383576094,0.4111111111111111,0.4763148148148148,89.35000000000001,381,20.014510372675268,0.5427588930409056,0.25031728355134797,Low,42.0,85.0,18.0,9.0
GRID_213,90.0,100.0,100.0,60.0,0.0,10.328054834407645,0.3883730829336387,-0.5160283535343428,1.1274875156861326,1.4087765297116968,0.3430428383576094,0.4111111111111111,0.4763148148148148,89.35000000000001,381,20.014510372675268,0.5427588930409056,0.25031728355134797,Low,42.0,85.0,18.0,9.0
GRID_151,90.0,90.0,75.0,50.0,20.0,9.310682957708716,0.37082321071181457,-0.5095446926631577,1.1261364024367957,1.5469039267829754,0.32759695345346795,0.5103703703703704,0.4925555555555556,84.75000000000001,442,18.272554089506894,0.4892940690773011,0.2568009444225331,Low,43.0,35.0,33.0,19.0
GRID_187,90.0,100.0,75.0,50.0,20.0,9.310682957708716,0.37082321071181457,-0.5095446926631577,1.1261364024367957,1.5469039267829754,0.32759695345346795,0.5103703703703704,0.4925555555555556,84.75000000000001,442,18.272554089506894,0.4892940690773011,0.2568009444225331,Low,43.0,35.0,33.0,19.0
GRID_078,80.0,90.0,75.0,50.0,10.0,7.9103248519282054,0.3440379570137697,-0.46541767253613564,1.125923103955353,1.509684875702549,0.3033937549568533,0.5014814814814815,0.44411111111111107,78.95,450,16.996184972572216,0.4157025915396161,0.30092796454955517,Low,44.0,42.0,51.0,46.0
GRID_114,80.0,100.0,75.0,50.0,10.0,7.9103248519282054,0.3440379570137697,-0.46541767253613564,1.125923103955353,1.509684875702549,0.3033937549568533,0.5014814814814815,0.44411111111111107,78.95,450,16.996184972572216,0.4157025915396161,0.30092796454955517,Low,44.0,42.0,51.0,46.0
GRID_005,70.0,90.0,75.0,50.0,0.0,6.809812046784167,0.3202974436360819,-0.41925066011589684,1.1252221520283172,1.4128802062437715,0.28228669200072853,0.4111111111111111,0.40190740740740744,68.05000000000001,393,16.242817709342845,0.3578685539135389,0.34709497696979397,Low,45.0,83.0,57.0,68.0
GRID_041,70.0,100.0,75.0,50.0,0.0,6.809812046784167,0.3202974436360819,-0.41925066011589684,1.1252221520283172,1.4128802062437715,0.28228669200072853,0.4111111111111111,0.40190740740740744,68.05000000000001,393,16.242817709342845,0.3578685539135389,0.34709497696979397,Low,45.0,83.0,57.0,68.0
GRID_163,90.0,90.0,85.0,50.0,20.0,9.308721421007215,0.370787952905802,-0.5095446926631567,1.123868995886545,1.5448994893900065,0.32849232346515955,0.5103703703703704,0.4948888888888888,84.75,442,18.268704502356393,0.48919098659896076,0.2568009444225341,Low,46.0,36.0,34.0,20.0
GRID_199,90.0,100.0,85.0,50.0,20.0,9.308721421007215,0.370787952905802,-0.5095446926631567,1.123868995886545,1.5448994893900065,0.32849232346515955,0.5103703703703704,0.4948888888888888,84.75,442,18.268704502356393,0.48919098659896076,0.2568009444225341,Low,46.0,36.0,34.0,20.0
GRID_076,80.0,90.0,75.0,30.0,30.0,6.8207136543954725,0.32054643762256063,-0.44910075924013926,1.1237685507240183,1.5518322229948753,0.2830429643213707,0.5103703703703704,0.4457407407407407,70.65,375,15.187490811495955,0.35844145409410016,0.31724487784555155,Low,47.0,33.0,73.0,66.0
GRID_112,80.0,100.0,75.0,30.0,30.0,6.8207136543954725,0.32054643762256063,-0.44910075924013926,1.1237685507240183,1.5518322229948753,0.2830429643213707,0.5103703703703704,0.4457407407407407,70.65,375,15.187490811495955,0.35844145409410016,0.31724487784555155,Low,47.0,33.0,73.0,66.0
GRID_090,80.0,90.0,85.0,50.0,10.0,7.908629723749817,0.3440033881290343,-0.4654176725361353,1.1232128825549286,1.5071317521343799,0.30436039928776015,0.5014814814814815,0.4464444444444444,79.35,449,16.99254280709718,0.4156135093350368,0.3009279645495555,Low,48.0,43.0,52.0,47.0
GRID_126,80.0,100.0,85.0,50.0,10.0,7.908629723749817,0.3440033881290343,-0.4654176725361353,1.1232128825549286,1.5071317521343799,0.30436039928776015,0.5014814814814815,0.4464444444444444,79.35,449,16.99254280709718,0.4156135093350368,0.3009279645495555,Low,48.0,43.0,52.0,47.0
GRID_017,70.0,90.0,85.0,50.0,0.0,6.808326283617462,0.3202634853613866,-0.41925066011589773,1.1220268306259729,1.4101761682031844,0.28332541923489,0.4111111111111111,0.4042407407407407,69.05,394,16.239273855252527,0.3577904742378777,0.3470949769697931,Low,49.0,84.0,58.0,69.0
GRID_053,70.0,100.0,85.0,50.0,0.0,6.808326283617462,0.3202634853613866,-0.41925066011589773,1.1220268306259729,1.4101761682031844,0.28332541923489,0.4111111111111111,0.4042407407407407,69.05,394,16.239273855252527,0.3577904742378777,0.3470949769697931,Low,49.0,84.0,58.0,69.0
GRID_088,80.0,90.0,85.0,30.0,30.0,6.819225817272728,0.3205124729436981,-0.4491007592401388,1.1205979632050822,1.5484256792243065,0.2840789251619239,0.5103703703703704,0.4480740740740741,71.05,374,15.184177886518373,0.3583632654281109,0.317244877845552,Low,50.0,34.0,74.0,67.0
GRID_124,80.0,100.0,85.0,30.0,30.0,6.819225817272728,0.3205124729436981,-0.4491007592401388,1.1205979632050822,1.5484256792243065,0.2840789251619239,0.5103703703703704,0.4480740740740741,71.05,374,15.184177886518373,0.3583632654281109,0.317244877845552,Low,50.0,34.0,74.0,67.0
GRID_175,90.0,90.0,100.0,50.0,20.0,9.236632652055372,0.3694881450673857,-0.5095446926631564,1.1175110564089887,1.536856557190903,0.32992672451321653,0.5103703703703704,0.49803703703703706,85.45,440,18.127227670216186,0.48540258490432275,0.2568009444225344,Low,51.0,39.0,36.0,23.0
GRID_211,90.0,100.0,100.0,50.0,20.0,9.236632652055372,0.3694881450673857,-0.5095446926631564,1.1175110564089887,1.536856557190903,0.32992672451321653,0.5103703703703704,0.49803703703703706,85.45,440,18.127227670216186,0.48540258490432275,0.2568009444225344,Low,51.0,39.0,36.0,23.0
GRID_102,80.0,90.0,100.0,50.0,10.0,7.846331779746416,0.34272897793667445,-0.46541767253613586,1.115943701343,1.4979624657649593,0.30590785693564554,0.5014814814814815,0.4495925925925926,80.65,448,16.858688964238272,0.4123396340828099,0.30092796454955495,Low,52.0,45.0,54.0,50.0
GRID_138,80.0,100.0,100.0,50.0,10.0,7.846331779746416,0.34272897793667445,-0.46541767253613586,1.115943701343,1.4979624657649593,0.30590785693564554,0.5014814814814815,0.4495925925925926,80.65,448,16.858688964238272,0.4123396340828099,0.30092796454955495,Low,52.0,45.0,54.0,50.0
GRID_029,70.0,90.0,100.0,50.0,0.0,6.753722748768502,0.3190115858072584,-0.41925066011589796,1.113781119786066,1.4004196831017162,0.2849870062081516,0.4111111111111111,0.4073888888888888,70.35,392,16.10903307081615,0.3549209547972945,0.34709497696979286,Low,53.0,87.0,60.0,76.0
GRID_065,70.0,100.0,100.0,50.0,0.0,6.753722748768502,0.3190115858072584,-0.41925066011589796,1.113781119786066,1.4004196831017162,0.2849870062081516,0.4111111111111111,0.4073888888888888,70.35,392,16.10903307081615,0.3549209547972945,0.34709497696979286,Low,53.0,87.0,60.0,76.0
GRID_100,80.0,90.0,100.0,30.0,30.0,6.764546062111746,0.3192603372946945,-0.44910075924013937,1.1123993555488394,1.5372804577204635,0.28573613249552154,0.5103703703703704,0.4512222222222222,72.35,373,15.062424017178436,0.35548974046539955,0.31724487784555144,Low,54.0,38.0,75.0,75.0
GRID_136,80.0,100.0,100.0,30.0,30.0,6.764546062111746,0.3192603372946945,-0.44910075924013937,1.1123993555488394,1.5372804577204635,0.28573613249552154,0.5103703703703704,0.4512222222222222,72.35,373,15.062424017178436,0.35548974046539955,0.31724487784555144,Low,54.0,38.0,75.0,75.0
GRID_154,90.0,90.0,75.0,60.0,10.0,9.793277959503321,0.3793263362418533,-0.5203024679564349,1.111269616289162,1.4802726763896326,0.3417869176775784,0.5014814814814815,0.4880185185185186,89.35,441,18.8222785065154,0.5146553528002042,0.24604316912925595,Low,55.0,54.0,27.0,15.0
GRID_190,90.0,100.0,75.0,60.0,10.0,9.793277959503321,0.3793263362418533,-0.5203024679564349,1.111269616289162,1.4802726763896326,0.3417869176775784,0.5014814814814815,0.4880185185185186,89.35,441,18.8222785065154,0.5146553528002042,0.24604316912925595,Low,55.0,54.0,27.0,15.0
GRID_166,90.0,90.0,85.0,60.0,10.0,9.791224612413265,0.37929085973400567,-0.5203024679564345,1.1092550388596192,1.478727735094903,0.34264518678125466,0.5014814814814815,0.49035185185185176,89.35,441,18.818332057639008,0.5145474455116106,0.24604316912925628,Low,56.0,56.0,28.0,16.0
GRID_202,90.0,100.0,85.0,60.0,10.0,9.791224612413265,0.37929085973400567,-0.5203024679564345,1.1092550388596192,1.478727735094903,0.34264518678125466,0.5014814814814815,0.49035185185185176,89.35,441,18.818332057639008,0.5145474455116106,0.24604316912925628,Low,56.0,56.0,28.0,16.0
GRID_178,90.0,90.0,100.0,60.0,10.0,9.715761704257993,0.3779829892737072,-0.5203024679564343,1.1034086267014258,1.4718319563116606,0.3440206243737415,0.5014814814814815,0.49349999999999994,90.05,439,18.673295443740827,0.5105817263948267,0.2460431691292565,Low,57.0,59.0,30.0,18.0
GRID_214,90.0,100.0,100.0,60.0,10.0,9.715761704257993,0.3779829892737072,-0.5203024679564343,1.1034086267014258,1.4718319563116606,0.3440206243737415,0.5014814814814815,0.49349999999999994,90.05,439,18.673295443740827,0.5105817263948267,0.2460431691292565,Low,57.0,59.0,30.0,18.0
GRID_081,80.0,90.0,75.0,60.0,0.0,8.351778419063306,0.3528527018017831,-0.48842803257595935,1.1007045930904567,1.3669026590288833,0.3213655859418172,0.4111111111111111,0.4462592592592593,78.15,391,17.09930196884114,0.43890181474948675,0.27791760450973146,Low,58.0,93.0,49.0,42.0
GRID_117,80.0,100.0,75.0,60.0,0.0,8.351778419063306,0.3528527018017831,-0.48842803257595935,1.1007045930904567,1.3669026590288833,0.3213655859418172,0.4111111111111111,0.4462592592592593,78.15,391,17.09930196884114,0.43890181474948675,0.27791760450973146,Low,58.0,93.0,49.0,42.0
GRID_093,80.0,90.0,85.0,60.0,0.0,8.349999307372121,0.35281790620031295,-0.48842803257596046,1.0984048774206343,1.3654859269788016,0.322278302748001,0.4111111111111111,0.4485925925925926,78.55,390,17.09565944307983,0.43880831905183737,0.27791760450973035,Low,59.0,95.0,50.0,43.0
GRID_129,80.0,100.0,85.0,60.0,0.0,8.349999307372121,0.35281790620031295,-0.48842803257596046,1.0984048774206343,1.3654859269788016,0.322278302748001,0.4111111111111111,0.4485925925925926,78.55,390,17.09565944307983,0.43880831905183737,0.27791760450973035,Low,59.0,95.0,50.0,43.0
GRID_004,70.0,90.0,75.0,30.0,30.0,5.484270654047994,0.2875129257373037,-0.40974005480936415,1.0969758603353028,1.5196553574889968,0.2615652723516946,0.5103703703703704,0.42072222222222216,60.45,376,13.384755992673472,0.2882088367125265,0.35660558227632666,Low,60.0,40.0,93.0,102.0
GRID_040,70.0,100.0,75.0,30.0,30.0,5.484270654047994,0.2875129257373037,-0.40974005480936415,1.0969758603353028,1.5196553574889968,0.2615652723516946,0.5103703703703704,0.42072222222222216,60.45,376,13.384755992673472,0.2882088367125265,0.35660558227632666,Low,60.0,40.0,93.0,102.0
GRID_006,70.0,90.0,75.0,50.0,10.0,6.3876835936730725,0.3104168040104842,-0.427222780569689,1.0951945108479402,1.4667717506972804,0.28346932265493746,0.5014814814814815,0.41909259259259257,68.75,451,14.951645568045985,0.3356849021412458,0.3391228565160018,Low,61.0,60.0,76.0,82.0
GRID_042,70.0,100.0,75.0,50.0,10.0,6.3876835936730725,0.3104168040104842,-0.427222780569689,1.0951945108479402,1.4667717506972804,0.28346932265493746,0.5014814814814815,0.41909259259259257,68.75,451,14.951645568045985,0.3356849021412458,0.3391228565160018,Low,61.0,60.0,76.0,82.0
GRID_016,70.0,90.0,85.0,30.0,30.0,5.483037066038086,0.2874798106859824,-0.40974005480936404,1.0932985962147248,1.5154128318705733,0.26268603452346956,0.5103703703703704,0.4230555555555556,61.45,377,13.381745332633217,0.28814400932019935,0.35660558227632677,Low,62.0,41.0,94.0,103.0
GRID_052,70.0,100.0,85.0,30.0,30.0,5.483037066038086,0.2874798106859824,-0.40974005480936404,1.0932985962147248,1.5154128318705733,0.26268603452346956,0.5103703703703704,0.4230555555555556,61.45,377,13.381745332633217,0.28814400932019935,0.35660558227632677,Low,62.0,41.0,94.0,103.0
GRID_079,80.0,90.0,75.0,50.0,20.0,7.450764206101724,0.33445091950726025,-0.4839145067328511,1.0921788309914857,1.497766872422395,0.30732038731902694,0.5103703703703704,0.46798148148148144,74.25,450,15.396860607477052,0.39155180696177155,0.28243113035283973,Low,63.0,46.0,66.0,55.0
GRID_115,80.0,100.0,75.0,50.0,20.0,7.450764206101724,0.33445091950726025,-0.4839145067328511,1.0921788309914857,1.497766872422395,0.30732038731902694,0.5103703703703704,0.46798148148148144,74.25,450,15.396860607477052,0.39155180696177155,0.28243113035283973,Low,63.0,46.0,66.0,55.0
GRID_018,70.0,90.0,85.0,50.0,10.0,6.38627813754883,0.310383099867521,-0.4272227805696879,1.0921386059438998,1.4637079750650888,0.28450375034111386,0.5014814814814815,0.42142592592592587,69.75,452,14.948355818088476,0.33561104275315756,0.33912285651600294,Low,64.0,62.0,77.0,83.0
GRID_054,70.0,100.0,85.0,50.0,10.0,6.38627813754883,0.310383099867521,-0.4272227805696879,1.0921386059438998,1.4637079750650888,0.28450375034111386,0.5014814814814815,0.42142592592592587,69.75,452,14.948355818088476,0.33561104275315756,0.33912285651600294,Low,64.0,62.0,77.0,83.0
GRID_105,80.0,90.0,100.0,60.0,0.0,8.284614871005967,0.3515351379102214,-0.48842803257595957,1.0919450581873333,1.3585939931308533,0.32374017510659014,0.4111111111111111,0.45174074074074066,79.85,389,16.96179235928183,0.435372242765142,0.27791760450973124,Low,65.0,99.0,53.0,45.0
GRID_141,80.0,100.0,100.0,60.0,0.0,8.284614871005967,0.3515351379102214,-0.48842803257595957,1.0919450581873333,1.3585939931308533,0.32374017510659014,0.4111111111111111,0.45174074074074066,79.85,389,16.96179235928183,0.435372242765142,0.27791760450973124,Low,65.0,99.0,53.0,45.0
GRID_091,80.0,90.0,85.0,50.0,20.0,7.449156506183691,0.3344165972027606,-0.48391450673285097,1.0896524049867378,1.495381791546174,0.30827473324754234,0.5103703703703704,0.4703148148148148,74.65,449,15.39353832658722,0.3914673192782877,0.28243113035283984,Low,66.0,47.0,67.0,56.0
GRID_127,80.0,100.0,85.0,50.0,20.0,7.449156506183691,0.3344165972027606,-0.48391450673285097,1.0896524049867378,1.495381791546174,0.30827473324754234,0.5103703703703704,0.4703148148148148,74.65,449,15.39353832658722,0.3914673192782877,0.28243113035283984,Low,66.0,47.0,67.0,56.0
GRID_030,70.0,90.0,100.0,50.0,10.0,6.334625980474653,0.30914056908737697,-0.42722278056968876,1.0841264376191044,1.4533801597530855,0.28615846199984174,0.5014814814814815,0.42457407407407405,71.05000000000001,450,14.827453657849471,0.33289662381888174,0.33912285651600205,Low,67.0,63.0,80.0,86.0
GRID_066,70.0,100.0,100.0,50.0,10.0,6.334625980474653,0.30914056908737697,-0.42722278056968876,1.0841264376191044,1.4533801597530855,0.28615846199984174,0.5014814814814815,0.42457407407407405,71.05000000000001,450,14.827453657849471,0.33289662381888174,0.33912285651600205,Low,67.0,63.0,80.0,86.0
GRID_028,70.0,90.0,100.0,30.0,30.0,5.437701263267492,0.28625899725077186,-0.40974005480936415,1.0840584137429623,1.50243492066122,0.2644771664276733,0.5103703703703704,0.4262037037037037,62.75,375,13.271100053416646,0.2857615267984265,0.35660558227632666,Low,68.0,44.0,96.0,107.0
GRID_064,70.0,100.0,100.0,30.0,30.0,5.437701263267492,0.28625899725077186,-0.40974005480936415,1.0840584137429623,1.50243492066122,0.2644771664276733,0.5103703703703704,0.4262037037037037,62.75,375,13.271100053416646,0.2857615267984265,0.35660558227632666,Low,68.0,44.0,96.0,107.0
GRID_152,90.0,90.0,75.0,50.0,30.0,8.583918465657218,0.3573444988750012,-0.5264107283695464,1.0838918687056462,1.4944198103338167,0.33290020515844165,0.5103703703703704,0.5104444444444445,78.05,382,16.306503653989378,0.4511012149986046,0.23993490871614442,Low,69.0,48.0,55.0,28.0
GRID_188,90.0,100.0,75.0,50.0,30.0,8.583918465657218,0.3573444988750012,-0.5264107283695464,1.0838918687056462,1.4944198103338167,0.33290020515844165,0.5103703703703704,0.5104444444444445,78.05,382,16.306503653989378,0.4511012149986046,0.23993490871614442,Low,69.0,48.0,55.0,28.0
GRID_155,90.0,90.0,75.0,60.0,20.0,9.236601758345497,0.36948758633880274,-0.5346415080225684,1.082800262926684,1.4740593064015053,0.345279007330448,0.5103703703703704,0.5118888888888888,84.65,441,17.276252628622316,0.48540096138120614,0.23170412906312243,Low,70.0,57.0,42.0,24.0
GRID_191,90.0,100.0,75.0,60.0,20.0,9.236601758345497,0.36948758633880274,-0.5346415080225684,1.082800262926684,1.4740593064015053,0.345279007330448,0.5103703703703704,0.5118888888888888,84.65,441,17.276252628622316,0.48540096138120614,0.23170412906312243,Low,70.0,57.0,42.0,24.0
GRID_103,80.0,90.0,100.0,50.0,20.0,7.390071653044597,0.3331512773922971,-0.4839145067328502,1.0827111008597161,1.4864275347559122,0.30980261394990993,0.5103703703703704,0.4734629629629629,75.95,448,15.271440616522701,0.38836229805217815,0.2824311303528406,Low,71.0,52.0,71.0,59.0
GRID_139,80.0,100.0,100.0,50.0,20.0,7.390071653044597,0.3331512773922971,-0.4839145067328502,1.0827111008597161,1.4864275347559122,0.30980261394990993,0.5103703703703704,0.4734629629629629,75.95,448,15.271440616522701,0.38836229805217815,0.2824311303528406,Low,71.0,52.0,71.0,59.0
GRID_164,90.0,90.0,85.0,50.0,30.0,8.582095190914591,0.35730958774374577,-0.5264107283695478,1.0818198506779373,1.4927116231875113,0.33378136697461935,0.5103703703703704,0.5127777777777778,78.05,382,16.303040056755528,0.4510053984487427,0.23993490871614298,Low,72.0,49.0,56.0,29.0
GRID_200,90.0,100.0,85.0,50.0,30.0,8.582095190914591,0.35730958774374577,-0.5264107283695478,1.0818198506779373,1.4927116231875113,0.33378136697461935,0.5103703703703704,0.5127777777777778,78.05,382,16.303040056755528,0.4510053984487427,0.23993490871614298,Low,72.0,49.0,56.0,29.0
GRID_167,90.0,90.0,85.0,60.0,20.0,9.234654315083928,0.3694523628852753,-0.5346415080225686,1.0809036027169363,1.4726191378822928,0.34612862987776905,0.5103703703703704,0.5142222222222222,84.65,441,17.272610106984267,0.4852986195398956,0.2317041290631222,Low,73.0,58.0,43.0,25.0
GRID_203,90.0,100.0,85.0,60.0,20.0,9.234654315083928,0.3694523628852753,-0.5346415080225686,1.0809036027169363,1.4726191378822928,0.34612862987776905,0.5103703703703704,0.5142222222222222,84.65,441,17.272610106984267,0.4852986195398956,0.2317041290631222,Low,73.0,58.0,43.0,25.0
GRID_176,90.0,90.0,100.0,50.0,30.0,8.515087710735338,0.3560225603537217,-0.5264107283695474,1.075814895754291,1.4852205851167124,0.3351931031274877,0.5103703703703704,0.5159259259259259,78.75,380,16.17574880570753,0.44748402812774196,0.23993490871614342,Low,74.0,53.0,59.0,32.0
GRID_212,90.0,100.0,100.0,50.0,30.0,8.515087710735338,0.3560225603537217,-0.5264107283695474,1.075814895754291,1.4852205851167124,0.3351931031274877,0.5103703703703704,0.5159259259259259,78.75,380,16.17574880570753,0.44748402812774196,0.23993490871614342,Low,74.0,53.0,59.0,32.0
GRID_179,90.0,90.0,100.0,60.0,20.0,9.163083496542008,0.36815382147933207,-0.534641508022569,1.0752707463277618,1.4658343213561715,0.34749025678743667,0.5103703703703704,0.5173703703703704,85.35,439,17.138743174716623,0.48153743712281255,0.23170412906312177,Low,75.0,61.0,47.0,27.0
GRID_215,90.0,100.0,100.0,60.0,20.0,9.163083496542008,0.36815382147933207,-0.534641508022569,1.0752707463277618,1.4658343213561715,0.34749025678743667,0.5103703703703704,0.5173703703703704,85.35,439,17.138743174716623,0.48153743712281255,0.23170412906312177,Low,75.0,61.0,47.0,27.0
GRID_082,80.0,90.0,75.0,60.0,10.0,7.846305081903788,0.3427284301253901,-0.492945894603358,1.074875149183667,1.4255418667292625,0.3224071036287444,0.5014814814814815,0.46344444444444444,78.85,449,15.917172995663565,0.4123382310604844,0.2733997424823328,Low,76.0,75.0,61.0,51.0
GRID_118,80.0,100.0,75.0,60.0,10.0,7.846305081903788,0.3427284301253901,-0.492945894603358,1.074875149183667,1.4255418667292625,0.3224071036287444,0.5014814814814815,0.46344444444444444,78.85,449,15.917172995663565,0.4123382310604844,0.2733997424823328,Low,76.0,75.0,61.0,51.0
GRID_094,80.0,90.0,85.0,60.0,10.0,7.844622133047443,0.34269389492190827,-0.49294589460335814,1.0726654582502182,1.4237383337139717,0.3233168962990929,0.5014814814814815,0.46577777777777774,79.25,448,15.91375893161562,0.41224978890240527,0.2733997424823327,Low,77.0,76.0,62.0,52.0
GRID_130,80.0,100.0,85.0,60.0,10.0,7.844622133047443,0.34269389492190827,-0.49294589460335814,1.0726654582502182,1.4237383337139717,0.3233168962990929,0.5014814814814815,0.46577777777777774,79.25,448,15.91375893161562,0.41224978890240527,0.2733997424823327,Low,77.0,76.0,62.0,52.0
GRID_106,80.0,90.0,100.0,60.0,10.0,7.782771793381098,0.34142072641651566,-0.49294589460335836,1.0663575988720762,1.4162004685350706,0.32477406436088624,0.5014814814814815,0.4689259259259259,80.55,447,15.788288083103705,0.40899943610802697,0.27339974248233245,Low,78.0,79.0,63.0,54.0
GRID_142,80.0,100.0,100.0,60.0,10.0,7.782771793381098,0.34142072641651566,-0.49294589460335836,1.0663575988720762,1.4162004685350706,0.32477406436088624,0.5014814814814815,0.4689259259259259,80.55,447,15.788288083103705,0.40899943610802697,0.27339974248233245,Low,78.0,79.0,63.0,54.0
GRID_009,70.0,90.0,75.0,60.0,0.0,6.753699348372165,0.3190110476722787,-0.45291670869259315,1.065936769633712,1.318106347651512,0.30263013113056875,0.4111111111111111,0.4212407407407407,67.95,389,14.911570314700144,0.354919725062033,0.31342892839309766,Low,79.0,103.0,78.0,77.0
GRID_045,70.0,100.0,75.0,60.0,0.0,6.753699348372165,0.3190110476722787,-0.45291670869259315,1.065936769633712,1.318106347651512,0.30263013113056875,0.4111111111111111,0.4212407407407407,67.95,389,14.911570314700144,0.354919725062033,0.31342892839309766,Low,79.0,103.0,78.0,77.0
GRID_021,70.0,90.0,85.0,60.0,0.0,6.752224260261407,0.3189771224839064,-0.45291670869259204,1.0634020516919245,1.316359051326374,0.30359925201889754,0.4111111111111111,0.4235740740740741,68.95,390,14.908313450728402,0.3548422063808322,0.31342892839309877,Low,80.0,104.0,79.0,78.0
GRID_057,70.0,100.0,85.0,60.0,0.0,6.752224260261407,0.3189771224839064,-0.45291670869259204,1.0634020516919245,1.316359051326374,0.30359925201889754,0.4111111111111111,0.4235740740740741,68.95,390,14.908313450728402,0.3548422063808322,0.31342892839309877,Low,80.0,104.0,79.0,78.0
GRID_007,70.0,90.0,75.0,50.0,20.0,6.006654989229454,0.301069586557549,-0.4470411784387688,1.0585349936664235,1.450589328616858,0.28766628505215514,0.5103703703703704,0.44296296296296295,64.05000000000001,451,13.436469119482211,0.3156611254591383,0.31930445864692203,Low,81.0,64.0,91.0,91.0
GRID_043,70.0,100.0,75.0,50.0,20.0,6.006654989229454,0.301069586557549,-0.4470411784387688,1.0585349936664235,1.450589328616858,0.28766628505215514,0.5103703703703704,0.44296296296296295,64.05000000000001,451,13.436469119482211,0.3156611254591383,0.31930445864692203,Low,81.0,64.0,91.0,91.0
GRID_033,70.0,90.0,100.0,60.0,0.0,6.6980130462090175,0.31772644268411576,-0.4529167086925926,1.0564049748723676,1.3086978108406522,0.30515048667493394,0.4111111111111111,0.4267222222222223,70.25,388,14.788619888949933,0.3519933041430696,0.3134289283930982,Low,82.0,105.0,81.0,81.0
GRID_069,70.0,100.0,100.0,60.0,0.0,6.6980130462090175,0.31772644268411576,-0.4529167086925926,1.0564049748723676,1.3086978108406522,0.30515048667493394,0.4111111111111111,0.4267222222222223,70.25,388,14.788619888949933,0.3519933041430696,0.3134289283930982,Low,82.0,105.0,81.0,81.0
GRID_019,70.0,90.0,85.0,50.0,20.0,6.005322021183316,0.3010361228266065,-0.44704117843876867,1.0557098035043864,1.4477398031893398,0.2886856893172201,0.5103703703703704,0.4452962962962963,65.05,452,13.433487362743847,0.3155910754571989,0.31930445864692214,Low,83.0,66.0,92.0,92.0
GRID_055,70.0,100.0,85.0,50.0,20.0,6.005322021183316,0.3010361228266065,-0.44704117843876867,1.0557098035043864,1.4477398031893398,0.2886856893172201,0.5103703703703704,0.4452962962962963,65.05,452,13.433487362743847,0.3155910754571989,0.31930445864692214,Low,83.0,66.0,92.0,92.0
GRID_031,70.0,90.0,100.0,50.0,20.0,5.95633388579833,0.29980245503216163,-0.4470411784387692,1.0481067945183078,1.4377070768882014,0.2903165389768788,0.5103703703703704,0.4484444444444444,66.35,450,13.323904313692129,0.3130166559212846,0.3193044586469216,Low,84.0,70.0,95.0,95.0
GRID_067,70.0,100.0,100.0,50.0,20.0,5.95633388579833,0.29980245503216163,-0.4470411784387692,1.0481067945183078,1.4377070768882014,0.2903165389768788,0.5103703703703704,0.4484444444444444,66.35,450,13.323904313692129,0.3130166559212846,0.3193044586469216,Low,84.0,70.0,95.0,95.0
GRID_080,80.0,90.0,75.0,50.0,30.0,6.855098974139268,0.32132984068115067,-0.5016619267867954,1.0466273560643418,1.439588426155891,0.3129650589718985,0.5103703703703704,0.48587037037037034,67.55000000000001,390,13.664778226338592,0.3602484679394203,0.26468371029889537,Low,85.0,68.0,88.0,64.0
GRID_116,80.0,100.0,75.0,50.0,30.0,6.855098974139268,0.32132984068115067,-0.5016619267867954,1.0466273560643418,1.439588426155891,0.3129650589718985,0.5103703703703704,0.48587037037037034,67.55000000000001,390,13.664778226338592,0.3602484679394203,0.26468371029889537,Low,85.0,68.0,88.0,64.0
GRID_083,80.0,90.0,75.0,60.0,20.0,7.390046332175048,0.33315073348855595,-0.5103228300610783,1.0444428556346088,1.416333108540971,0.32610512373520606,0.5103703703703704,0.4873148148148148,74.15,449,14.481120374901838,0.38836096739240267,0.25602280702461255,Low,86.0,78.0,82.0,60.0
GRID_119,80.0,100.0,75.0,60.0,20.0,7.390046332175048,0.33315073348855595,-0.5103228300610783,1.0444428556346088,1.416333108540971,0.32610512373520606,0.5103703703703704,0.4873148148148148,74.15,449,14.481120374901838,0.38836096739240267,0.25602280702461255,Low,86.0,78.0,82.0,60.0
GRID_092,80.0,90.0,85.0,50.0,30.0,6.85360459544531,0.3212958558530281,-0.501661926786795,1.0443418678521226,1.4375684076132407,0.31390226267992744,0.5103703703703704,0.48820370370370375,67.94999999999999,389,13.661799370232204,0.3601699355014423,0.2646837102988958,Low,87.0,71.0,89.0,65.0
GRID_128,80.0,100.0,85.0,50.0,30.0,6.85360459544531,0.3212958558530281,-0.501661926786795,1.0443418678521226,1.4375684076132407,0.31390226267992744,0.5103703703703704,0.48820370370370375,67.94999999999999,389,13.661799370232204,0.3601699355014423,0.2646837102988958,Low,87.0,71.0,89.0,65.0
GRID_156,90.0,90.0,75.0,60.0,30.0,8.515058994616501,0.3560220071188742,-0.5506445012098209,1.0441379245806997,1.4281957949403281,0.35031499398673227,0.5103703703703704,0.5297777777777778,77.95,381,15.463804643300836,0.44748251904116926,0.21570113587586992,Low,88.0,73.0,64.0,33.0
GRID_192,90.0,100.0,75.0,60.0,30.0,8.515058994616501,0.3560220071188742,-0.5506445012098209,1.0441379245806997,1.4281957949403281,0.35031499398673227,0.5103703703703704,0.5297777777777778,77.95,381,15.463804643300836,0.44748251904116926,0.21570113587586992,Low,88.0,73.0,64.0,33.0
GRID_168,90.0,90.0,85.0,60.0,30.0,8.513248819915937,0.35598713000233295,-0.5506445012098209,1.0423981244290708,1.4269804923518845,0.35115244867614687,0.5103703703703704,0.5321111111111111,77.94999999999999,381,15.460517268784997,0.4473873909233928,0.21570113587586992,Low,89.0,74.0,65.0,34.0
GRID_204,90.0,100.0,85.0,60.0,30.0,8.513248819915937,0.35598713000233295,-0.5506445012098209,1.0423981244290708,1.4269804923518845,0.35115244867614687,0.5103703703703704,0.5321111111111111,77.94999999999999,381,15.460517268784997,0.4473873909233928,0.21570113587586992,Low,89.0,74.0,65.0,34.0
GRID_095,80.0,90.0,85.0,60.0,20.0,7.38845018341598,0.3331164446250612,-0.5103228300610779,1.042375572038951,1.4146543735935222,0.3270046410644618,0.5103703703703704,0.4896481481481481,74.55000000000001,448,14.477992651302106,0.3882770867442564,0.2560228070246129,Low,90.0,82.0,83.0,61.0
GRID_131,80.0,100.0,85.0,60.0,20.0,7.38845018341598,0.3331164446250612,-0.5103228300610779,1.042375572038951,1.4146543735935222,0.3270046410644618,0.5103703703703704,0.4896481481481481,74.55000000000001,448,14.477992651302106,0.3882770867442564,0.2560228070246129,Low,90.0,82.0,83.0,61.0
GRID_010,70.0,90.0,75.0,60.0,10.0,6.334603844894033,0.3091400349796092,-0.4577481830207647,1.038420174917631,1.3717168728249438,0.30373388257756073,0.5014814814814815,0.43842592592592594,68.64999999999999,447,13.838621495099805,0.33289546055208785,0.3085974540649261,Low,91.0,91.0,85.0,87.0
GRID_046,70.0,100.0,75.0,60.0,10.0,6.334603844894033,0.3091400349796092,-0.4577481830207647,1.038420174917631,1.3717168728249438,0.30373388257756073,0.5014814814814815,0.43842592592592594,68.64999999999999,447,13.838621495099805,0.33289546055208785,0.3085974540649261,Low,91.0,91.0,85.0,87.0
GRID_104,80.0,90.0,100.0,50.0,30.0,6.79868442988856,0.3200429773850899,-0.5016619267867953,1.0378336803971726,1.4293014232267072,0.31540284944692554,0.5103703703703704,0.4913518518518519,69.25,388,13.552322922799718,0.35728377651592846,0.2646837102988955,Low,92.0,72.0,90.0,70.0
GRID_140,80.0,100.0,100.0,50.0,30.0,6.79868442988856,0.3200429773850899,-0.5016619267867953,1.0378336803971726,1.4293014232267072,0.31540284944692554,0.5103703703703704,0.4913518518518519,69.25,388,13.552322922799718,0.35728377651592846,0.2646837102988955,Low,92.0,72.0,90.0,70.0
GRID_180,90.0,90.0,100.0,60.0,30.0,8.446722781607983,0.35470135659249835,-0.5506445012098217,1.03705145474587,1.420612027113693,0.35249463942689846,0.5103703703703704,0.5352592592592592,78.65,379,15.339702408813089,0.4438913212869178,0.21570113587586914,Low,93.0,77.0,70.0,36.0
GRID_216,90.0,100.0,100.0,60.0,30.0,8.446722781607983,0.35470135659249835,-0.5506445012098217,1.03705145474587,1.420612027113693,0.35249463942689846,0.5103703703703704,0.5352592592592592,78.65,379,15.339702408813089,0.4438913212869178,0.21570113587586914,Low,93.0,77.0,70.0,36.0
GRID_107,80.0,90.0,100.0,60.0,20.0,7.329789848885683,0.331852357644598,-0.5103228300610787,1.0363246039745289,1.4072614243107349,0.3284454245345902,0.5103703703703704,0.49279629629629634,75.85,447,14.363045149299722,0.38519437477713897,0.2560228070246121,Low,94.0,86.0,84.0,63.0
GRID_143,80.0,100.0,100.0,60.0,20.0,7.329789848885683,0.331852357644598,-0.5103228300610787,1.0363246039745289,1.4072614243107349,0.3284454245345902,0.5103703703703704,0.49279629629629634,75.85,447,14.363045149299722,0.38519437477713897,0.2560228070246121,Low,94.0,86.0,84.0,63.0
GRID_022,70.0,90.0,85.0,60.0,10.0,6.3332084868277985,0.3091063636753608,-0.45774818302076525,1.035994034465933,1.3696130654834262,0.3046995099303017,0.5014814814814815,0.4407592592592592,69.65,448,13.835573185749816,0.33282213183612264,0.30859745406492556,Low,95.0,92.0,86.0,88.0
GRID_058,70.0,100.0,85.0,60.0,10.0,6.3332084868277985,0.3091063636753608,-0.45774818302076525,1.035994034465933,1.3696130654834262,0.3046995099303017,0.5014814814814815,0.4407592592592592,69.65,448,13.835573185749816,0.33282213183612264,0.30859745406492556,Low,95.0,92.0,86.0,88.0
GRID_034,70.0,90.0,100.0,60.0,10.0,6.281927445203697,0.30786504352134525,-0.4577481830207649,1.0291797578831599,1.3613498780007325,0.3062451402657325,0.5014814814814815,0.4439074074074074,70.94999999999999,446,13.723544250352006,0.33012721572344317,0.3085974540649259,Low,96.0,97.0,87.0,90.0
GRID_070,70.0,100.0,100.0,60.0,10.0,6.281927445203697,0.30786504352134525,-0.4577481830207649,1.0291797578831599,1.3613498780007325,0.3062451402657325,0.5014814814814815,0.4439074074074074,70.94999999999999,446,13.723544250352006,0.33012721572344317,0.3085974540649259,Low,96.0,97.0,87.0,90.0
GRID_008,70.0,90.0,75.0,50.0,30.0,5.512780036899434,0.28827673194302283,-0.4660566179479396,1.00928609273297,1.385744312970375,0.2936865990825489,0.5103703703703704,0.46085185185185185,57.35000000000001,391,11.828562935491313,0.2897070589165931,0.3002890191377512,Low,97.0,88.0,103.0,100.0
GRID_044,70.0,100.0,75.0,50.0,30.0,5.512780036899434,0.28827673194302283,-0.4660566179479396,1.00928609273297,1.385744312970375,0.2936865990825489,0.5103703703703704,0.46085185185185185,57.35000000000001,391,11.828562935491313,0.2897070589165931,0.3002890191377512,Low,97.0,88.0,103.0,100.0
GRID_020,70.0,90.0,85.0,50.0,30.0,5.51154102517502,0.2882435972464763,-0.46605661794793907,1.0067600455464154,1.3833537832079943,0.29468519783472696,0.5103703703703704,0.46318518518518514,58.35000000000001,392,11.825904435050179,0.2896419464977698,0.30028901913775174,Low,98.0,89.0,104.0,101.0
GRID_056,70.0,100.0,85.0,50.0,30.0,5.51154102517502,0.2882435972464763,-0.46605661794793907,1.0067600455464154,1.3833537832079943,0.29468519783472696,0.5103703703703704,0.46318518518518514,58.35000000000001,392,11.825904435050179,0.2896419464977698,0.30028901913775174,Low,98.0,89.0,104.0,101.0
GRID_011,70.0,90.0,75.0,60.0,20.0,5.956312891886719,0.29980192473419054,-0.475336326311538,1.00584872550091,1.3591431904919058,0.30765478614167335,0.5103703703703704,0.4622962962962963,63.95,447,12.530733634657913,0.313015552651365,0.2910093107741528,Low,99.0,98.0,100.0,96.0
GRID_047,70.0,100.0,75.0,60.0,20.0,5.956312891886719,0.29980192473419054,-0.475336326311538,1.00584872550091,1.3591431904919058,0.30765478614167335,0.5103703703703704,0.4622962962962963,63.95,447,12.530733634657913,0.313015552651365,0.2910093107741528,Low,99.0,98.0,100.0,96.0
GRID_023,70.0,90.0,85.0,60.0,20.0,5.954989501079266,0.29976849360772606,-0.475336326311538,1.0035951687499083,1.3571908061295888,0.3086081592426654,0.5103703703703704,0.4646296296296296,64.94999999999999,448,12.527949520054847,0.3129460059515043,0.2910093107741528,Low,100.0,101.0,101.0,97.0
GRID_059,70.0,100.0,85.0,60.0,20.0,5.954989501079266,0.29976849360772606,-0.475336326311538,1.0035951687499083,1.3571908061295888,0.3086081592426654,0.5103703703703704,0.4646296296296296,64.94999999999999,448,12.527949520054847,0.3129460059515043,0.2910093107741528,Low,100.0,101.0,101.0,97.0
GRID_084,80.0,90.0,75.0,60.0,30.0,6.798660893799815,0.32004243882931926,-0.5271621067683484,1.003248901632101,1.366312040650915,0.3314303529069224,0.5103703703703704,0.5052037037037037,67.45,389,12.896717739212164,0.3572825396497733,0.2391835303173424,Low,101.0,94.0,97.0,71.0
GRID_120,80.0,100.0,75.0,60.0,30.0,6.798660893799815,0.32004243882931926,-0.5271621067683484,1.003248901632101,1.366312040650915,0.3314303529069224,0.5103703703703704,0.5052037037037037,67.45,389,12.896717739212164,0.3572825396497733,0.2391835303173424,Low,101.0,94.0,97.0,71.0
GRID_096,80.0,90.0,85.0,60.0,30.0,6.797177252063499,0.32000848711339147,-0.5271621067683484,1.0013696230687972,1.3648993277045312,0.3323154737003954,0.5103703703703704,0.5075370370370371,67.85,388,12.893903345466356,0.3572045714593073,0.2391835303173424,Low,102.0,96.0,98.0,72.0
GRID_132,80.0,100.0,85.0,60.0,30.0,6.797177252063499,0.32000848711339147,-0.5271621067683484,1.0013696230687972,1.3648993277045312,0.3323154737003954,0.5103703703703704,0.5075370370370371,67.85,388,12.893903345466356,0.3572045714593073,0.2391835303173424,Low,102.0,96.0,98.0,72.0
GRID_032,70.0,90.0,100.0,50.0,30.0,5.466005894549836,0.2870220595739714,-0.4660566179479392,0.9996919107216158,1.374191670534879,0.2962829895254796,0.5103703703703704,0.4663333333333333,59.650000000000006,390,11.728201433158096,0.28724898891874323,0.30028901913775163,Low,103.0,90.0,105.0,104.0
GRID_068,70.0,100.0,100.0,50.0,30.0,5.466005894549836,0.2870220595739714,-0.4660566179479392,0.9996919107216158,1.374191670534879,0.2962829895254796,0.5103703703703704,0.4663333333333333,59.650000000000006,390,11.728201433158096,0.28724898891874323,0.30028901913775163,Low,103.0,90.0,105.0,104.0
GRID_035,70.0,90.0,100.0,60.0,20.0,5.90635334042176,0.29853602780399924,-0.47533632631153755,0.9970909292184692,1.3491188980975888,0.31013428495856027,0.5103703703703704,0.4677777777777778,66.25,446,12.425630050733194,0.31039008335586854,0.29100931077415326,Low,104.0,102.0,102.0,99.0
GRID_071,70.0,100.0,100.0,60.0,20.0,5.90635334042176,0.29853602780399924,-0.47533632631153755,0.9970909292184692,1.3491188980975888,0.31013428495856027,0.5103703703703704,0.4677777777777778,66.25,446,12.425630050733194,0.31039008335586854,0.29100931077415326,Low,104.0,102.0,102.0,99.0
GRID_108,80.0,90.0,100.0,60.0,30.0,6.742651682262504,0.31875682935356986,-0.5271621067683481,0.9956604492591873,1.3580057950101816,0.33373329793869244,0.5103703703703704,0.5106851851851851,69.15,387,12.790471082219574,0.35433914923003906,0.23918353031734274,Low,105.0,100.0,99.0,79.0
GRID_144,80.0,100.0,100.0,60.0,30.0,6.742651682262504,0.31875682935356986,-0.5271621067683481,0.9956604492591873,1.3580057950101816,0.33373329793869244,0.5103703703703704,0.5106851851851851,69.15,387,12.790471082219574,0.35433914923003906,0.23918353031734274,Low,105.0,100.0,99.0,79.0
GRID_012,70.0,90.0,75.0,60.0,30.0,5.465986380426674,0.2870215344901912,-0.49337873735674687,0.9619254557170382,1.3044816790521931,0.31329157950243514,0.5103703703703704,0.48018518518518516,57.25,387,11.078682493920262,0.2872479634145166,0.27296689972894395,Low,106.0,106.0,106.0,105.0
GRID_048,70.0,100.0,75.0,60.0,30.0,5.465986380426674,0.2870215344901912,-0.49337873735674687,0.9619254557170382,1.3044816790521931,0.31329157950243514,0.5103703703703704,0.48018518518518516,57.25,387,11.078682493920262,0.2872479634145166,0.27296689972894395,Low,106.0,106.0,106.0,105.0
GRID_024,70.0,90.0,85.0,60.0,30.0,5.464756270874401,0.28698843207753644,-0.49337873735674587,0.9598977613372595,1.3028480598989525,0.3142278695210942,0.5103703703703704,0.4825185185185184,58.25,388,11.076189258077038,0.28718331882174325,0.27296689972894495,Low,107.0,107.0,107.0,106.0
GRID_060,70.0,100.0,85.0,60.0,30.0,5.464756270874401,0.28698843207753644,-0.49337873735674587,0.9598977613372595,1.3028480598989525,0.3142278695210942,0.5103703703703704,0.4825185185185184,58.25,388,11.076189258077038,0.28718331882174325,0.27296689972894495,Low,107.0,107.0,107.0,106.0
GRID_036,70.0,90.0,100.0,60.0,30.0,5.419548305491659,0.28576808457709335,-0.4933787373567461,0.953802638144015,1.2953814584298091,0.31572679837429884,0.5103703703703704,0.48566666666666664,59.550000000000004,386,10.98455992353185,0.2848075543974468,0.2729668997289447,Low,108.0,108.0,108.0,108.0
GRID_072,70.0,100.0,100.0,60.0,30.0,5.419548305491659,0.28576808457709335,-0.4933787373567461,0.953802638144015,1.2953814584298091,0.31572679837429884,0.5103703703703704,0.48566666666666664,59.550000000000004,386,10.98455992353185,0.2848075543974468,0.2729668997289447,Low,108.0,108.0,108.0,108.0
