variant_key,start_date,end_date,taxonomy_v4,btc_allocation,cash_allocation,allocation_posture,confidence,ml_probability,risk_score,explanation
C_Trend_Preserving_v2,2026-05-31,2026-06-04,Constructive Drift,90.0,10.0,Full risk-on,0.2946128471807154,0.5288445066982769,0.0,"Base BTC allocation starts at 90.0% from the `Constructive Drift` rule. Confidence is low at 29.46%, applying a -5.0 percentage point confidence adjustment. ML probability at 52.88% does not trigger an extra allocation change. Astro momentum is supportive at 1.65, applying a +5.0 point momentum adjustment. The 30D, 90D, and 365D outlooks do not fully align positively, so no alignment bonus was applied."
C_Trend_Preserving_v2,2026-06-05,2026-07-04,High Conviction Expansion,100.0,0.0,Full risk-on,0.4010953918067847,0.6124937382406429,0.1333333333333333,"Base BTC allocation starts at 100.0% from the `High Conviction Expansion` rule. Confidence at 40.11% sits in the neutral adjustment band. ML probability is bullish at 61.25%, applying a +5.0 percentage point ML adjustment. Astro momentum is neutral-to-positive at 1.24, so no momentum adjustment was applied. The 30D, 90D, and 365D outlooks do not fully align positively, so no alignment bonus was applied."
C_Trend_Preserving_v2,2026-07-05,2026-07-14,Constructive Drift,85.0,15.0,Aggressive risk-on,0.2700484756640656,0.4584276100126921,0.15,"Base BTC allocation starts at 90.0% from the `Constructive Drift` rule. Confidence is low at 27.00%, applying a -5.0 percentage point confidence adjustment. ML probability at 45.84% does not trigger an extra allocation change. Astro momentum is neutral-to-positive at 0.62, so no momentum adjustment was applied. The 30D, 90D, and 365D outlooks do not fully align positively, so no alignment bonus was applied."
C_Trend_Preserving_v2,2026-07-15,2026-07-31,Recovery / Reversal Setup,70.0,30.0,Measured risk-on,0.3805683042911,0.3448980321170745,0.5588235294117647,"Base BTC allocation starts at 75.0% from the `Recovery / Reversal Setup` rule. Confidence at 38.06% sits in the neutral adjustment band. ML probability is weak at 34.49%, applying a -5.0 percentage point ML adjustment. Astro momentum is neutral-to-positive at 0.05, so no momentum adjustment was applied. The 30D, 90D, and 365D outlooks do not fully align positively, so no alignment bonus was applied. Risk level is Medium, so BTC allocation is capped at 70.0%."
C_Trend_Preserving_v2,2026-08-01,2026-08-19,Constructive Drift,85.0,15.0,Aggressive risk-on,0.2771938732793727,0.5350015293610205,0.1842105263157894,"Base BTC allocation starts at 90.0% from the `Constructive Drift` rule. Confidence is low at 27.72%, applying a -5.0 percentage point confidence adjustment. ML probability at 53.50% does not trigger an extra allocation change. Astro momentum is neutral-to-positive at 0.32, so no momentum adjustment was applied. The 30D, 90D, and 365D outlooks do not fully align positively, so no alignment bonus was applied."
C_Trend_Preserving_v2,2026-08-20,2026-09-27,Transition / Low Conviction,60.0,40.0,Measured risk-on,0.4011838973974054,0.5983071018598617,0.282051282051282,"Base BTC allocation starts at 60.0% from the `Transition / Low Conviction` rule. Confidence at 40.12% sits in the neutral adjustment band. ML probability at 59.83% does not trigger an extra allocation change. Astro momentum is neutral-to-positive at 0.03, so no momentum adjustment was applied. The 30D, 90D, and 365D outlooks do not fully align positively, so no alignment bonus was applied."
C_Trend_Preserving_v2,2026-09-28,2026-10-02,Constructive Drift,70.0,30.0,Measured risk-on,0.3760236188139446,0.5678010048353761,0.4,"Base BTC allocation starts at 90.0% from the `Constructive Drift` rule. Confidence at 37.60% sits in the neutral adjustment band. ML probability at 56.78% does not trigger an extra allocation change. Astro momentum is neutral-to-positive at 0.42, so no momentum adjustment was applied. The 30D, 90D, and 365D outlooks do not fully align positively, so no alignment bonus was applied. Risk level is Medium, so BTC allocation is capped at 70.0%."
C_Trend_Preserving_v2,2026-10-03,2026-10-12,Transition / Low Conviction,60.0,40.0,Measured risk-on,0.3942280595897299,0.5812406874145594,0.45,"Base BTC allocation starts at 60.0% from the `Transition / Low Conviction` rule. Confidence at 39.42% sits in the neutral adjustment band. ML probability at 58.12% does not trigger an extra allocation change. Astro momentum is neutral-to-positive at 0.52, so no momentum adjustment was applied. The 30D, 90D, and 365D outlooks do not fully align positively, so no alignment bonus was applied. Risk level is Medium, so BTC allocation is capped at 70.0%."
C_Trend_Preserving_v2,2026-10-13,2026-11-14,Constructive Drift,70.0,30.0,Measured risk-on,0.3129660543423301,0.4996439747852414,0.696969696969697,"Base BTC allocation starts at 90.0% from the `Constructive Drift` rule. Confidence at 31.30% sits in the neutral adjustment band. ML probability at 49.96% does not trigger an extra allocation change. Astro momentum is supportive at 2.02, applying a +5.0 point momentum adjustment. The 30D, 90D, and 365D outlooks do not fully align positively, so no alignment bonus was applied. Risk level is Medium, so BTC allocation is capped at 70.0%."
C_Trend_Preserving_v2,2026-11-15,2026-11-22,Volatility Caution,5.0,95.0,Defensive exposure,0.3995969753095416,0.4237595165873582,1.0,"Base BTC allocation starts at 10.0% from the `Volatility Caution` rule. Confidence at 39.96% sits in the neutral adjustment band. ML probability is weak at 42.38%, applying a -5.0 percentage point ML adjustment. Astro momentum is neutral-to-positive at 0.28, so no momentum adjustment was applied. The 30D, 90D, and 365D outlooks do not fully align positively, so no alignment bonus was applied. Risk level is High, so BTC allocation is capped at 35.0%."
C_Trend_Preserving_v2,2026-11-23,2026-12-12,Constructive Drift,90.0,10.0,Full risk-on,0.3374921178077709,0.5004525797637425,0.1,"Base BTC allocation starts at 90.0% from the `Constructive Drift` rule. Confidence at 33.75% sits in the neutral adjustment band. ML probability at 50.05% does not trigger an extra allocation change. Astro momentum is neutral-to-positive at 1.13, so no momentum adjustment was applied. The 30D, 90D, and 365D outlooks do not fully align positively, so no alignment bonus was applied."
C_Trend_Preserving_v2,2026-12-13,2026-12-13,Constructive Drift,95.0,5.0,Full risk-on,0.384772656178461,0.5715908396708752,0.0,"Base BTC allocation starts at 90.0% from the `Constructive Drift` rule. Confidence at 38.48% sits in the neutral adjustment band. ML probability at 57.16% does not trigger an extra allocation change. Astro momentum is supportive at 1.53, applying a +5.0 point momentum adjustment. The 30D, 90D, and 365D outlooks do not fully align positively, so no alignment bonus was applied."
C_Trend_Preserving_v2,2026-12-14,2026-12-14,Constructive Drift,95.0,5.0,Full risk-on,0.3822541682318452,0.5690004660629036,0.0,"Base BTC allocation starts at 90.0% from the `Constructive Drift` rule. Confidence at 38.23% sits in the neutral adjustment band. ML probability at 56.90% does not trigger an extra allocation change. Astro momentum is supportive at 1.56, applying a +5.0 point momentum adjustment. The 30D, 90D, and 365D outlooks do not fully align positively, so no alignment bonus was applied."
C_Trend_Preserving_v2,2026-12-15,2026-12-15,Constructive Drift,95.0,5.0,Full risk-on,0.3823819845606367,0.5703614095301367,0.0,"Base BTC allocation starts at 90.0% from the `Constructive Drift` rule. Confidence at 38.24% sits in the neutral adjustment band. ML probability at 57.04% does not trigger an extra allocation change. Astro momentum is supportive at 1.58, applying a +5.0 point momentum adjustment. The 30D, 90D, and 365D outlooks do not fully align positively, so no alignment bonus was applied."
C_Trend_Preserving_v2,2026-12-16,2026-12-21,Constructive Drift,95.0,5.0,Full risk-on,0.3808677734699948,0.5673357561003916,0.0,"Base BTC allocation starts at 90.0% from the `Constructive Drift` rule. Confidence at 38.09% sits in the neutral adjustment band. ML probability at 56.73% does not trigger an extra allocation change. Astro momentum is supportive at 1.66, applying a +5.0 point momentum adjustment. The 30D, 90D, and 365D outlooks do not fully align positively, so no alignment bonus was applied."
C_Trend_Preserving_v2,2026-12-22,2026-12-22,Constructive Drift,70.0,30.0,Measured risk-on,0.3860302291766703,0.5716267341883866,0.5,"Base BTC allocation starts at 90.0% from the `Constructive Drift` rule. Confidence at 38.60% sits in the neutral adjustment band. ML probability at 57.16% does not trigger an extra allocation change. Astro momentum is supportive at 1.58, applying a +5.0 point momentum adjustment. The 30D, 90D, and 365D outlooks do not fully align positively, so no alignment bonus was applied. Risk level is Medium, so BTC allocation is capped at 70.0%."
C_Trend_Preserving_v2,2026-12-23,2026-12-27,Constructive Drift,95.0,5.0,Full risk-on,0.3799200359373462,0.5678679156207153,0.1,"Base BTC allocation starts at 90.0% from the `Constructive Drift` rule. Confidence at 37.99% sits in the neutral adjustment band. ML probability at 56.79% does not trigger an extra allocation change. Astro momentum is supportive at 1.66, applying a +5.0 point momentum adjustment. The 30D, 90D, and 365D outlooks do not fully align positively, so no alignment bonus was applied."
C_Trend_Preserving_v2,2026-12-28,2027-01-03,Transition / Low Conviction,65.0,35.0,Measured risk-on,0.3901485515131684,0.5761467331234942,0.1428571428571428,"Base BTC allocation starts at 60.0% from the `Transition / Low Conviction` rule. Confidence at 39.01% sits in the neutral adjustment band. ML probability at 57.61% does not trigger an extra allocation change. Astro momentum is supportive at 2.10, applying a +5.0 point momentum adjustment. The 30D, 90D, and 365D outlooks do not fully align positively, so no alignment bonus was applied."
C_Trend_Preserving_v2,2027-01-04,2027-01-18,Constructive Drift,70.0,30.0,Measured risk-on,0.327168357744309,0.4972749960317895,0.4,"Base BTC allocation starts at 90.0% from the `Constructive Drift` rule. Confidence at 32.72% sits in the neutral adjustment band. ML probability at 49.73% does not trigger an extra allocation change. Astro momentum is supportive at 4.01, applying a +5.0 point momentum adjustment. The 30D, 90D, and 365D outlooks do not fully align positively, so no alignment bonus was applied. Risk level is Medium, so BTC allocation is capped at 70.0%."
C_Trend_Preserving_v2,2027-01-19,2027-02-06,Transition / Low Conviction,70.0,30.0,Measured risk-on,0.327107577482826,0.6114705510670643,0.5,"Base BTC allocation starts at 60.0% from the `Transition / Low Conviction` rule. Confidence at 32.71% sits in the neutral adjustment band. ML probability is bullish at 61.15%, applying a +5.0 percentage point ML adjustment. Astro momentum is supportive at 7.14, applying a +5.0 point momentum adjustment. The 30D, 90D, and 365D outlooks do not fully align positively, so no alignment bonus was applied. Risk level is Medium, so BTC allocation is capped at 70.0%."
C_Trend_Preserving_v2,2027-02-07,2027-02-12,Constructive Drift,70.0,30.0,Measured risk-on,0.2831389560736219,0.4593325430527157,0.5,"Base BTC allocation starts at 90.0% from the `Constructive Drift` rule. Confidence is low at 28.31%, applying a -5.0 percentage point confidence adjustment. ML probability at 45.93% does not trigger an extra allocation change. Astro momentum is supportive at 4.59, applying a +5.0 point momentum adjustment. The 30D, 90D, and 365D outlooks do not fully align positively, so no alignment bonus was applied. Risk level is Medium, so BTC allocation is capped at 70.0%."
C_Trend_Preserving_v2,2027-02-13,2027-02-13,Volatility Caution,10.0,90.0,Defensive exposure,0.3462933744757606,0.4291547221408482,1.0,"Base BTC allocation starts at 10.0% from the `Volatility Caution` rule. Confidence at 34.63% sits in the neutral adjustment band. ML probability is weak at 42.92%, applying a -5.0 percentage point ML adjustment. Astro momentum is supportive at 3.85, applying a +5.0 point momentum adjustment. The 30D, 90D, and 365D outlooks do not fully align positively, so no alignment bonus was applied. Risk level is High, so BTC allocation is capped at 35.0%."
C_Trend_Preserving_v2,2027-02-14,2027-02-14,Constructive Drift,70.0,30.0,Measured risk-on,0.3439602321728631,0.4313873584286473,0.5,"Base BTC allocation starts at 90.0% from the `Constructive Drift` rule. Confidence at 34.40% sits in the neutral adjustment band. ML probability is weak at 43.14%, applying a -5.0 percentage point ML adjustment. Astro momentum is supportive at 3.66, applying a +5.0 point momentum adjustment. The 30D, 90D, and 365D outlooks do not fully align positively, so no alignment bonus was applied. Risk level is Medium, so BTC allocation is capped at 70.0%."
C_Trend_Preserving_v2,2027-02-15,2027-02-15,Volatility Caution,10.0,90.0,Defensive exposure,0.3506911687501117,0.4276156605048275,1.0,"Base BTC allocation starts at 10.0% from the `Volatility Caution` rule. Confidence at 35.07% sits in the neutral adjustment band. ML probability is weak at 42.76%, applying a -5.0 percentage point ML adjustment. Astro momentum is supportive at 3.48, applying a +5.0 point momentum adjustment. The 30D, 90D, and 365D outlooks do not fully align positively, so no alignment bonus was applied. Risk level is High, so BTC allocation is capped at 35.0%."
C_Trend_Preserving_v2,2027-02-16,2027-03-27,Constructive Drift,70.0,30.0,Measured risk-on,0.3011492147035719,0.4712502324796432,0.7,"Base BTC allocation starts at 90.0% from the `Constructive Drift` rule. Confidence at 30.11% sits in the neutral adjustment band. ML probability at 47.13% does not trigger an extra allocation change. Astro momentum is neutral-to-positive at 1.45, so no momentum adjustment was applied. The 30D, 90D, and 365D outlooks do not fully align positively, so no alignment bonus was applied. Risk level is Medium, so BTC allocation is capped at 70.0%."
C_Trend_Preserving_v2,2027-03-28,2027-04-02,Transition / Low Conviction,55.0,45.0,Constructive accumulation,0.3770945394936131,0.5874528846410026,0.0,"Base BTC allocation starts at 60.0% from the `Transition / Low Conviction` rule. Confidence at 37.71% sits in the neutral adjustment band. ML probability at 58.75% does not trigger an extra allocation change. Astro momentum is weak at -0.03, applying a -5.0 point momentum adjustment. The 30D, 90D, and 365D outlooks do not fully align positively, so no alignment bonus was applied."
C_Trend_Preserving_v2,2027-04-03,2027-05-30,Constructive Drift,90.0,10.0,Full risk-on,0.3332418752798318,0.5134102204195938,0.0689655172413793,"Base BTC allocation starts at 90.0% from the `Constructive Drift` rule. Confidence at 33.32% sits in the neutral adjustment band. ML probability at 51.34% does not trigger an extra allocation change. Astro momentum is neutral-to-positive at 0.73, so no momentum adjustment was applied. The 30D, 90D, and 365D outlooks do not fully align positively, so no alignment bonus was applied."
