variant_key,variant_label,year,strategy,total_return,CAGR,max_drawdown,Sharpe ratio,Sortino ratio,annual_volatility,win_rate,exposure_ratio,turnover,number_of_allocation_changes,return_max_drawdown_ratio
A_Conservative_v1_Baseline,Conservative v1 Baseline,2019,Allocation Strategy,0.31697757858078646,0.31697757858078646,-0.09087039057990198,2.104326896294804,2.90484944793714,0.1352099544811259,0.4712328767123288,0.18493150684931506,9.0,59,3.4882383200726896
A_Conservative_v1_Baseline,Conservative v1 Baseline,2019,Buy & Hold,0.8716174456068169,0.8716174456068169,-0.4898281300068478,1.2593792205944576,1.8410862647454518,0.6792177791831441,0.5205479452054794,1.0,0.0,0,1.779435259454437
A_Conservative_v1_Baseline,Conservative v1 Baseline,2020,Allocation Strategy,1.033651953321078,1.0297116400007336,-0.0886359346051997,2.8345407774691265,4.0854856142354254,0.2619440143305438,0.5491803278688525,0.36147540983606563,13.45,69,11.661770792231714
A_Conservative_v1_Baseline,Conservative v1 Baseline,2020,Buy & Hold,3.031600901707659,3.0162729798514,-0.5186169126186413,2.3245873796607124,2.562460922756376,0.7194296929899909,0.5628415300546448,1.0,0.0,0,5.8455496300733065
A_Conservative_v1_Baseline,Conservative v1 Baseline,2021,Allocation Strategy,0.42849448361268583,0.42849448361268583,-0.2863381148669928,1.1695709728501107,1.6756252341708722,0.36048718729173107,0.5013698630136987,0.40273972602739727,11.200000000000001,66,1.4964633116053245
A_Conservative_v1_Baseline,Conservative v1 Baseline,2021,Buy & Hold,0.5966792379843284,0.5966792379843284,-0.5306185040984173,0.983864801419826,1.5210959895220248,0.8030283847010404,0.5123287671232877,1.0,0.0,0,1.1244976068035095
A_Conservative_v1_Baseline,Conservative v1 Baseline,2022,Allocation Strategy,-0.32071679266942243,-0.32071679266942243,-0.35307262986406196,-1.4015671837757102,-1.6676863027290787,0.252845862494533,0.4602739726027397,0.3591780821917809,12.25,74,-0.9083592596596995
A_Conservative_v1_Baseline,Conservative v1 Baseline,2022,Buy & Hold,-0.6426524216644376,-0.6426524216644376,-0.6689381539248924,-1.2982244976361634,-1.6748235424353288,0.6345372157572284,0.4657534246575342,1.0,0.0,0,-0.9607052877665486
A_Conservative_v1_Baseline,Conservative v1 Baseline,2023,Allocation Strategy,0.49830715845087314,0.49830715845087314,-0.09369276095630319,2.4997372180058943,4.43396579285341,0.1673616364783343,0.4986301369863014,0.2568493150684931,7.0,57,5.318523580314553
A_Conservative_v1_Baseline,Conservative v1 Baseline,2023,Buy & Hold,1.554174194122552,1.554174194122552,-0.2005777334291322,2.3637427790985868,3.984779385226617,0.4370562773431199,0.4986301369863014,1.0,0.0,0,7.748488167415005
A_Conservative_v1_Baseline,Conservative v1 Baseline,2024,Allocation Strategy,0.2190090824520301,0.21834966937159694,-0.1677292462754406,0.9305488377360301,1.2151738561643677,0.2443289243272668,0.5218579234972678,0.40136612021857915,12.3,45,1.3057298432759847
A_Conservative_v1_Baseline,Conservative v1 Baseline,2024,Buy & Hold,1.21054746592571,1.2057616836679736,-0.26182033008476613,1.745606375102204,2.905598250410992,0.5347703246111739,0.5218579234972678,1.0,0.0,0,4.623580856130565
A_Conservative_v1_Baseline,Conservative v1 Baseline,2025,Allocation Strategy,0.20783188638713113,0.20783188638713113,-0.1312220281751323,1.023170877890195,1.740821706558581,0.20490747355144373,0.4986301369863014,0.4641095890410959,11.299999999999999,45,1.5838185804425562
A_Conservative_v1_Baseline,Conservative v1 Baseline,2025,Buy & Hold,-0.06336749968935496,-0.06336749968935496,-0.3214698048461443,0.05276454068227213,0.07734213273556449,0.41863119762474554,0.4986301369863014,1.0,0.0,0,-0.19711804572028993
A_Conservative_v1_Baseline,Conservative v1 Baseline,2026,Allocation Strategy,-0.06966770529564859,-0.16833124216169426,-0.21555053983280592,-0.5104910079427261,-0.6728762301900044,0.28241072966267267,0.48951048951048953,0.5877622377622379,7.25,39,-0.3232082153433115
A_Conservative_v1_Baseline,Conservative v1 Baseline,2026,Buy & Hold,-0.12030446928122318,-0.27903972824518386,-0.35311531742601765,-0.38043148271428834,-0.5165109858268457,0.5122147247675745,0.48951048951048953,1.0,0.0,0,-0.3406945644787232
B_Upside_Capture_v2,Upside Capture v2,2019,Allocation Strategy,0.42651203114132863,0.42651203114132863,-0.11329071254373435,1.9932429586096971,3.178395208338392,0.18698599866634158,0.5205479452054794,0.2780821917808219,7.949999999999999,59,3.7647572476576965
B_Upside_Capture_v2,Upside Capture v2,2019,Buy & Hold,0.8716174456068169,0.8716174456068169,-0.4898281300068478,1.2593792205944576,1.8410862647454518,0.6792177791831441,0.5205479452054794,1.0,0.0,0,1.779435259454437
B_Upside_Capture_v2,Upside Capture v2,2020,Allocation Strategy,1.538960023047236,1.5325046163005993,-0.12880807759544477,2.7111163558472686,3.813621490872759,0.36781129939327917,0.5628415300546448,0.5103825136612022,14.6,71,11.94769809297783
B_Upside_Capture_v2,Upside Capture v2,2020,Buy & Hold,3.031600901707659,3.0162729798514,-0.5186169126186413,2.3245873796607124,2.562460922756376,0.7194296929899909,0.5628415300546448,1.0,0.0,0,5.8455496300733065
B_Upside_Capture_v2,Upside Capture v2,2021,Allocation Strategy,0.7289131045323509,0.7289131045323509,-0.3163405558999943,1.4351718309603603,2.1765919076763423,0.45295045241197673,0.5123287671232877,0.5232876712328767,10.25,67,2.3042037795583328
B_Upside_Capture_v2,Upside Capture v2,2021,Buy & Hold,0.5966792379843284,0.5966792379843284,-0.5306185040984173,0.983864801419826,1.5210959895220248,0.8030283847010404,0.5123287671232877,1.0,0.0,0,1.1244976068035095
B_Upside_Capture_v2,Upside Capture v2,2022,Allocation Strategy,-0.4225297155338016,-0.4225297155338016,-0.45876442912229665,-1.4654105812318456,-1.7278941512988895,0.335634760574323,0.4657534246575342,0.4724657534246575,12.100000000000001,73,-0.9210167325792479
B_Upside_Capture_v2,Upside Capture v2,2022,Buy & Hold,-0.6426524216644376,-0.6426524216644376,-0.6689381539248924,-1.2982244976361634,-1.6748235424353288,0.6345372157572284,0.4657534246575342,1.0,0.0,0,-0.9607052877665486
B_Upside_Capture_v2,Upside Capture v2,2023,Allocation Strategy,0.7695215592171205,0.7695215592171205,-0.12393959661413056,2.5657247159897754,4.6576937669186425,0.23297304573732056,0.4986301369863014,0.36972602739726024,5.85,48,6.208843503121311
B_Upside_Capture_v2,Upside Capture v2,2023,Buy & Hold,1.554174194122552,1.554174194122552,-0.2005777334291322,2.3637427790985868,3.984779385226617,0.4370562773431199,0.4986301369863014,1.0,0.0,0,7.748488167415005
B_Upside_Capture_v2,Upside Capture v2,2024,Allocation Strategy,0.2567246329282813,0.25594025298765444,-0.2270681221462808,0.9205320706117008,1.2507332597744594,0.29476760416150805,0.5218579234972678,0.5155737704918033,11.1,45,1.1306062273369015
B_Upside_Capture_v2,Upside Capture v2,2024,Buy & Hold,1.21054746592571,1.2057616836679736,-0.26182033008476613,1.745606375102204,2.905598250410992,0.5347703246111739,0.5218579234972678,1.0,0.0,0,4.623580856130565
B_Upside_Capture_v2,Upside Capture v2,2025,Allocation Strategy,0.23153159074969776,0.23153159074969776,-0.16943587415823513,0.9254659233043169,1.5231358262044996,0.2617366324637557,0.4986301369863014,0.6035616438356165,11.2,43,1.366485060498297
B_Upside_Capture_v2,Upside Capture v2,2025,Buy & Hold,-0.06336749968935496,-0.06336749968935496,-0.3214698048461443,0.05276454068227213,0.07734213273556449,0.41863119762474554,0.4986301369863014,1.0,0.0,0,-0.19711804572028993
B_Upside_Capture_v2,Upside Capture v2,2026,Allocation Strategy,-0.056146023479608065,-0.13712905913670503,-0.24299672906438752,-0.25103983768982296,-0.35512219395109534,0.34694238879483624,0.48951048951048953,0.7524475524475526,6.049999999999999,35,-0.23105670473749831
B_Upside_Capture_v2,Upside Capture v2,2026,Buy & Hold,-0.12030446928122318,-0.27903972824518386,-0.35311531742601765,-0.38043148271428834,-0.5165109858268457,0.5122147247675745,0.48951048951048953,1.0,0.0,0,-0.3406945644787232
C_Trend_Preserving_v2,Trend-Preserving v2,2019,Allocation Strategy,0.5573744705644812,0.5573744705644812,-0.1679381883456954,1.9025740693874325,2.252509159728142,0.24928412892342525,0.4821917808219178,0.25452054794520546,12.45,61,3.3189263029153535
C_Trend_Preserving_v2,Trend-Preserving v2,2019,Buy & Hold,0.8716174456068169,0.8716174456068169,-0.4898281300068478,1.2593792205944576,1.8410862647454518,0.6792177791831441,0.5205479452054794,1.0,0.0,0,1.779435259454437
C_Trend_Preserving_v2,Trend-Preserving v2,2020,Allocation Strategy,1.908721500776812,1.9002483969750057,-0.1384823461578194,2.9020459305751176,4.1962368603306315,0.3936990127586325,0.5519125683060109,0.5385245901639343,16.75,72,13.783139538967408
C_Trend_Preserving_v2,Trend-Preserving v2,2020,Buy & Hold,3.031600901707659,3.0162729798514,-0.5186169126186413,2.3245873796607124,2.562460922756376,0.7194296929899909,0.5628415300546448,1.0,0.0,0,5.8455496300733065
C_Trend_Preserving_v2,Trend-Preserving v2,2021,Allocation Strategy,0.9780090280385108,0.9780090280385108,-0.3666813238646499,1.5926937991313044,2.360067657289469,0.5099631486551574,0.5013698630136987,0.5842465753424657,12.099999999999998,70,2.667190730443406
C_Trend_Preserving_v2,Trend-Preserving v2,2021,Buy & Hold,0.5966792379843284,0.5966792379843284,-0.5306185040984173,0.983864801419826,1.5210959895220248,0.8030283847010404,0.5123287671232877,1.0,0.0,0,1.1244976068035095
C_Trend_Preserving_v2,Trend-Preserving v2,2022,Allocation Strategy,-0.4610468517980547,-0.4610468517980547,-0.49874501041645514,-1.455923497376079,-1.697183728313766,0.3753335261996192,0.4602739726027397,0.5150684931506848,13.399999999999999,74,-0.924413963385975
C_Trend_Preserving_v2,Trend-Preserving v2,2022,Buy & Hold,-0.6426524216644376,-0.6426524216644376,-0.6689381539248924,-1.2982244976361634,-1.6748235424353288,0.6345372157572284,0.4657534246575342,1.0,0.0,0,-0.9607052877665486
C_Trend_Preserving_v2,Trend-Preserving v2,2023,Allocation Strategy,0.7734457447451497,0.7734457447451497,-0.11380886965110082,2.6281296951019146,4.954628959200729,0.22780688183564005,0.4986301369863014,0.3019178082191781,6.500000000000001,48,6.7960058571556905
C_Trend_Preserving_v2,Trend-Preserving v2,2023,Buy & Hold,1.554174194122552,1.554174194122552,-0.2005777334291322,2.3637427790985868,3.984779385226617,0.4370562773431199,0.4986301369863014,1.0,0.0,0,7.748488167415005
C_Trend_Preserving_v2,Trend-Preserving v2,2024,Allocation Strategy,0.28774459830576404,0.2868551222715281,-0.24030871687751343,0.9625884723574758,1.3125441060241996,0.31271989859564053,0.5218579234972678,0.5252732240437158,13.299999999999999,48,1.197395591989403
C_Trend_Preserving_v2,Trend-Preserving v2,2024,Buy & Hold,1.21054746592571,1.2057616836679736,-0.26182033008476613,1.745606375102204,2.905598250410992,0.5347703246111739,0.5218579234972678,1.0,0.0,0,4.623580856130565
C_Trend_Preserving_v2,Trend-Preserving v2,2025,Allocation Strategy,0.2623789418048841,0.2623789418048841,-0.17591067015019923,0.9910623992726849,1.6253713147816415,0.2721335815101297,0.4986301369863014,0.6223287671232877,12.250000000000002,41,1.4915464853886062
C_Trend_Preserving_v2,Trend-Preserving v2,2025,Buy & Hold,-0.06336749968935496,-0.06336749968935496,-0.3214698048461443,0.05276454068227213,0.07734213273556449,0.41863119762474554,0.4986301369863014,1.0,0.0,0,-0.19711804572028993
C_Trend_Preserving_v2,Trend-Preserving v2,2026,Allocation Strategy,-0.06415135234953795,-0.15568627747449304,-0.2653945279703831,-0.25345401960897795,-0.3527242892876102,0.38060337659485194,0.48951048951048953,0.8048951048951049,6.2,30,-0.24172070479424868
C_Trend_Preserving_v2,Trend-Preserving v2,2026,Buy & Hold,-0.12030446928122318,-0.27903972824518386,-0.35311531742601765,-0.38043148271428834,-0.5165109858268457,0.5122147247675745,0.48951048951048953,1.0,0.0,0,-0.3406945644787232
D_Drawdown_Guard_v2,Drawdown Guard v2,2019,Allocation Strategy,0.26696009170200785,0.26696009170200785,-0.08700727250042528,1.76446974967323,1.5104828801814036,0.1395973045879543,0.16712328767123288,0.1401369863013699,6.6000000000000005,17,3.0682503201178153
D_Drawdown_Guard_v2,Drawdown Guard v2,2019,Buy & Hold,0.8716174456068169,0.8716174456068169,-0.4898281300068478,1.2593792205944576,1.8410862647454518,0.6792177791831441,0.5205479452054794,1.0,0.0,0,1.779435259454437
D_Drawdown_Guard_v2,Drawdown Guard v2,2020,Allocation Strategy,1.5771633591191043,1.5705059263010344,-0.13285610172658602,2.788438024390317,3.727707448575877,0.36213890197065624,0.46994535519125685,0.4700819672131148,17.2,66,11.871215086265744
D_Drawdown_Guard_v2,Drawdown Guard v2,2020,Buy & Hold,3.031600901707659,3.0162729798514,-0.5186169126186413,2.3245873796607124,2.562460922756376,0.7194296929899909,0.5628415300546448,1.0,0.0,0,5.8455496300733065
D_Drawdown_Guard_v2,Drawdown Guard v2,2021,Allocation Strategy,0.7924454613864857,0.7924454613864857,-0.3408497667157637,1.4799729886769857,2.133903394603476,0.46845913940652545,0.41643835616438357,0.5101369863013697,11.3,60,2.324911262290257
D_Drawdown_Guard_v2,Drawdown Guard v2,2021,Buy & Hold,0.5966792379843284,0.5966792379843284,-0.5306185040984173,0.983864801419826,1.5210959895220248,0.8030283847010404,0.5123287671232877,1.0,0.0,0,1.1244976068035095
D_Drawdown_Guard_v2,Drawdown Guard v2,2022,Allocation Strategy,-0.42922779028980684,-0.42922779028980684,-0.4682692215569543,-1.4579172092199988,-1.613049993029517,0.3434897810547673,0.4,0.4489041095890411,13.700000000000003,66,-0.9166260999658742
D_Drawdown_Guard_v2,Drawdown Guard v2,2022,Buy & Hold,-0.6426524216644376,-0.6426524216644376,-0.6689381539248924,-1.2982244976361634,-1.6748235424353288,0.6345372157572284,0.4657534246575342,1.0,0.0,0,-0.9607052877665486
D_Drawdown_Guard_v2,Drawdown Guard v2,2023,Allocation Strategy,0.6371309521553126,0.6371309521553126,-0.11164611308998784,2.375773029183022,2.935281492013207,0.21734179634897505,0.1643835616438356,0.21273972602739727,5.8500000000000005,24,5.70670070387295
D_Drawdown_Guard_v2,Drawdown Guard v2,2023,Buy & Hold,1.554174194122552,1.554174194122552,-0.2005777334291322,2.3637427790985868,3.984779385226617,0.4370562773431199,0.4986301369863014,1.0,0.0,0,7.748488167415005
D_Drawdown_Guard_v2,Drawdown Guard v2,2024,Allocation Strategy,0.0866641743130585,0.0864174386701273,-0.23238667645561029,0.4361648069219387,0.5367659025249774,0.27942093872094587,0.4426229508196721,0.44289617486338806,13.9,46,0.3729309082382475
D_Drawdown_Guard_v2,Drawdown Guard v2,2024,Buy & Hold,1.21054746592571,1.2057616836679736,-0.26182033008476613,1.745606375102204,2.905598250410992,0.5347703246111739,0.5218579234972678,1.0,0.0,0,4.623580856130565
D_Drawdown_Guard_v2,Drawdown Guard v2,2025,Allocation Strategy,0.29104696032536737,0.29104696032536737,-0.1537454842533965,1.15203167202412,1.8568080669628588,0.2482673357418562,0.4986301369863014,0.546027397260274,13.299999999999999,43,1.8930439598842241
D_Drawdown_Guard_v2,Drawdown Guard v2,2025,Buy & Hold,-0.06336749968935496,-0.06336749968935496,-0.3214698048461443,0.05276454068227213,0.07734213273556449,0.41863119762474554,0.4986301369863014,1.0,0.0,0,-0.19711804572028993
D_Drawdown_Guard_v2,Drawdown Guard v2,2026,Allocation Strategy,-0.05577650272893775,-0.13626654015679152,-0.24911573109071017,-0.23412640641113108,-0.32359438532282014,0.3551751698566573,0.48951048951048953,0.7486013986013987,6.95,35,-0.22389795491729877
D_Drawdown_Guard_v2,Drawdown Guard v2,2026,Buy & Hold,-0.12030446928122318,-0.27903972824518386,-0.35311531742601765,-0.38043148271428834,-0.5165109858268457,0.5122147247675745,0.48951048951048953,1.0,0.0,0,-0.3406945644787232
E_Recovery_Aggressive_v2,Recovery Aggressive v2,2019,Allocation Strategy,0.4077058209210158,0.4077058209210158,-0.09622957616130479,2.182539095905679,3.18151170049502,0.16275219209051056,0.4821917808219178,0.2126027397260274,8.8,59,4.236803664578124
E_Recovery_Aggressive_v2,Recovery Aggressive v2,2019,Buy & Hold,0.8716174456068169,0.8716174456068169,-0.4898281300068478,1.2593792205944576,1.8410862647454518,0.6792177791831441,0.5205479452054794,1.0,0.0,0,1.779435259454437
E_Recovery_Aggressive_v2,Recovery Aggressive v2,2020,Allocation Strategy,1.5147483777760078,1.5084201991838238,-0.11999843085860329,2.9024225301727378,4.183594477013515,0.33648771217693246,0.5519125683060109,0.4677595628415301,14.750000000000004,71,12.623068209624074
E_Recovery_Aggressive_v2,Recovery Aggressive v2,2020,Buy & Hold,3.031600901707659,3.0162729798514,-0.5186169126186413,2.3245873796607124,2.562460922756376,0.7194296929899909,0.5628415300546448,1.0,0.0,0,5.8455496300733065
E_Recovery_Aggressive_v2,Recovery Aggressive v2,2021,Allocation Strategy,0.720336864784457,0.720336864784457,-0.29024194346747534,1.509840837815262,2.22780398347803,0.4169400729623904,0.5013698630136987,0.4689041095890411,9.950000000000001,64,2.4818496464663395
E_Recovery_Aggressive_v2,Recovery Aggressive v2,2021,Buy & Hold,0.5966792379843284,0.5966792379843284,-0.5306185040984173,0.983864801419826,1.5210959895220248,0.8030283847010404,0.5123287671232877,1.0,0.0,0,1.1244976068035095
E_Recovery_Aggressive_v2,Recovery Aggressive v2,2022,Allocation Strategy,-0.38992707513183344,-0.38992707513183344,-0.424615764176534,-1.4267842559034172,-1.6542048663889217,0.31175683592563347,0.4602739726027397,0.43452054794520556,11.900000000000002,73,-0.9183056966526595
E_Recovery_Aggressive_v2,Recovery Aggressive v2,2022,Buy & Hold,-0.6426524216644376,-0.6426524216644376,-0.6689381539248924,-1.2982244976361634,-1.6748235424353288,0.6345372157572284,0.4657534246575342,1.0,0.0,0,-0.9607052877665486
E_Recovery_Aggressive_v2,Recovery Aggressive v2,2023,Allocation Strategy,0.6341803408579862,0.6341803408579862,-0.13919248096731507,2.2313667024944395,3.6204440434470198,0.23209088306545356,0.4986301369863014,0.31493150684931503,6.8,48,4.556139357893214
E_Recovery_Aggressive_v2,Recovery Aggressive v2,2023,Buy & Hold,1.554174194122552,1.554174194122552,-0.2005777334291322,2.3637427790985868,3.984779385226617,0.4370562773431199,0.4986301369863014,1.0,0.0,0,7.748488167415005
E_Recovery_Aggressive_v2,Recovery Aggressive v2,2024,Allocation Strategy,0.2652870400394587,0.2644738567022866,-0.2099802413433961,0.9650219658835765,1.3048148698302553,0.28538445436858545,0.5218579234972678,0.49371584699453547,11.400000000000002,45,1.2633904901824324
E_Recovery_Aggressive_v2,Recovery Aggressive v2,2024,Buy & Hold,1.21054746592571,1.2057616836679736,-0.26182033008476613,1.745606375102204,2.905598250410992,0.5347703246111739,0.5218579234972678,1.0,0.0,0,4.623580856130565
E_Recovery_Aggressive_v2,Recovery Aggressive v2,2025,Allocation Strategy,0.2225415569797129,0.2225415569797129,-0.16547966803548064,0.9281061382313233,1.5308932949944727,0.24987988738326888,0.4986301369863014,0.57986301369863,10.65,43,1.3448271900811257
E_Recovery_Aggressive_v2,Recovery Aggressive v2,2025,Buy & Hold,-0.06336749968935496,-0.06336749968935496,-0.3214698048461443,0.05276454068227213,0.07734213273556449,0.41863119762474554,0.4986301369863014,1.0,0.0,0,-0.19711804572028993
E_Recovery_Aggressive_v2,Recovery Aggressive v2,2026,Allocation Strategy,-0.05743900799020396,-0.1401429619749227,-0.23576204005066315,-0.2991128687838508,-0.42293466885994985,0.3262523612620457,0.48951048951048953,0.7129370629370633,5.75,35,-0.24363128168496012
E_Recovery_Aggressive_v2,Recovery Aggressive v2,2026,Buy & Hold,-0.12030446928122318,-0.27903972824518386,-0.35311531742601765,-0.38043148271428834,-0.5165109858268457,0.5122147247675745,0.48951048951048953,1.0,0.0,0,-0.3406945644787232
F_Balanced_v2,Balanced v2,2019,Allocation Strategy,0.403187542672812,0.403187542672812,-0.0999417840603819,2.0515747996231757,3.127516145045435,0.1723595090420889,0.5205479452054794,0.2453424657534247,8.2,59,4.034223988129108
F_Balanced_v2,Balanced v2,2019,Buy & Hold,0.8716174456068169,0.8716174456068169,-0.4898281300068478,1.2593792205944576,1.8410862647454518,0.6792177791831441,0.5205479452054794,1.0,0.0,0,1.779435259454437
F_Balanced_v2,Balanced v2,2020,Allocation Strategy,1.5377267871388685,1.5312778760593244,-0.12091772633041176,2.8410782874241445,4.091654392122405,0.3483730872954837,0.5628415300546448,0.4871584699453552,14.15,72,12.717132829118688
F_Balanced_v2,Balanced v2,2020,Buy & Hold,3.031600901707659,3.0162729798514,-0.5186169126186413,2.3245873796607124,2.562460922756376,0.7194296929899909,0.5628415300546448,1.0,0.0,0,5.8455496300733065
F_Balanced_v2,Balanced v2,2021,Allocation Strategy,0.7005879473850687,0.7005879473850687,-0.31623795834859625,1.4303807048525947,2.1359900488477694,0.4384293347271967,0.5123287671232877,0.5010958904109588,9.6,67,2.2153822110525856
F_Balanced_v2,Balanced v2,2021,Buy & Hold,0.5966792379843284,0.5966792379843284,-0.5306185040984173,0.983864801419826,1.5210959895220248,0.8030283847010404,0.5123287671232877,1.0,0.0,0,1.1244976068035095
F_Balanced_v2,Balanced v2,2022,Allocation Strategy,-0.40748963943579786,-0.40748963943579786,-0.4424796258825866,-1.4401904129583498,-1.6993982270436334,0.3259484537772457,0.4657534246575342,0.4594520547945205,11.3,74,-0.9209229433400546
F_Balanced_v2,Balanced v2,2022,Buy & Hold,-0.6426524216644376,-0.6426524216644376,-0.6689381539248924,-1.2982244976361634,-1.6748235424353288,0.6345372157572284,0.4657534246575342,1.0,0.0,0,-0.9607052877665486
F_Balanced_v2,Balanced v2,2023,Allocation Strategy,0.6788880835358457,0.6788880835358457,-0.12355901696887095,2.4601851103039625,4.305950650691764,0.22044276518147907,0.4986301369863014,0.3301369863013698,5.9,47,5.494443871359729
F_Balanced_v2,Balanced v2,2023,Buy & Hold,1.554174194122552,1.554174194122552,-0.2005777334291322,2.3637427790985868,3.984779385226617,0.4370562773431199,0.4986301369863014,1.0,0.0,0,7.748488167415005
F_Balanced_v2,Balanced v2,2024,Allocation Strategy,0.25871624788634406,0.2579251824170934,-0.2157612780010283,0.9402753252755708,1.2783688896703234,0.28821775284475387,0.5218579234972678,0.49999999999999994,11.100000000000001,47,1.1990856296518184
F_Balanced_v2,Balanced v2,2024,Buy & Hold,1.21054746592571,1.2057616836679736,-0.26182033008476613,1.745606375102204,2.905598250410992,0.5347703246111739,0.5218579234972678,1.0,0.0,0,4.623580856130565
F_Balanced_v2,Balanced v2,2025,Allocation Strategy,0.21606155762264923,0.21606155762264923,-0.1654796680354802,0.9058881551445569,1.4949737785635901,0.25023787020446725,0.4986301369863014,0.5812328767123287,10.55,43,1.3056683046785171
F_Balanced_v2,Balanced v2,2025,Buy & Hold,-0.06336749968935496,-0.06336749968935496,-0.3214698048461443,0.05276454068227213,0.07734213273556449,0.41863119762474554,0.4986301369863014,1.0,0.0,0,-0.19711804572028993
F_Balanced_v2,Balanced v2,2026,Allocation Strategy,-0.05796737113163408,-0.1413727128387552,-0.23997585679792366,-0.28365967134231307,-0.39803057948747866,0.336711449214924,0.48951048951048953,0.723776223776224,5.65,35,-0.24155501267965734
F_Balanced_v2,Balanced v2,2026,Buy & Hold,-0.12030446928122318,-0.27903972824518386,-0.35311531742601765,-0.38043148271428834,-0.5165109858268457,0.5122147247675745,0.48951048951048953,1.0,0.0,0,-0.3406945644787232
