feature,selected_feature,exists_in_dataset,planet,aspect,natal_target,house,score_category,feature_set,mean_importance,std_importance,max_importance,min_importance,total_importance,horizons,observations,importance_share,astro_feature_rank
planet_trend_start_Pluto,True,True,pluto,none,trend_start,none,planet_component,selected_features,0.013970423536611716,0.0042566387483893185,0.0203875260807076,0.0105412800564338,0.0838225412196703,6,6,0.015927155596395404,1
planet_reversal_Pluto,True,True,pluto,none,reversal,none,planet_component,selected_features,0.011657689287890932,0.002850302892977044,0.0156436725967102,0.0091339100193211,0.06994613572734559,6,6,0.013290494070998134,2
astro_trend_start_score_roll_max_21,True,True,composite,none,trend_start,none,rolling_max,selected_features,0.011464796831923732,0.005063579650498688,0.0208443223874459,0.0068721484912879,0.0687887809915424,6,6,0.013070584620757834,3
astro_bearish_score_smooth_roll_min_30,True,True,composite,none,bearish,none,smoothed_score,selected_features,0.010738196978279333,0.0031760071742351565,0.0130944724659029,0.0054632475969427,0.064429181869676,6,6,0.012242215395230457,4
astro_trend_start_score_roll_max_30,True,True,composite,none,trend_start,none,rolling_max,selected_features,0.010717691316506933,0.003997993381378641,0.015252087207432,0.0049580846631341,0.0643061478990416,6,6,0.01221883765977382,5
astro_bearish_score_smooth_ema_60,True,True,composite,none,bearish,none,smoothed_score,selected_features,0.01011971017912895,0.004548533054806168,0.0159326458001885,0.0062386919281859,0.0607182610747737,6,6,0.01153710180589873,6
astro_trend_end_score_sma_60,True,True,composite,none,trend_end,none,sma_transform,selected_features,0.009945115135586916,0.0031315310373396343,0.0131580643217993,0.0060868824811072,0.0596706908135215,6,6,0.011338052548904779,7
astro_bearish_score_smooth_sma_60,True,True,composite,none,bearish,none,smoothed_score,selected_features,0.009465333658838134,0.0024787256532227057,0.0133070520155668,0.006979729069421,0.0567920019530288,6,6,0.010791071692353056,8
astro_bearish_score_ema_60,True,True,composite,none,bearish,none,ema_transform,selected_features,0.009291960872970167,0.0036790314033779063,0.0148651159271358,0.006047452132181,0.055751765237821,6,6,0.0105934158854648,9
astro_bullish_score_smooth_roll_max_30,True,True,composite,none,bullish,none,smoothed_score,selected_features,0.009070809812303368,0.006168299234656462,0.0197832570738443,0.0034935563229027,0.0544248588738202,6,6,0.010341289860486587,10
astro_reversal_score_sma_60,True,True,composite,none,reversal,none,sma_transform,selected_features,0.008912747315571084,0.0023984233273189838,0.0119194367717676,0.0059012961132297,0.0534764838934265,6,6,0.01016108873968217,11
astro_bearish_score_sma_60,True,True,composite,none,bearish,none,sma_transform,selected_features,0.008907844357842568,0.002525833519662345,0.012976589435637,0.0062434179370511,0.053447066147055404,6,6,0.010155499061572558,12
astro_reversal_score_roll_max_30,True,True,composite,none,reversal,none,rolling_max,selected_features,0.008851375301266366,0.00215090160246504,0.011716595576895,0.0065386363170675,0.0531082518075982,6,6,0.010091120809323168,13
astro_compression_score_sma_60,True,True,composite,none,compression,none,sma_transform,selected_features,0.008789932359238117,0.00369465067952477,0.0158455596527899,0.0061058696739683,0.0527395941554287,6,6,0.010021072016928317,14
astro_trend_start_score_roll_max_10,True,True,composite,none,trend_start,none,rolling_max,selected_features,0.00878531404109285,0.00437073469805383,0.0156905032536534,0.0039891572557043,0.0527118842465571,6,6,0.010015806845725702,15
astro_bearish_score_roll_min_30,True,True,composite,none,bearish,none,rolling_min,selected_features,0.008696929307010267,0.0032136452502127977,0.013316593142183,0.0045078411122953,0.0521815758420616,6,6,0.009915042727272873,16
astro_compression_score_ema_60,True,True,composite,none,compression,none,ema_transform,selected_features,0.008682950859430499,0.0027998293362204263,0.0140138541271275,0.0062053489968366,0.052097705156583,6,6,0.009899106423766,17
astro_bearish_score_smooth_roll_min_21,True,True,composite,none,bearish,none,smoothed_score,selected_features,0.008591767140003717,0.0028087449340446634,0.0125175354637268,0.0049236053204165,0.0515506028400223,6,6,0.009795151287161697,18
astro_bullish_score_roll_max_30,True,True,composite,none,bullish,none,rolling_max,selected_features,0.008490259520726334,0.005410944131056648,0.0173228354295828,0.0036889435607425,0.050941557124358,6,6,0.009679426259769818,19
astro_compression_score_ema_30,True,True,composite,none,compression,none,ema_transform,selected_features,0.008485702419327083,0.0021802615690211377,0.0109675259745921,0.0049961272772542,0.0509142145159625,6,6,0.009674230879482012,20
astro_trend_start_score_ema_30,True,True,composite,none,trend_start,none,ema_transform,selected_features,0.008446005732123266,0.002298188130478604,0.0114974437587239,0.0052513637715952,0.0506760343927396,6,6,0.009628974176125833,21
astro_reversal_score_ema_60,True,True,composite,none,reversal,none,ema_transform,selected_features,0.008439762486604517,0.0013244571329933624,0.0104820031443449,0.0068086020733131,0.0506385749196271,6,6,0.009621856486204476,22
planet_volatility_Pluto,True,True,pluto,none,volatility,none,planet_component,selected_features,0.008427765882963317,0.00148609229767912,0.0109265451600478,0.0067089792208637,0.050566595297779904,6,6,0.009608179608597943,23
astro_bearish_score_smooth_chg_30,True,True,composite,none,bearish,none,smoothed_score,selected_features,0.008386450621379849,0.004136131112915485,0.0123040782257345,0.0025334824058117,0.050318703728279096,6,6,0.009561077629332877,24
astro_volatility_score_roll_max_30,True,True,composite,none,volatility,none,rolling_max,selected_features,0.008204681766294184,0.0016050306418479998,0.0102753241953398,0.0055737704311851,0.0492280905977651,6,6,0.00935384977901459,25
astro_bullish_score_smooth_sma_60,True,True,composite,none,bullish,none,smoothed_score,selected_features,0.008139609345640134,0.0034422583895608112,0.0126158747967864,0.0048912325863924,0.0488376560738408,6,6,0.009279663154244406,26
astro_compression_score_ema_21,True,True,composite,none,compression,none,ema_transform,selected_features,0.008122586482356317,0.0022235523158999843,0.0107607265536467,0.0047573886666943,0.0487355188941379,6,6,0.009260256026643229,27
astro_bullish_score_sma_60,True,True,composite,none,bullish,none,sma_transform,selected_features,0.008026076359615582,0.00325760114899751,0.012867671547909,0.005260087650937,0.048156458157693496,6,6,0.009150228457508293,28
astro_trend_end_score_ema_60,True,True,composite,none,trend_end,none,ema_transform,selected_features,0.008013533656478833,0.00225317831534112,0.0115577532702879,0.006068918035931,0.048081201938873,6,6,0.009135928992360733,29
astro_reversal_score_ema_30,True,True,composite,none,reversal,none,ema_transform,selected_features,0.00799091636904025,0.0017311076754592408,0.0099683549620634,0.0063370964130172,0.0479454982142415,6,6,0.009110143871726512,30
astro_momentum_v2_smooth_chg_30,True,True,composite,none,momentum,none,smoothed_score,selected_features,0.007882709815535417,0.0032678490440656224,0.0123949740654772,0.0040101079850855,0.0472962588932125,6,6,0.00898678164081743,31
astro_bullish_score_smooth_roll_max_21,True,True,composite,none,bullish,none,smoothed_score,selected_features,0.007780800118976916,0.00426787281346807,0.0159644139012684,0.0035071604348064,0.046684800713861496,6,6,0.00887059822020638,32
astro_volatility_score_sma_21,True,True,composite,none,volatility,none,sma_transform,selected_features,0.0077264367098346665,0.00296532005970717,0.011713467048287,0.0043035056481247,0.046358620259008,6,6,0.008808620537576358,33
astro_trend_start_score_sma_60,True,True,composite,none,trend_start,none,sma_transform,selected_features,0.007684651144044833,0.0016118382611374493,0.0094602541343618,0.0051739388221505,0.046107906864269,6,6,0.008760982382135045,34
astro_volatility_score_roll_max_21,True,True,composite,none,volatility,none,rolling_max,selected_features,0.007661181835901733,0.0024317706432780946,0.012276618295821,0.0051716538297228,0.0459670910154104,6,6,0.008734225904669969,35
astro_momentum_v2_smooth_sma_60,True,True,composite,none,momentum,none,smoothed_score,selected_features,0.007572846525998333,0.0019422586942181741,0.0095762632633785,0.0053751677801295,0.04543707915599,6,6,0.00863351813286905,36
astro_volatility_score_ema_21,True,True,composite,none,volatility,none,ema_transform,selected_features,0.007562448084527333,0.0018566325644426872,0.0102389911799131,0.0051448168522492,0.045374688507164,6,6,0.008621663259977432,37
astro_reversal_score_sma_30,True,True,composite,none,reversal,none,sma_transform,selected_features,0.007544208450178134,0.0018323893357419367,0.0100228888249567,0.0059480127560084,0.0452652507010688,6,6,0.008600868937347217,38
planet_trend_end_Pluto,True,True,pluto,none,trend_end,none,planet_component,selected_features,0.007524208420168384,0.0018945311736252616,0.0100043389046381,0.0061266611066042,0.0451452505210103,6,6,0.008578067653687986,39
astro_trend_start_score_sma_30,True,True,composite,none,trend_start,none,sma_transform,selected_features,0.007507619915397583,0.0020902175512004456,0.0117078403319266,0.0061771307882796,0.0450457194923855,6,6,0.008559155721927027,40
astro_trend_start_score_roll_max_5,True,True,composite,none,trend_start,none,rolling_max,selected_features,0.007492966726429684,0.003633627287554927,0.0118252310240043,0.0027672918835701,0.044957800358578104,6,6,0.00854245017108503,41
astro_trend_start_score_ema_60,True,True,composite,none,trend_start,none,ema_transform,selected_features,0.007465599424881167,0.0009389902195992639,0.0087677752274006,0.0058604397514738,0.044793596549287,6,6,0.008511249737621119,42
astro_trend_start_score_ema_10,True,True,composite,none,trend_start,none,ema_transform,selected_features,0.007453256643627851,0.0022461710586295877,0.0094911987535047,0.0043022921871552,0.044719539861767105,6,6,0.008497178195910258,43
astro_bearish_score_roll_min_21,True,True,composite,none,bearish,none,rolling_min,selected_features,0.007447524420045467,0.003185355267905672,0.0134330055189373,0.0045940898059421,0.0446851465202728,6,6,0.008490643102921079,44
astro_bullish_score_smooth_roll_min_30,True,True,composite,none,bullish,none,smoothed_score,selected_features,0.007420247788111833,0.004700171170693169,0.0144595367214362,0.0032970289158361,0.044521486728671,6,6,0.008459546038482476,45
astro_trend_start_score_ema_5,True,True,composite,none,trend_start,none,ema_transform,selected_features,0.007389191648835051,0.0022611491875302275,0.0098180169570451,0.0044395368486792,0.0443351498930103,6,6,0.00842414009955812,46
astro_momentum_v2_sma_60,True,True,composite,none,momentum,none,sma_transform,selected_features,0.007362605605713317,0.002238188426392037,0.0107922270346383,0.0049078606029544,0.0441756336342799,6,6,0.008393830349507764,47
astro_bearish_score_smooth_sma_30,True,True,composite,none,bearish,none,smoothed_score,selected_features,0.0073173871567907495,0.002322856908565767,0.0105685999347299,0.0047073028476295,0.0439043229407445,6,6,0.008342278492834988,48
astro_bearish_score_smooth_ema_30,True,True,composite,none,bearish,none,smoothed_score,selected_features,0.007288171733515334,0.00205401656024342,0.010108268065229,0.0050459373609561,0.043729030401092,6,6,0.008308971085145975,49
astro_bearish_score_smooth_chg_21,True,True,composite,none,bearish,none,smoothed_score,selected_features,0.007247333082213366,0.0031288738936236086,0.0116821198504423,0.0025902777450884,0.0434839984932802,6,6,0.008262412471376766,50
astro_trend_start_score_roll_min_30,True,True,composite,none,trend_start,none,rolling_min,selected_features,0.007211864130824633,0.004389855826410516,0.0149850843410328,0.0037349897056998,0.0432711847849478,6,6,0.008221975650966213,51
astro_bearish_score_smooth_roll_min_10,True,True,composite,none,bearish,none,smoothed_score,selected_features,0.0071913617353941495,0.002186598344532444,0.0115314568915159,0.0059086032976441,0.0431481704123649,6,6,0.008198601639343418,52
astro_trend_start_score_ema_21,True,True,composite,none,trend_start,none,ema_transform,selected_features,0.007181727148046983,0.0023222401567255333,0.0098962756061813,0.0040398363830022,0.0430903628882819,6,6,0.008187617607872701,53
astro_reversal_score_roll_max_21,True,True,composite,none,reversal,none,rolling_max,selected_features,0.007177450961814584,0.0014939125038697801,0.0097090482746378,0.0057684605339632,0.0430647057708875,6,6,0.008182742488424525,54
astro_trend_end_score_roll_max_30,True,True,composite,none,trend_end,none,rolling_max,selected_features,0.0071620140920590665,0.0030519320190312282,0.0122652507687174,0.0038671617430444,0.0429720845523544,6,6,0.008165143492526292,55
astro_bullish_score_smooth_ema_60,True,True,composite,none,bullish,none,smoothed_score,selected_features,0.007118972903637166,0.002176835991394072,0.0106411588229592,0.0048136994106906,0.042713837421823,6,6,0.008116073848842774,56
astro_trend_start_score,True,True,composite,none,trend_start,none,base_score,selected_features,0.007056014352977567,0.0022484649203755795,0.0092650255102835,0.003511052198071,0.0423360861178654,6,6,0.008044297167924609,57
astro_bullish_score_roll_min_30,True,True,composite,none,bullish,none,rolling_min,selected_features,0.007051430972457917,0.003980938193679734,0.0123296064519057,0.0031817951158032,0.0423085858347475,6,6,0.008039071827797832,58
astro_momentum_v2_smooth_roll_max_21,True,True,composite,none,momentum,none,smoothed_score,selected_features,0.007035434415247333,0.0017384554707487066,0.010265163649115,0.0053821627034465,0.042212606491484,6,6,0.008020834753235853,59
astro_trend_end_score_ema_30,True,True,composite,none,trend_end,none,ema_transform,selected_features,0.007008720739619033,0.0010502927191962945,0.0077827904602075,0.0055755227555133,0.0420523244377142,6,6,0.007990379494154511,60
astro_reversal_score_sma_10,True,True,composite,none,reversal,none,sma_transform,selected_features,0.006919856392727817,0.0032207087054976526,0.0103450736623234,0.0026178794610982,0.0415191383563669,6,6,0.007889068587137319,61
astro_trend_end_score_chg_30,True,True,composite,none,trend_end,none,change_transform,selected_features,0.006873646145949867,0.0028507073298550192,0.0118223837829581,0.003136180399044,0.041241876875699204,6,6,0.007836386018949502,62
astro_trend_start_score_chg_30,True,True,composite,none,trend_start,none,change_transform,selected_features,0.00683744056995415,0.003566149595971453,0.0125987600114518,0.0025522249140144,0.0410246434197249,6,6,0.007795109400468345,63
astro_trend_start_score_roll_min_5,True,True,composite,none,trend_start,none,rolling_min,selected_features,0.006836612872169068,0.0021019018178218603,0.0093110623915215,0.0034929684261252,0.041019677233014404,6,6,0.007794165773285157,64
astro_trend_start_score_roll_min_3,True,True,composite,none,trend_start,none,rolling_min,selected_features,0.006834607682155501,0.00231943436240568,0.0085468829651825,0.0030682028340177,0.041007646092933,6,6,0.007791879731400835,65
astro_bearish_score_roll_min_5,True,True,composite,none,bearish,none,rolling_min,selected_features,0.006784550471421649,0.0019060036991145172,0.0103116503918058,0.0053467827115031,0.0407073028285299,6,6,0.007734811383974557,66
astro_trend_start_score_ema_3,True,True,composite,none,trend_start,none,ema_transform,selected_features,0.006779992436489117,0.0020217851207489992,0.0093509490627024,0.0036263531869929,0.0406799546189347,6,6,0.007729614939400489,67
astro_trend_start_score_roll_max_3,True,True,composite,none,trend_start,none,rolling_max,selected_features,0.006769433622813233,0.0029015298522439303,0.0098838777712062,0.0025966660583313,0.0406166017368794,6,6,0.00771757723217648,68
astro_compression_score_roll_min_21,True,True,composite,none,compression,none,rolling_min,selected_features,0.006749449822311082,0.0020575560084199283,0.0100771739038988,0.0048324729399788,0.040496698933866496,6,6,0.007694794451169808,69
astro_trend_start_score_roll_min_21,True,True,composite,none,trend_start,none,rolling_min,selected_features,0.00671769220863585,0.0024162761506701796,0.0114038209262152,0.0049225565304003,0.0403061532518151,6,6,0.007658588787608492,70
astro_bullish_score_ema_60,True,True,composite,none,bullish,none,ema_transform,selected_features,0.0067148630862979,0.0016344177927123825,0.0096351858918653,0.0052127151103712,0.0402891785177874,6,6,0.007655363411401416,71
astro_bearish_score_smooth_roll_max_30,True,True,composite,none,bearish,none,smoothed_score,selected_features,0.006701713960227,0.0023196031119998304,0.0105203463815262,0.0044253216115612,0.040210283761362,6,6,0.007640372586224284,72
astro_trend_start_score_roll_min_10,True,True,composite,none,trend_start,none,rolling_min,selected_features,0.006701043319595917,0.002240606865967719,0.0104986301535715,0.0036739762047132,0.0402062599175755,6,6,0.007639608014008379,73
astro_trend_start_score_sma_5,True,True,composite,none,trend_start,none,sma_transform,selected_features,0.006688112957742784,0.0018402531938460128,0.0084821155488243,0.0041169615229971,0.040128677746456703,6,6,0.007624866593706207,74
astro_bullish_score_smooth_chg_30,True,True,composite,none,bullish,none,smoothed_score,selected_features,0.006664303315642534,0.003157153438985679,0.0106825067293028,0.0030013781781427,0.039985819893855204,6,6,0.007597722114268532,75
astro_volatility_score_ema_30,True,True,composite,none,volatility,none,ema_transform,selected_features,0.006648979634462417,0.001513982438796915,0.0085905214813471,0.0044731847020423,0.0398938778067745,6,6,0.007580252160417407,76
astro_trend_start_score_sma_10,True,True,composite,none,trend_start,none,sma_transform,selected_features,0.006617848463686467,0.002325052386154922,0.0084940428870664,0.0035495334952899,0.0397070907821188,6,6,0.007544760680896609,77
astro_reversal_score_sma_21,True,True,composite,none,reversal,none,sma_transform,selected_features,0.006598140027435517,0.002270550054740399,0.0095026169700647,0.0042594208859299,0.0395888401646131,6,6,0.007522291832338947,78
astro_bullish_score_roll_max_21,True,True,composite,none,bullish,none,rolling_max,selected_features,0.006554817823951634,0.00215498707619557,0.0102599383293672,0.0044444031131068,0.0393289069437098,6,6,0.007472901813929108,79
astro_volatility_score_ema_10,True,True,composite,none,volatility,none,ema_transform,selected_features,0.0065155498416667665,0.0025129025876922577,0.0106759381686676,0.0040929943840249,0.0390932990500006,6,6,0.007428133860962719,80
astro_bullish_score_smooth_roll_min_21,True,True,composite,none,bullish,none,smoothed_score,selected_features,0.006512097607837449,0.0036789979189510436,0.0123746655850321,0.0034521074407673,0.0390725856470247,6,6,0.007424198098728268,81
astro_trend_start_score_sma_3,True,True,composite,none,trend_start,none,sma_transform,selected_features,0.0064193234475264,0.0019815954846873402,0.0083485056843711,0.0027404083046821,0.0385159406851584,6,6,0.007318429760157383,82
astro_reversal_score_ema_5,True,True,composite,none,reversal,none,ema_transform,selected_features,0.0062914014605025,0.002841051995894439,0.0093511385121518,0.0022118682137171,0.037748408763015,6,6,0.007172590703367851,83
astro_momentum_v2_smooth_roll_min_30,True,True,composite,none,momentum,none,smoothed_score,selected_features,0.0062703419383646495,0.0020861463836909645,0.009069773348888,0.004010336560351,0.0376220516301879,6,6,0.007148581532493663,84
astro_momentum_v2_smooth_roll_max_30,True,True,composite,none,momentum,none,smoothed_score,selected_features,0.006265057653557167,0.002561681038956791,0.0104095900990248,0.0043759035539252,0.037590345921343,6,6,0.007142557117691644,85
astro_bearish_score_chg_30,True,True,composite,none,bearish,none,change_transform,selected_features,0.006218589438998,0.002465222953637765,0.0089222695864353,0.0022260924442501,0.037311536633988,6,6,0.0070895804501173955,86
astro_bullish_score_roll_max_10,True,True,composite,none,bullish,none,rolling_max,selected_features,0.00620856328024165,0.003927148052262204,0.0114717123644049,0.0024967211926801,0.0372513796814499,6,6,0.007078150002777838,87
astro_trend_start_score_sma_21,True,True,composite,none,trend_start,none,sma_transform,selected_features,0.006199171437156717,0.0016511352973899906,0.0081922351952972,0.0042465609256252,0.0371950286229403,6,6,0.007067442714930863,88
astro_bullish_score_roll_min_21,True,True,composite,none,bullish,none,rolling_min,selected_features,0.006188236822279367,0.002693382935960098,0.0109661405031329,0.0038106974093459,0.0371294209336762,6,6,0.007054976570860012,89
astro_volatility_score_sma_10,True,True,composite,none,volatility,none,sma_transform,selected_features,0.006160386487640934,0.002493766220985824,0.0091366245256493,0.0027573832671728,0.0369623189258456,6,6,0.007023225449497403,90
astro_reversal_score_roll_min_10,True,True,composite,none,reversal,none,rolling_min,selected_features,0.006132942118999316,0.002961696218257018,0.0093851375101342,0.0023165078974207,0.0367976527139959,6,6,0.006991937154732798,91
astro_bullish_score_smooth_sma_30,True,True,composite,none,bullish,none,smoothed_score,selected_features,0.006128048617570984,0.0018255720134140432,0.0090936333703849,0.0038381178218831,0.0367682917054259,6,6,0.006986358257396151,92
astro_compression_score_roll_min_30,True,True,composite,none,compression,none,rolling_min,selected_features,0.006028810455922667,0.0035244438002281367,0.0125709266761707,0.0029025175977163,0.036172862735536,6,6,0.006873220553479672,93
astro_bearish_score_chg_21,True,True,composite,none,bearish,none,change_transform,selected_features,0.00582835193404125,0.002311498319229985,0.0081331285490698,0.0018060177453908,0.0349701116042475,6,6,0.006644685315427533,94
astro_momentum_v2_smooth_chg_21,True,True,composite,none,momentum,none,smoothed_score,selected_features,0.0058275024071129,0.002433040866740588,0.0091366751375394,0.0022235857991969,0.0349650144426774,6,6,0.006643716801657303,95
astro_bullish_score_smooth_chg_21,True,True,composite,none,bullish,none,smoothed_score,selected_features,0.00580547696396385,0.003336765037901744,0.0092643377763659,0.0016981794994062,0.0348328617837831,6,6,0.00661860642048703,96
astro_momentum_v2_roll_max_30,True,True,composite,none,momentum,none,rolling_max,selected_features,0.005784809989561983,0.0017994662972092522,0.0084987430286699,0.0044947932645479,0.0347088599373719,6,6,0.0065950447785552285,97
planet_bullish_Jupiter,True,True,jupiter,none,bullish,none,planet_component,selected_features,0.005734502109884034,0.002252853764575826,0.0086654203962264,0.003004173135086,0.0344070126593042,6,6,0.006537690652872811,98
astro_bearish_score_smooth_chg_5,True,True,composite,none,bearish,none,smoothed_score,selected_features,0.005734112157009401,0.003572607298633528,0.010804964834874,0.0022283031055794,0.0344046729420564,6,6,0.006537246082234471,99
astro_reversal_score_roll_min_30,True,True,composite,none,reversal,none,rolling_min,selected_features,0.0055916574511720996,0.0012537848103283107,0.0075042924753292,0.0040658784456991,0.0335499447070326,6,6,0.006374838818105118,100
astro_bullish_score_chg_30,True,True,composite,none,bullish,none,change_transform,selected_features,0.005516394430405899,0.002925540175668999,0.0104833507929365,0.0024334232112029,0.033098366582435396,6,6,0.006289034272576734,101
astro_bullish_score_roll_max_5,True,True,composite,none,bullish,none,rolling_max,selected_features,0.0054484114258555,0.003611925591964615,0.0101589408332123,0.0019793574019578,0.032690468555133,6,6,0.006211529400333808,102
astro_bearish_score_chg_10,True,True,composite,none,bearish,none,change_transform,selected_features,0.0054283035149373,0.0028119666739324064,0.0096751864237566,0.0024345108911003,0.0325698210896238,6,6,0.006188605125699375,103
astro_bullish_score_roll_min_3,True,True,composite,none,bullish,none,rolling_min,selected_features,0.00535475041793625,0.0030690248690071874,0.0092727418072842,0.0020719307422104,0.0321285025076175,6,6,0.006104750000086152,104
astro_bullish_score,True,True,composite,none,bullish,none,base_score,selected_features,0.005297894303521784,0.002925445179330168,0.0091044834565864,0.0021424502464225,0.0317873658211307,6,6,0.006039930477720742,105
astro_bullish_score_ema_3,True,True,composite,none,bullish,none,ema_transform,selected_features,0.005276314008693116,0.003276247032726271,0.0084855629803788,0.0017523941642637,0.0316578840521587,6,6,0.00601532759344515,106
astro_bearish_score_chg_3,True,True,composite,none,bearish,none,change_transform,selected_features,0.005256213147782434,0.00219972147219571,0.0094546126993083,0.003252724540669,0.0315372788866946,6,6,0.005992411356259717,107
astro_trend_start_score_chg_21,True,True,composite,none,trend_start,none,change_transform,selected_features,0.005239555769349434,0.00275947190651779,0.0085170378387207,0.0015478118393482,0.0314373346160966,6,6,0.005973420904221154,108
astro_bullish_score_smooth_roll_max_5,True,True,composite,none,bullish,none,smoothed_score,selected_features,0.00518724205085195,0.0031459781745324118,0.008901495792181,0.0018961955198996,0.0311234523051117,6,6,0.005913779996975078,109
astro_bullish_score_smooth_roll_min_10,True,True,composite,none,bullish,none,smoothed_score,selected_features,0.0051470812190121664,0.002004326096248538,0.0078248891309107,0.0026567231803498,0.030882487314073,6,6,0.005867994139737709,110
astro_bullish_score_ema_5,True,True,composite,none,bullish,none,ema_transform,selected_features,0.0050586574884525495,0.003064047142155278,0.0090136355311299,0.0021707191485013,0.0303519449307153,6,6,0.005767185562864861,111
astro_bullish_score_sma_5,True,True,composite,none,bullish,none,sma_transform,selected_features,0.0050127592221501,0.003300822364548263,0.0094461641808747,0.0017759813966004,0.0300765553329006,6,6,0.005714858671909255,112
astro_bullish_score_smooth,True,True,composite,none,bullish,none,smoothed_score,selected_features,0.004924257775659383,0.002862158131070185,0.0085183728577001,0.0018354903022089,0.029545546653956298,6,6,0.0056139614940198595,113
astro_bullish_score_sma_3,True,True,composite,none,bullish,none,sma_transform,selected_features,0.00491408880112205,0.0031567560849456422,0.0089161258618967,0.0017144336071334,0.0294845328067323,6,6,0.005602368227767949,114
astro_bullish_score_smooth_sma_10,True,True,composite,none,bullish,none,smoothed_score,selected_features,0.00486728186279885,0.0019879816066569406,0.0075590783787268,0.0028228825115061,0.0292036911767931,6,6,0.005549005393941847,115
astro_bullish_score_smooth_ema_5,True,True,composite,none,bullish,none,smoothed_score,selected_features,0.004805118545769717,0.002535488436938778,0.0086844383015481,0.0018422837585833,0.028830711274618302,6,6,0.005478135329042498,116
astro_bullish_score_smooth_roll_max_3,True,True,composite,none,bullish,none,smoothed_score,selected_features,0.004773236325155834,0.0028953000560421756,0.0088930379145234,0.0016879053622289,0.028639417950935,6,6,0.005441787605786638,117
planet_trend_start_Jupiter,True,True,jupiter,none,trend_start,none,planet_component,selected_features,0.004739725953233167,0.002352894757380675,0.0092181292709437,0.0028819891012989,0.028438355719399,6,6,0.005403583688324387,118
astro_bullish_score_smooth_roll_min_3,True,True,composite,none,bullish,none,smoothed_score,selected_features,0.00470239212926435,0.002708459732741904,0.0088146183906093,0.001846036186447,0.0282143527755861,6,6,0.005361020796669637,119
astro_bullish_score_smooth_ema_3,True,True,composite,none,bullish,none,smoothed_score,selected_features,0.0045831780475867,0.002442627778549727,0.0080773334552035,0.0017894726770604,0.0274990682855202,6,6,0.0052251092959778095,120
astro_bullish_score_smooth_sma_3,True,True,composite,none,bullish,none,smoothed_score,selected_features,0.004315757387605183,0.002223357233489308,0.0072760670537747,0.0018371300401369,0.0258945443256311,6,6,0.0049202330372119735,121
astro_reversal_score_chg_10,True,True,composite,none,reversal,none,change_transform,selected_features,0.004235717744831267,0.003275693567368845,0.0096933967638999,0.0009124397371327,0.0254143064689876,6,6,0.0048289828441881715,122
planet_bullish_Saturn,True,True,saturn,none,bullish,none,planet_component,selected_features,0.003912600490759483,0.0025008869308699444,0.0084555889476867,0.0020752407462393,0.0234756029445569,6,6,0.004460608988664428,123
astro_bullish_score_chg_3,True,True,composite,none,bullish,none,change_transform,selected_features,0.0038224620760814666,0.0030126254201639064,0.0088161062901003,0.0008681699895879,0.0229347724564888,6,6,0.004357845564776323,124
astro_momentum_v2_chg_5,True,True,composite,none,momentum,none,change_transform,selected_features,0.0033190671717084497,0.0033950158424560666,0.0095797675940195,0.0003817541993212,0.0199144030302507,6,6,0.0037839439255475554,125
astro_momentum_v2_chg_3,True,True,composite,none,momentum,none,change_transform,selected_features,0.00280808929269535,0.0028493497078488942,0.0081225631061279,0.0004554503699082,0.0168485357561721,6,6,0.0032013972215031348,126
