feature,in_ml_dataset,in_selected_features,is_numeric,is_valid_model_feature,is_broad_astro_feature,covered_by_current_importance_mapping,mapping_gap,primary_category,planet,aspect,natal_target,is_house_feature,exclusion_reason,recommended_mapping_fix
astro_bearish_score_chg_10,True,True,True,True,True,True,False,composite_astro_score,,,bearish,False,,covered_by_current_mapping
astro_bearish_score_chg_21,True,True,True,True,True,True,False,composite_astro_score,,,bearish,False,,covered_by_current_mapping
astro_bearish_score_chg_3,True,True,True,True,True,True,False,composite_astro_score,,,bearish,False,,covered_by_current_mapping
astro_bearish_score_chg_30,True,True,True,True,True,True,False,composite_astro_score,,,bearish,False,,covered_by_current_mapping
astro_bearish_score_ema_60,True,True,True,True,True,True,False,composite_astro_score,,,bearish,False,,covered_by_current_mapping
astro_bearish_score_roll_min_21,True,True,True,True,True,True,False,composite_astro_score,,,bearish,False,,covered_by_current_mapping
astro_bearish_score_roll_min_30,True,True,True,True,True,True,False,composite_astro_score,,,bearish,False,,covered_by_current_mapping
astro_bearish_score_roll_min_5,True,True,True,True,True,True,False,composite_astro_score,,,bearish,False,,covered_by_current_mapping
astro_bearish_score_sma_60,True,True,True,True,True,True,False,composite_astro_score,,,bearish,False,,covered_by_current_mapping
astro_bearish_score_smooth_chg_21,True,True,True,True,True,True,False,composite_astro_score,,,bearish,False,,covered_by_current_mapping
astro_bearish_score_smooth_chg_30,True,True,True,True,True,True,False,composite_astro_score,,,bearish,False,,covered_by_current_mapping
astro_bearish_score_smooth_chg_5,True,True,True,True,True,True,False,composite_astro_score,,,bearish,False,,covered_by_current_mapping
astro_bearish_score_smooth_ema_30,True,True,True,True,True,True,False,composite_astro_score,,,bearish,False,,covered_by_current_mapping
astro_bearish_score_smooth_ema_60,True,True,True,True,True,True,False,composite_astro_score,,,bearish,False,,covered_by_current_mapping
astro_bearish_score_smooth_roll_max_30,True,True,True,True,True,True,False,composite_astro_score,,,bearish,False,,covered_by_current_mapping
astro_bearish_score_smooth_roll_min_10,True,True,True,True,True,True,False,composite_astro_score,,,bearish,False,,covered_by_current_mapping
astro_bearish_score_smooth_roll_min_21,True,True,True,True,True,True,False,composite_astro_score,,,bearish,False,,covered_by_current_mapping
astro_bearish_score_smooth_roll_min_30,True,True,True,True,True,True,False,composite_astro_score,,,bearish,False,,covered_by_current_mapping
astro_bearish_score_smooth_sma_30,True,True,True,True,True,True,False,composite_astro_score,,,bearish,False,,covered_by_current_mapping
astro_bearish_score_smooth_sma_60,True,True,True,True,True,True,False,composite_astro_score,,,bearish,False,,covered_by_current_mapping
astro_bullish_score,True,True,True,True,True,True,False,composite_astro_score,,,bullish,False,,covered_by_current_mapping
astro_bullish_score_chg_3,True,True,True,True,True,True,False,composite_astro_score,,,bullish,False,,covered_by_current_mapping
astro_bullish_score_chg_30,True,True,True,True,True,True,False,composite_astro_score,,,bullish,False,,covered_by_current_mapping
astro_bullish_score_ema_3,True,True,True,True,True,True,False,composite_astro_score,,,bullish,False,,covered_by_current_mapping
astro_bullish_score_ema_5,True,True,True,True,True,True,False,composite_astro_score,,,bullish,False,,covered_by_current_mapping
astro_bullish_score_ema_60,True,True,True,True,True,True,False,composite_astro_score,,,bullish,False,,covered_by_current_mapping
astro_bullish_score_roll_max_10,True,True,True,True,True,True,False,composite_astro_score,,,bullish,False,,covered_by_current_mapping
astro_bullish_score_roll_max_21,True,True,True,True,True,True,False,composite_astro_score,,,bullish,False,,covered_by_current_mapping
astro_bullish_score_roll_max_30,True,True,True,True,True,True,False,composite_astro_score,,,bullish,False,,covered_by_current_mapping
astro_bullish_score_roll_max_5,True,True,True,True,True,True,False,composite_astro_score,,,bullish,False,,covered_by_current_mapping
astro_bullish_score_roll_min_21,True,True,True,True,True,True,False,composite_astro_score,,,bullish,False,,covered_by_current_mapping
astro_bullish_score_roll_min_3,True,True,True,True,True,True,False,composite_astro_score,,,bullish,False,,covered_by_current_mapping
astro_bullish_score_roll_min_30,True,True,True,True,True,True,False,composite_astro_score,,,bullish,False,,covered_by_current_mapping
astro_bullish_score_sma_3,True,True,True,True,True,True,False,composite_astro_score,,,bullish,False,,covered_by_current_mapping
astro_bullish_score_sma_5,True,True,True,True,True,True,False,composite_astro_score,,,bullish,False,,covered_by_current_mapping
astro_bullish_score_sma_60,True,True,True,True,True,True,False,composite_astro_score,,,bullish,False,,covered_by_current_mapping
astro_bullish_score_smooth,True,True,True,True,True,True,False,composite_astro_score,,,bullish,False,,covered_by_current_mapping
astro_bullish_score_smooth_chg_21,True,True,True,True,True,True,False,composite_astro_score,,,bullish,False,,covered_by_current_mapping
astro_bullish_score_smooth_chg_30,True,True,True,True,True,True,False,composite_astro_score,,,bullish,False,,covered_by_current_mapping
astro_bullish_score_smooth_ema_3,True,True,True,True,True,True,False,composite_astro_score,,,bullish,False,,covered_by_current_mapping
astro_bullish_score_smooth_ema_5,True,True,True,True,True,True,False,composite_astro_score,,,bullish,False,,covered_by_current_mapping
astro_bullish_score_smooth_ema_60,True,True,True,True,True,True,False,composite_astro_score,,,bullish,False,,covered_by_current_mapping
astro_bullish_score_smooth_roll_max_21,True,True,True,True,True,True,False,composite_astro_score,,,bullish,False,,covered_by_current_mapping
astro_bullish_score_smooth_roll_max_3,True,True,True,True,True,True,False,composite_astro_score,,,bullish,False,,covered_by_current_mapping
astro_bullish_score_smooth_roll_max_30,True,True,True,True,True,True,False,composite_astro_score,,,bullish,False,,covered_by_current_mapping
astro_bullish_score_smooth_roll_max_5,True,True,True,True,True,True,False,composite_astro_score,,,bullish,False,,covered_by_current_mapping
astro_bullish_score_smooth_roll_min_10,True,True,True,True,True,True,False,composite_astro_score,,,bullish,False,,covered_by_current_mapping
astro_bullish_score_smooth_roll_min_21,True,True,True,True,True,True,False,composite_astro_score,,,bullish,False,,covered_by_current_mapping
astro_bullish_score_smooth_roll_min_3,True,True,True,True,True,True,False,composite_astro_score,,,bullish,False,,covered_by_current_mapping
astro_bullish_score_smooth_roll_min_30,True,True,True,True,True,True,False,composite_astro_score,,,bullish,False,,covered_by_current_mapping
astro_bullish_score_smooth_sma_10,True,True,True,True,True,True,False,composite_astro_score,,,bullish,False,,covered_by_current_mapping
astro_bullish_score_smooth_sma_3,True,True,True,True,True,True,False,composite_astro_score,,,bullish,False,,covered_by_current_mapping
astro_bullish_score_smooth_sma_30,True,True,True,True,True,True,False,composite_astro_score,,,bullish,False,,covered_by_current_mapping
astro_bullish_score_smooth_sma_60,True,True,True,True,True,True,False,composite_astro_score,,,bullish,False,,covered_by_current_mapping
astro_compression_score_ema_21,True,True,True,True,True,True,False,composite_astro_score,,,compression,False,,covered_by_current_mapping
astro_compression_score_ema_30,True,True,True,True,True,True,False,composite_astro_score,,,compression,False,,covered_by_current_mapping
astro_compression_score_ema_60,True,True,True,True,True,True,False,composite_astro_score,,,compression,False,,covered_by_current_mapping
astro_compression_score_roll_min_21,True,True,True,True,True,True,False,composite_astro_score,,,compression,False,,covered_by_current_mapping
astro_compression_score_roll_min_30,True,True,True,True,True,True,False,composite_astro_score,,,compression,False,,covered_by_current_mapping
astro_compression_score_sma_60,True,True,True,True,True,True,False,composite_astro_score,,,compression,False,,covered_by_current_mapping
astro_momentum_v2_chg_3,True,True,True,True,True,True,False,composite_astro_score,,,momentum,False,,covered_by_current_mapping
astro_momentum_v2_chg_5,True,True,True,True,True,True,False,composite_astro_score,,,momentum,False,,covered_by_current_mapping
astro_momentum_v2_roll_max_30,True,True,True,True,True,True,False,composite_astro_score,,,momentum,False,,covered_by_current_mapping
astro_momentum_v2_sma_60,True,True,True,True,True,True,False,composite_astro_score,,,momentum,False,,covered_by_current_mapping
astro_momentum_v2_smooth_chg_21,True,True,True,True,True,True,False,composite_astro_score,,,momentum,False,,covered_by_current_mapping
astro_momentum_v2_smooth_chg_30,True,True,True,True,True,True,False,composite_astro_score,,,momentum,False,,covered_by_current_mapping
astro_momentum_v2_smooth_roll_max_21,True,True,True,True,True,True,False,composite_astro_score,,,momentum,False,,covered_by_current_mapping
astro_momentum_v2_smooth_roll_max_30,True,True,True,True,True,True,False,composite_astro_score,,,momentum,False,,covered_by_current_mapping
astro_momentum_v2_smooth_roll_min_30,True,True,True,True,True,True,False,composite_astro_score,,,momentum,False,,covered_by_current_mapping
astro_momentum_v2_smooth_sma_60,True,True,True,True,True,True,False,composite_astro_score,,,momentum,False,,covered_by_current_mapping
astro_reversal_score_chg_10,True,True,True,True,True,True,False,composite_astro_score,,,reversal,False,,covered_by_current_mapping
astro_reversal_score_ema_30,True,True,True,True,True,True,False,composite_astro_score,,,reversal,False,,covered_by_current_mapping
astro_reversal_score_ema_5,True,True,True,True,True,True,False,composite_astro_score,,,reversal,False,,covered_by_current_mapping
astro_reversal_score_ema_60,True,True,True,True,True,True,False,composite_astro_score,,,reversal,False,,covered_by_current_mapping
astro_reversal_score_roll_max_21,True,True,True,True,True,True,False,composite_astro_score,,,reversal,False,,covered_by_current_mapping
astro_reversal_score_roll_max_30,True,True,True,True,True,True,False,composite_astro_score,,,reversal,False,,covered_by_current_mapping
astro_reversal_score_roll_min_10,True,True,True,True,True,True,False,composite_astro_score,,,reversal,False,,covered_by_current_mapping
astro_reversal_score_roll_min_30,True,True,True,True,True,True,False,composite_astro_score,,,reversal,False,,covered_by_current_mapping
astro_reversal_score_sma_10,True,True,True,True,True,True,False,composite_astro_score,,,reversal,False,,covered_by_current_mapping
astro_reversal_score_sma_21,True,True,True,True,True,True,False,composite_astro_score,,,reversal,False,,covered_by_current_mapping
astro_reversal_score_sma_30,True,True,True,True,True,True,False,composite_astro_score,,,reversal,False,,covered_by_current_mapping
astro_reversal_score_sma_60,True,True,True,True,True,True,False,composite_astro_score,,,reversal,False,,covered_by_current_mapping
astro_trend_end_score_chg_30,True,True,True,True,True,True,False,composite_astro_score,,,trend_end,False,,covered_by_current_mapping
astro_trend_end_score_ema_30,True,True,True,True,True,True,False,composite_astro_score,,,trend_end,False,,covered_by_current_mapping
astro_trend_end_score_ema_60,True,True,True,True,True,True,False,composite_astro_score,,,trend_end,False,,covered_by_current_mapping
astro_trend_end_score_roll_max_30,True,True,True,True,True,True,False,composite_astro_score,,,trend_end,False,,covered_by_current_mapping
astro_trend_end_score_sma_60,True,True,True,True,True,True,False,composite_astro_score,,,trend_end,False,,covered_by_current_mapping
astro_trend_start_score,True,True,True,True,True,True,False,composite_astro_score,,,trend_start,False,,covered_by_current_mapping
astro_trend_start_score_chg_21,True,True,True,True,True,True,False,composite_astro_score,,,trend_start,False,,covered_by_current_mapping
astro_trend_start_score_chg_30,True,True,True,True,True,True,False,composite_astro_score,,,trend_start,False,,covered_by_current_mapping
astro_trend_start_score_ema_10,True,True,True,True,True,True,False,composite_astro_score,,,trend_start,False,,covered_by_current_mapping
astro_trend_start_score_ema_21,True,True,True,True,True,True,False,composite_astro_score,,,trend_start,False,,covered_by_current_mapping
astro_trend_start_score_ema_3,True,True,True,True,True,True,False,composite_astro_score,,,trend_start,False,,covered_by_current_mapping
astro_trend_start_score_ema_30,True,True,True,True,True,True,False,composite_astro_score,,,trend_start,False,,covered_by_current_mapping
astro_trend_start_score_ema_5,True,True,True,True,True,True,False,composite_astro_score,,,trend_start,False,,covered_by_current_mapping
astro_trend_start_score_ema_60,True,True,True,True,True,True,False,composite_astro_score,,,trend_start,False,,covered_by_current_mapping
astro_trend_start_score_roll_max_10,True,True,True,True,True,True,False,composite_astro_score,,,trend_start,False,,covered_by_current_mapping
astro_trend_start_score_roll_max_21,True,True,True,True,True,True,False,composite_astro_score,,,trend_start,False,,covered_by_current_mapping
astro_trend_start_score_roll_max_3,True,True,True,True,True,True,False,composite_astro_score,,,trend_start,False,,covered_by_current_mapping
astro_trend_start_score_roll_max_30,True,True,True,True,True,True,False,composite_astro_score,,,trend_start,False,,covered_by_current_mapping
astro_trend_start_score_roll_max_5,True,True,True,True,True,True,False,composite_astro_score,,,trend_start,False,,covered_by_current_mapping
astro_trend_start_score_roll_min_10,True,True,True,True,True,True,False,composite_astro_score,,,trend_start,False,,covered_by_current_mapping
astro_trend_start_score_roll_min_21,True,True,True,True,True,True,False,composite_astro_score,,,trend_start,False,,covered_by_current_mapping
astro_trend_start_score_roll_min_3,True,True,True,True,True,True,False,composite_astro_score,,,trend_start,False,,covered_by_current_mapping
astro_trend_start_score_roll_min_30,True,True,True,True,True,True,False,composite_astro_score,,,trend_start,False,,covered_by_current_mapping
astro_trend_start_score_roll_min_5,True,True,True,True,True,True,False,composite_astro_score,,,trend_start,False,,covered_by_current_mapping
astro_trend_start_score_sma_10,True,True,True,True,True,True,False,composite_astro_score,,,trend_start,False,,covered_by_current_mapping
astro_trend_start_score_sma_21,True,True,True,True,True,True,False,composite_astro_score,,,trend_start,False,,covered_by_current_mapping
astro_trend_start_score_sma_3,True,True,True,True,True,True,False,composite_astro_score,,,trend_start,False,,covered_by_current_mapping
astro_trend_start_score_sma_30,True,True,True,True,True,True,False,composite_astro_score,,,trend_start,False,,covered_by_current_mapping
astro_trend_start_score_sma_5,True,True,True,True,True,True,False,composite_astro_score,,,trend_start,False,,covered_by_current_mapping
astro_trend_start_score_sma_60,True,True,True,True,True,True,False,composite_astro_score,,,trend_start,False,,covered_by_current_mapping
astro_volatility_score_ema_10,True,True,True,True,True,True,False,composite_astro_score,,,volatility,False,,covered_by_current_mapping
astro_volatility_score_ema_21,True,True,True,True,True,True,False,composite_astro_score,,,volatility,False,,covered_by_current_mapping
astro_volatility_score_ema_30,True,True,True,True,True,True,False,composite_astro_score,,,volatility,False,,covered_by_current_mapping
astro_volatility_score_roll_max_21,True,True,True,True,True,True,False,composite_astro_score,,,volatility,False,,covered_by_current_mapping
astro_volatility_score_roll_max_30,True,True,True,True,True,True,False,composite_astro_score,,,volatility,False,,covered_by_current_mapping
astro_volatility_score_sma_10,True,True,True,True,True,True,False,composite_astro_score,,,volatility,False,,covered_by_current_mapping
astro_volatility_score_sma_21,True,True,True,True,True,True,False,composite_astro_score,,,volatility,False,,covered_by_current_mapping
trend_start,True,True,True,True,True,False,True,natal_target_feature,,,trend_start,False,,expand_astro_feature_detector
planet_bullish_Jupiter,True,True,True,True,True,True,False,planet_feature,jupiter,,bullish,False,,covered_by_current_mapping
planet_bullish_Saturn,True,True,True,True,True,True,False,planet_feature,saturn,,bullish,False,,covered_by_current_mapping
planet_reversal_Pluto,True,True,True,True,True,True,False,planet_feature,pluto,,reversal,False,,covered_by_current_mapping
planet_trend_end_Pluto,True,True,True,True,True,True,False,planet_feature,pluto,,trend_end,False,,covered_by_current_mapping
planet_trend_start_Jupiter,True,True,True,True,True,True,False,planet_feature,jupiter,,trend_start,False,,covered_by_current_mapping
planet_trend_start_Pluto,True,True,True,True,True,True,False,planet_feature,pluto,,trend_start,False,,covered_by_current_mapping
planet_volatility_Pluto,True,True,True,True,True,True,False,planet_feature,pluto,,volatility,False,,covered_by_current_mapping
btc_return_14d,True,True,True,True,False,False,False,ml_derived_feature,,,,False,,
btc_return_30d,True,True,True,True,False,False,False,ml_derived_feature,,,,False,,
btc_return_3d,True,True,True,True,False,False,False,ml_derived_feature,,,,False,,
btc_vol_14d,True,True,True,True,False,False,False,ml_derived_feature,,,,False,,
btc_vol_30d,True,True,True,True,False,False,False,ml_derived_feature,,,,False,,
buy_hold_drawdown,True,True,True,True,False,False,False,ml_derived_feature,,,,False,,
buy_hold_equity,True,True,True,True,False,False,False,ml_derived_feature,,,,False,,
strategy_drawdown,True,True,True,True,False,False,False,ml_derived_feature,,,,False,,
strategy_equity,True,True,True,True,False,False,False,ml_derived_feature,,,,False,,
astro_bearish_score,True,False,True,True,True,True,False,composite_astro_score,,,bearish,False,,covered_by_current_mapping
astro_bearish_score_chg_5,True,False,True,True,True,True,False,composite_astro_score,,,bearish,False,,covered_by_current_mapping
astro_bearish_score_ema_10,True,False,True,True,True,True,False,composite_astro_score,,,bearish,False,,covered_by_current_mapping
astro_bearish_score_ema_21,True,False,True,True,True,True,False,composite_astro_score,,,bearish,False,,covered_by_current_mapping
astro_bearish_score_ema_3,True,False,True,True,True,True,False,composite_astro_score,,,bearish,False,,covered_by_current_mapping
astro_bearish_score_ema_30,True,False,True,True,True,True,False,composite_astro_score,,,bearish,False,,covered_by_current_mapping
astro_bearish_score_ema_5,True,False,True,True,True,True,False,composite_astro_score,,,bearish,False,,covered_by_current_mapping
astro_bearish_score_roll_max_10,True,False,True,True,True,True,False,composite_astro_score,,,bearish,False,,covered_by_current_mapping
astro_bearish_score_roll_max_21,True,False,True,True,True,True,False,composite_astro_score,,,bearish,False,,covered_by_current_mapping
astro_bearish_score_roll_max_3,True,False,True,True,True,True,False,composite_astro_score,,,bearish,False,,covered_by_current_mapping
astro_bearish_score_roll_max_30,True,False,True,True,True,True,False,composite_astro_score,,,bearish,False,,covered_by_current_mapping
astro_bearish_score_roll_max_5,True,False,True,True,True,True,False,composite_astro_score,,,bearish,False,,covered_by_current_mapping
astro_bearish_score_roll_min_10,True,False,True,True,True,True,False,composite_astro_score,,,bearish,False,,covered_by_current_mapping
astro_bearish_score_roll_min_3,True,False,True,True,True,True,False,composite_astro_score,,,bearish,False,,covered_by_current_mapping
astro_bearish_score_sma_10,True,False,True,True,True,True,False,composite_astro_score,,,bearish,False,,covered_by_current_mapping
astro_bearish_score_sma_21,True,False,True,True,True,True,False,composite_astro_score,,,bearish,False,,covered_by_current_mapping
astro_bearish_score_sma_3,True,False,True,True,True,True,False,composite_astro_score,,,bearish,False,,covered_by_current_mapping
astro_bearish_score_sma_30,True,False,True,True,True,True,False,composite_astro_score,,,bearish,False,,covered_by_current_mapping
astro_bearish_score_sma_5,True,False,True,True,True,True,False,composite_astro_score,,,bearish,False,,covered_by_current_mapping
astro_bearish_score_smooth,True,False,True,True,True,True,False,composite_astro_score,,,bearish,False,,covered_by_current_mapping
astro_bearish_score_smooth_chg_10,True,False,True,True,True,True,False,composite_astro_score,,,bearish,False,,covered_by_current_mapping
astro_bearish_score_smooth_chg_3,True,False,True,True,True,True,False,composite_astro_score,,,bearish,False,,covered_by_current_mapping
astro_bearish_score_smooth_ema_10,True,False,True,True,True,True,False,composite_astro_score,,,bearish,False,,covered_by_current_mapping
astro_bearish_score_smooth_ema_21,True,False,True,True,True,True,False,composite_astro_score,,,bearish,False,,covered_by_current_mapping
astro_bearish_score_smooth_ema_3,True,False,True,True,True,True,False,composite_astro_score,,,bearish,False,,covered_by_current_mapping
astro_bearish_score_smooth_ema_5,True,False,True,True,True,True,False,composite_astro_score,,,bearish,False,,covered_by_current_mapping
astro_bearish_score_smooth_roll_max_10,True,False,True,True,True,True,False,composite_astro_score,,,bearish,False,,covered_by_current_mapping
astro_bearish_score_smooth_roll_max_21,True,False,True,True,True,True,False,composite_astro_score,,,bearish,False,,covered_by_current_mapping
astro_bearish_score_smooth_roll_max_3,True,False,True,True,True,True,False,composite_astro_score,,,bearish,False,,covered_by_current_mapping
astro_bearish_score_smooth_roll_max_5,True,False,True,True,True,True,False,composite_astro_score,,,bearish,False,,covered_by_current_mapping
astro_bearish_score_smooth_roll_min_3,True,False,True,True,True,True,False,composite_astro_score,,,bearish,False,,covered_by_current_mapping
astro_bearish_score_smooth_roll_min_5,True,False,True,True,True,True,False,composite_astro_score,,,bearish,False,,covered_by_current_mapping
astro_bearish_score_smooth_sma_10,True,False,True,True,True,True,False,composite_astro_score,,,bearish,False,,covered_by_current_mapping
astro_bearish_score_smooth_sma_21,True,False,True,True,True,True,False,composite_astro_score,,,bearish,False,,covered_by_current_mapping
astro_bearish_score_smooth_sma_3,True,False,True,True,True,True,False,composite_astro_score,,,bearish,False,,covered_by_current_mapping
astro_bearish_score_smooth_sma_5,True,False,True,True,True,True,False,composite_astro_score,,,bearish,False,,covered_by_current_mapping
astro_bullish_score_chg_10,True,False,True,True,True,True,False,composite_astro_score,,,bullish,False,,covered_by_current_mapping
astro_bullish_score_chg_21,True,False,True,True,True,True,False,composite_astro_score,,,bullish,False,,covered_by_current_mapping
astro_bullish_score_chg_5,True,False,True,True,True,True,False,composite_astro_score,,,bullish,False,,covered_by_current_mapping
astro_bullish_score_ema_10,True,False,True,True,True,True,False,composite_astro_score,,,bullish,False,,covered_by_current_mapping
astro_bullish_score_ema_21,True,False,True,True,True,True,False,composite_astro_score,,,bullish,False,,covered_by_current_mapping
astro_bullish_score_ema_30,True,False,True,True,True,True,False,composite_astro_score,,,bullish,False,,covered_by_current_mapping
astro_bullish_score_roll_max_3,True,False,True,True,True,True,False,composite_astro_score,,,bullish,False,,covered_by_current_mapping
astro_bullish_score_roll_min_10,True,False,True,True,True,True,False,composite_astro_score,,,bullish,False,,covered_by_current_mapping
astro_bullish_score_roll_min_5,True,False,True,True,True,True,False,composite_astro_score,,,bullish,False,,covered_by_current_mapping
astro_bullish_score_sma_10,True,False,True,True,True,True,False,composite_astro_score,,,bullish,False,,covered_by_current_mapping
astro_bullish_score_sma_21,True,False,True,True,True,True,False,composite_astro_score,,,bullish,False,,covered_by_current_mapping
astro_bullish_score_sma_30,True,False,True,True,True,True,False,composite_astro_score,,,bullish,False,,covered_by_current_mapping
astro_bullish_score_smooth_chg_10,True,False,True,True,True,True,False,composite_astro_score,,,bullish,False,,covered_by_current_mapping
astro_bullish_score_smooth_chg_3,True,False,True,True,True,True,False,composite_astro_score,,,bullish,False,,covered_by_current_mapping
astro_bullish_score_smooth_chg_5,True,False,True,True,True,True,False,composite_astro_score,,,bullish,False,,covered_by_current_mapping
astro_bullish_score_smooth_ema_10,True,False,True,True,True,True,False,composite_astro_score,,,bullish,False,,covered_by_current_mapping
astro_bullish_score_smooth_ema_21,True,False,True,True,True,True,False,composite_astro_score,,,bullish,False,,covered_by_current_mapping
astro_bullish_score_smooth_ema_30,True,False,True,True,True,True,False,composite_astro_score,,,bullish,False,,covered_by_current_mapping
astro_bullish_score_smooth_roll_max_10,True,False,True,True,True,True,False,composite_astro_score,,,bullish,False,,covered_by_current_mapping
astro_bullish_score_smooth_roll_min_5,True,False,True,True,True,True,False,composite_astro_score,,,bullish,False,,covered_by_current_mapping
astro_bullish_score_smooth_sma_21,True,False,True,True,True,True,False,composite_astro_score,,,bullish,False,,covered_by_current_mapping
astro_bullish_score_smooth_sma_5,True,False,True,True,True,True,False,composite_astro_score,,,bullish,False,,covered_by_current_mapping
astro_compression_score,True,False,True,True,True,True,False,composite_astro_score,,,compression,False,,covered_by_current_mapping
astro_compression_score_chg_10,True,False,True,True,True,True,False,composite_astro_score,,,compression,False,,covered_by_current_mapping
astro_compression_score_chg_21,True,False,True,True,True,True,False,composite_astro_score,,,compression,False,,covered_by_current_mapping
astro_compression_score_chg_3,True,False,True,True,True,True,False,composite_astro_score,,,compression,False,,covered_by_current_mapping
astro_compression_score_chg_30,True,False,True,True,True,True,False,composite_astro_score,,,compression,False,,covered_by_current_mapping
astro_compression_score_chg_5,True,False,True,True,True,True,False,composite_astro_score,,,compression,False,,covered_by_current_mapping
astro_compression_score_ema_10,True,False,True,True,True,True,False,composite_astro_score,,,compression,False,,covered_by_current_mapping
astro_compression_score_ema_3,True,False,True,True,True,True,False,composite_astro_score,,,compression,False,,covered_by_current_mapping
astro_compression_score_ema_5,True,False,True,True,True,True,False,composite_astro_score,,,compression,False,,covered_by_current_mapping
astro_compression_score_roll_max_10,True,False,True,True,True,True,False,composite_astro_score,,,compression,False,,covered_by_current_mapping
astro_compression_score_roll_max_21,True,False,True,True,True,True,False,composite_astro_score,,,compression,False,,covered_by_current_mapping
astro_compression_score_roll_max_3,True,False,True,True,True,True,False,composite_astro_score,,,compression,False,,covered_by_current_mapping
astro_compression_score_roll_max_30,True,False,True,True,True,True,False,composite_astro_score,,,compression,False,,covered_by_current_mapping
astro_compression_score_roll_max_5,True,False,True,True,True,True,False,composite_astro_score,,,compression,False,,covered_by_current_mapping
astro_compression_score_roll_min_10,True,False,True,True,True,True,False,composite_astro_score,,,compression,False,,covered_by_current_mapping
astro_compression_score_roll_min_3,True,False,True,True,True,True,False,composite_astro_score,,,compression,False,,covered_by_current_mapping
astro_compression_score_roll_min_5,True,False,True,True,True,True,False,composite_astro_score,,,compression,False,,covered_by_current_mapping
astro_compression_score_sma_10,True,False,True,True,True,True,False,composite_astro_score,,,compression,False,,covered_by_current_mapping
astro_compression_score_sma_21,True,False,True,True,True,True,False,composite_astro_score,,,compression,False,,covered_by_current_mapping
astro_compression_score_sma_3,True,False,True,True,True,True,False,composite_astro_score,,,compression,False,,covered_by_current_mapping
astro_compression_score_sma_30,True,False,True,True,True,True,False,composite_astro_score,,,compression,False,,covered_by_current_mapping
astro_compression_score_sma_5,True,False,True,True,True,True,False,composite_astro_score,,,compression,False,,covered_by_current_mapping
astro_momentum,True,False,True,True,True,True,False,composite_astro_score,,,momentum,False,,covered_by_current_mapping
astro_momentum_smooth,True,False,True,True,True,True,False,composite_astro_score,,,momentum,False,,covered_by_current_mapping
astro_momentum_v2,True,False,True,True,True,True,False,composite_astro_score,,,momentum,False,,covered_by_current_mapping
astro_momentum_v2_chg_10,True,False,True,True,True,True,False,composite_astro_score,,,momentum,False,,covered_by_current_mapping
astro_momentum_v2_chg_21,True,False,True,True,True,True,False,composite_astro_score,,,momentum,False,,covered_by_current_mapping
astro_momentum_v2_chg_30,True,False,True,True,True,True,False,composite_astro_score,,,momentum,False,,covered_by_current_mapping
astro_momentum_v2_ema_10,True,False,True,True,True,True,False,composite_astro_score,,,momentum,False,,covered_by_current_mapping
astro_momentum_v2_ema_21,True,False,True,True,True,True,False,composite_astro_score,,,momentum,False,,covered_by_current_mapping
astro_momentum_v2_ema_3,True,False,True,True,True,True,False,composite_astro_score,,,momentum,False,,covered_by_current_mapping
astro_momentum_v2_ema_30,True,False,True,True,True,True,False,composite_astro_score,,,momentum,False,,covered_by_current_mapping
astro_momentum_v2_ema_5,True,False,True,True,True,True,False,composite_astro_score,,,momentum,False,,covered_by_current_mapping
astro_momentum_v2_ema_60,True,False,True,True,True,True,False,composite_astro_score,,,momentum,False,,covered_by_current_mapping
astro_momentum_v2_roll_max_10,True,False,True,True,True,True,False,composite_astro_score,,,momentum,False,,covered_by_current_mapping
astro_momentum_v2_roll_max_21,True,False,True,True,True,True,False,composite_astro_score,,,momentum,False,,covered_by_current_mapping
astro_momentum_v2_roll_max_3,True,False,True,True,True,True,False,composite_astro_score,,,momentum,False,,covered_by_current_mapping
astro_momentum_v2_roll_max_5,True,False,True,True,True,True,False,composite_astro_score,,,momentum,False,,covered_by_current_mapping
astro_momentum_v2_roll_min_10,True,False,True,True,True,True,False,composite_astro_score,,,momentum,False,,covered_by_current_mapping
astro_momentum_v2_roll_min_21,True,False,True,True,True,True,False,composite_astro_score,,,momentum,False,,covered_by_current_mapping
astro_momentum_v2_roll_min_3,True,False,True,True,True,True,False,composite_astro_score,,,momentum,False,,covered_by_current_mapping
astro_momentum_v2_roll_min_30,True,False,True,True,True,True,False,composite_astro_score,,,momentum,False,,covered_by_current_mapping
astro_momentum_v2_roll_min_5,True,False,True,True,True,True,False,composite_astro_score,,,momentum,False,,covered_by_current_mapping
astro_momentum_v2_sma_10,True,False,True,True,True,True,False,composite_astro_score,,,momentum,False,,covered_by_current_mapping
astro_momentum_v2_sma_21,True,False,True,True,True,True,False,composite_astro_score,,,momentum,False,,covered_by_current_mapping
astro_momentum_v2_sma_3,True,False,True,True,True,True,False,composite_astro_score,,,momentum,False,,covered_by_current_mapping
astro_momentum_v2_sma_30,True,False,True,True,True,True,False,composite_astro_score,,,momentum,False,,covered_by_current_mapping
astro_momentum_v2_sma_5,True,False,True,True,True,True,False,composite_astro_score,,,momentum,False,,covered_by_current_mapping
astro_momentum_v2_smooth,True,False,True,True,True,True,False,composite_astro_score,,,momentum,False,,covered_by_current_mapping
astro_momentum_v2_smooth_chg_10,True,False,True,True,True,True,False,composite_astro_score,,,momentum,False,,covered_by_current_mapping
astro_momentum_v2_smooth_chg_3,True,False,True,True,True,True,False,composite_astro_score,,,momentum,False,,covered_by_current_mapping
astro_momentum_v2_smooth_chg_5,True,False,True,True,True,True,False,composite_astro_score,,,momentum,False,,covered_by_current_mapping
astro_momentum_v2_smooth_ema_10,True,False,True,True,True,True,False,composite_astro_score,,,momentum,False,,covered_by_current_mapping
astro_momentum_v2_smooth_ema_21,True,False,True,True,True,True,False,composite_astro_score,,,momentum,False,,covered_by_current_mapping
astro_momentum_v2_smooth_ema_3,True,False,True,True,True,True,False,composite_astro_score,,,momentum,False,,covered_by_current_mapping
astro_momentum_v2_smooth_ema_30,True,False,True,True,True,True,False,composite_astro_score,,,momentum,False,,covered_by_current_mapping
astro_momentum_v2_smooth_ema_5,True,False,True,True,True,True,False,composite_astro_score,,,momentum,False,,covered_by_current_mapping
astro_momentum_v2_smooth_ema_60,True,False,True,True,True,True,False,composite_astro_score,,,momentum,False,,covered_by_current_mapping
astro_momentum_v2_smooth_roll_max_10,True,False,True,True,True,True,False,composite_astro_score,,,momentum,False,,covered_by_current_mapping
astro_momentum_v2_smooth_roll_max_3,True,False,True,True,True,True,False,composite_astro_score,,,momentum,False,,covered_by_current_mapping
astro_momentum_v2_smooth_roll_max_5,True,False,True,True,True,True,False,composite_astro_score,,,momentum,False,,covered_by_current_mapping
astro_momentum_v2_smooth_roll_min_10,True,False,True,True,True,True,False,composite_astro_score,,,momentum,False,,covered_by_current_mapping
astro_momentum_v2_smooth_roll_min_21,True,False,True,True,True,True,False,composite_astro_score,,,momentum,False,,covered_by_current_mapping
astro_momentum_v2_smooth_roll_min_3,True,False,True,True,True,True,False,composite_astro_score,,,momentum,False,,covered_by_current_mapping
astro_momentum_v2_smooth_roll_min_5,True,False,True,True,True,True,False,composite_astro_score,,,momentum,False,,covered_by_current_mapping
astro_momentum_v2_smooth_sma_10,True,False,True,True,True,True,False,composite_astro_score,,,momentum,False,,covered_by_current_mapping
astro_momentum_v2_smooth_sma_21,True,False,True,True,True,True,False,composite_astro_score,,,momentum,False,,covered_by_current_mapping
astro_momentum_v2_smooth_sma_3,True,False,True,True,True,True,False,composite_astro_score,,,momentum,False,,covered_by_current_mapping
astro_momentum_v2_smooth_sma_30,True,False,True,True,True,True,False,composite_astro_score,,,momentum,False,,covered_by_current_mapping
astro_momentum_v2_smooth_sma_5,True,False,True,True,True,True,False,composite_astro_score,,,momentum,False,,covered_by_current_mapping
astro_reversal_score,True,False,True,True,True,True,False,composite_astro_score,,,reversal,False,,covered_by_current_mapping
astro_reversal_score_chg_21,True,False,True,True,True,True,False,composite_astro_score,,,reversal,False,,covered_by_current_mapping
astro_reversal_score_chg_3,True,False,True,True,True,True,False,composite_astro_score,,,reversal,False,,covered_by_current_mapping
astro_reversal_score_chg_30,True,False,True,True,True,True,False,composite_astro_score,,,reversal,False,,covered_by_current_mapping
astro_reversal_score_chg_5,True,False,True,True,True,True,False,composite_astro_score,,,reversal,False,,covered_by_current_mapping
astro_reversal_score_ema_10,True,False,True,True,True,True,False,composite_astro_score,,,reversal,False,,covered_by_current_mapping
astro_reversal_score_ema_21,True,False,True,True,True,True,False,composite_astro_score,,,reversal,False,,covered_by_current_mapping
astro_reversal_score_ema_3,True,False,True,True,True,True,False,composite_astro_score,,,reversal,False,,covered_by_current_mapping
astro_reversal_score_roll_max_10,True,False,True,True,True,True,False,composite_astro_score,,,reversal,False,,covered_by_current_mapping
astro_reversal_score_roll_max_3,True,False,True,True,True,True,False,composite_astro_score,,,reversal,False,,covered_by_current_mapping
astro_reversal_score_roll_max_5,True,False,True,True,True,True,False,composite_astro_score,,,reversal,False,,covered_by_current_mapping
astro_reversal_score_roll_min_21,True,False,True,True,True,True,False,composite_astro_score,,,reversal,False,,covered_by_current_mapping
astro_reversal_score_roll_min_3,True,False,True,True,True,True,False,composite_astro_score,,,reversal,False,,covered_by_current_mapping
astro_reversal_score_roll_min_5,True,False,True,True,True,True,False,composite_astro_score,,,reversal,False,,covered_by_current_mapping
astro_reversal_score_sma_3,True,False,True,True,True,True,False,composite_astro_score,,,reversal,False,,covered_by_current_mapping
astro_reversal_score_sma_5,True,False,True,True,True,True,False,composite_astro_score,,,reversal,False,,covered_by_current_mapping
astro_trend_end_score,True,False,True,True,True,True,False,composite_astro_score,,,trend_end,False,,covered_by_current_mapping
astro_trend_end_score_chg_10,True,False,True,True,True,True,False,composite_astro_score,,,trend_end,False,,covered_by_current_mapping
astro_trend_end_score_chg_21,True,False,True,True,True,True,False,composite_astro_score,,,trend_end,False,,covered_by_current_mapping
astro_trend_end_score_chg_3,True,False,True,True,True,True,False,composite_astro_score,,,trend_end,False,,covered_by_current_mapping
astro_trend_end_score_chg_5,True,False,True,True,True,True,False,composite_astro_score,,,trend_end,False,,covered_by_current_mapping
astro_trend_end_score_ema_10,True,False,True,True,True,True,False,composite_astro_score,,,trend_end,False,,covered_by_current_mapping
astro_trend_end_score_ema_21,True,False,True,True,True,True,False,composite_astro_score,,,trend_end,False,,covered_by_current_mapping
astro_trend_end_score_ema_3,True,False,True,True,True,True,False,composite_astro_score,,,trend_end,False,,covered_by_current_mapping
astro_trend_end_score_ema_5,True,False,True,True,True,True,False,composite_astro_score,,,trend_end,False,,covered_by_current_mapping
astro_trend_end_score_roll_max_10,True,False,True,True,True,True,False,composite_astro_score,,,trend_end,False,,covered_by_current_mapping
astro_trend_end_score_roll_max_21,True,False,True,True,True,True,False,composite_astro_score,,,trend_end,False,,covered_by_current_mapping
astro_trend_end_score_roll_max_3,True,False,True,True,True,True,False,composite_astro_score,,,trend_end,False,,covered_by_current_mapping
astro_trend_end_score_roll_max_5,True,False,True,True,True,True,False,composite_astro_score,,,trend_end,False,,covered_by_current_mapping
astro_trend_end_score_roll_min_10,True,False,True,True,True,True,False,composite_astro_score,,,trend_end,False,,covered_by_current_mapping
astro_trend_end_score_roll_min_21,True,False,True,True,True,True,False,composite_astro_score,,,trend_end,False,,covered_by_current_mapping
astro_trend_end_score_roll_min_3,True,False,True,True,True,True,False,composite_astro_score,,,trend_end,False,,covered_by_current_mapping
astro_trend_end_score_roll_min_30,True,False,True,True,True,True,False,composite_astro_score,,,trend_end,False,,covered_by_current_mapping
astro_trend_end_score_roll_min_5,True,False,True,True,True,True,False,composite_astro_score,,,trend_end,False,,covered_by_current_mapping
astro_trend_end_score_sma_10,True,False,True,True,True,True,False,composite_astro_score,,,trend_end,False,,covered_by_current_mapping
astro_trend_end_score_sma_21,True,False,True,True,True,True,False,composite_astro_score,,,trend_end,False,,covered_by_current_mapping
astro_trend_end_score_sma_3,True,False,True,True,True,True,False,composite_astro_score,,,trend_end,False,,covered_by_current_mapping
astro_trend_end_score_sma_30,True,False,True,True,True,True,False,composite_astro_score,,,trend_end,False,,covered_by_current_mapping
astro_trend_end_score_sma_5,True,False,True,True,True,True,False,composite_astro_score,,,trend_end,False,,covered_by_current_mapping
astro_trend_start_score_chg_10,True,False,True,True,True,True,False,composite_astro_score,,,trend_start,False,,covered_by_current_mapping
astro_trend_start_score_chg_3,True,False,True,True,True,True,False,composite_astro_score,,,trend_start,False,,covered_by_current_mapping
astro_trend_start_score_chg_5,True,False,True,True,True,True,False,composite_astro_score,,,trend_start,False,,covered_by_current_mapping
astro_volatility_score,True,False,True,True,True,True,False,composite_astro_score,,,volatility,False,,covered_by_current_mapping
astro_volatility_score_chg_10,True,False,True,True,True,True,False,composite_astro_score,,,volatility,False,,covered_by_current_mapping
astro_volatility_score_chg_21,True,False,True,True,True,True,False,composite_astro_score,,,volatility,False,,covered_by_current_mapping
astro_volatility_score_chg_3,True,False,True,True,True,True,False,composite_astro_score,,,volatility,False,,covered_by_current_mapping
astro_volatility_score_chg_30,True,False,True,True,True,True,False,composite_astro_score,,,volatility,False,,covered_by_current_mapping
astro_volatility_score_chg_5,True,False,True,True,True,True,False,composite_astro_score,,,volatility,False,,covered_by_current_mapping
astro_volatility_score_ema_3,True,False,True,True,True,True,False,composite_astro_score,,,volatility,False,,covered_by_current_mapping
astro_volatility_score_ema_5,True,False,True,True,True,True,False,composite_astro_score,,,volatility,False,,covered_by_current_mapping
astro_volatility_score_ema_60,True,False,True,True,True,True,False,composite_astro_score,,,volatility,False,,covered_by_current_mapping
astro_volatility_score_roll_max_10,True,False,True,True,True,True,False,composite_astro_score,,,volatility,False,,covered_by_current_mapping
astro_volatility_score_roll_max_3,True,False,True,True,True,True,False,composite_astro_score,,,volatility,False,,covered_by_current_mapping
astro_volatility_score_roll_max_5,True,False,True,True,True,True,False,composite_astro_score,,,volatility,False,,covered_by_current_mapping
astro_volatility_score_roll_min_10,True,False,True,True,True,True,False,composite_astro_score,,,volatility,False,,covered_by_current_mapping
astro_volatility_score_roll_min_21,True,False,True,True,True,True,False,composite_astro_score,,,volatility,False,,covered_by_current_mapping
astro_volatility_score_roll_min_3,True,False,True,True,True,True,False,composite_astro_score,,,volatility,False,,covered_by_current_mapping
astro_volatility_score_roll_min_30,True,False,True,True,True,True,False,composite_astro_score,,,volatility,False,,covered_by_current_mapping
astro_volatility_score_roll_min_5,True,False,True,True,True,True,False,composite_astro_score,,,volatility,False,,covered_by_current_mapping
astro_volatility_score_sma_3,True,False,True,True,True,True,False,composite_astro_score,,,volatility,False,,covered_by_current_mapping
astro_volatility_score_sma_30,True,False,True,True,True,True,False,composite_astro_score,,,volatility,False,,covered_by_current_mapping
astro_volatility_score_sma_5,True,False,True,True,True,True,False,composite_astro_score,,,volatility,False,,covered_by_current_mapping
astro_volatility_score_sma_60,True,False,True,True,True,True,False,composite_astro_score,,,volatility,False,,covered_by_current_mapping
contraction_score,True,False,True,True,True,False,True,composite_astro_score,,,,False,,expand_astro_feature_detector
expansion_score,True,False,True,True,True,False,True,composite_astro_score,,,,False,,expand_astro_feature_detector
narrative_score,True,False,True,True,True,False,True,composite_astro_score,,,,False,,expand_astro_feature_detector
trigger_score,True,False,True,True,True,False,True,composite_astro_score,,,,False,,expand_astro_feature_detector
aspect_count_house_position,True,False,True,True,True,True,False,house_feature,,,,True,,covered_by_current_mapping
bearish,True,False,True,True,True,False,True,natal_target_feature,,,bearish,False,,expand_astro_feature_detector
bullish,True,False,True,True,True,False,True,natal_target_feature,,,bullish,False,,expand_astro_feature_detector
compression,True,False,True,True,True,False,True,natal_target_feature,,,compression,False,,expand_astro_feature_detector
reversal,True,False,True,True,True,False,True,natal_target_feature,,,reversal,False,,expand_astro_feature_detector
trend_end,True,False,True,True,True,False,True,natal_target_feature,,,trend_end,False,,expand_astro_feature_detector
volatility,True,False,True,True,True,False,True,natal_target_feature,,,volatility,False,,expand_astro_feature_detector
planet_bearish_Jupiter,True,False,True,True,True,True,False,planet_feature,jupiter,,bearish,False,,covered_by_current_mapping
planet_bearish_Mars,True,False,True,True,True,True,False,planet_feature,mars,,bearish,False,,covered_by_current_mapping
planet_bearish_Mercury,True,False,True,True,True,True,False,planet_feature,mercury,,bearish,False,,covered_by_current_mapping
planet_bearish_Moon,True,False,True,True,True,True,False,planet_feature,moon,,bearish,False,,covered_by_current_mapping
planet_bearish_Neptune,True,False,True,True,True,True,False,planet_feature,neptune,,bearish,False,,covered_by_current_mapping
planet_bearish_Pluto,True,False,True,True,True,True,False,planet_feature,pluto,,bearish,False,,covered_by_current_mapping
planet_bearish_Saturn,True,False,True,True,True,True,False,planet_feature,saturn,,bearish,False,,covered_by_current_mapping
planet_bearish_Uranus,True,False,True,True,True,True,False,planet_feature,uranus,,bearish,False,,covered_by_current_mapping
planet_bullish_Mars,True,False,True,True,True,True,False,planet_feature,mars,,bullish,False,,covered_by_current_mapping
planet_bullish_Mercury,True,False,True,True,True,True,False,planet_feature,mercury,,bullish,False,,covered_by_current_mapping
planet_bullish_Moon,True,False,True,True,True,True,False,planet_feature,moon,,bullish,False,,covered_by_current_mapping
planet_bullish_Neptune,True,False,True,True,True,True,False,planet_feature,neptune,,bullish,False,,covered_by_current_mapping
planet_bullish_Pluto,True,False,True,True,True,True,False,planet_feature,pluto,,bullish,False,,covered_by_current_mapping
planet_bullish_Uranus,True,False,True,True,True,True,False,planet_feature,uranus,,bullish,False,,covered_by_current_mapping
planet_compression_Jupiter,True,False,True,True,True,True,False,planet_feature,jupiter,,compression,False,,covered_by_current_mapping
planet_compression_Mars,True,False,True,True,True,True,False,planet_feature,mars,,compression,False,,covered_by_current_mapping
planet_compression_Mercury,True,False,True,True,True,True,False,planet_feature,mercury,,compression,False,,covered_by_current_mapping
planet_compression_Moon,True,False,True,True,True,True,False,planet_feature,moon,,compression,False,,covered_by_current_mapping
planet_compression_Neptune,True,False,True,True,True,True,False,planet_feature,neptune,,compression,False,,covered_by_current_mapping
planet_compression_Pluto,True,False,True,True,True,True,False,planet_feature,pluto,,compression,False,,covered_by_current_mapping
planet_compression_Saturn,True,False,True,True,True,True,False,planet_feature,saturn,,compression,False,,covered_by_current_mapping
planet_compression_Uranus,True,False,True,True,True,True,False,planet_feature,uranus,,compression,False,,covered_by_current_mapping
planet_reversal_Jupiter,True,False,True,True,True,True,False,planet_feature,jupiter,,reversal,False,,covered_by_current_mapping
planet_reversal_Mars,True,False,True,True,True,True,False,planet_feature,mars,,reversal,False,,covered_by_current_mapping
planet_reversal_Mercury,True,False,True,True,True,True,False,planet_feature,mercury,,reversal,False,,covered_by_current_mapping
planet_reversal_Moon,True,False,True,True,True,True,False,planet_feature,moon,,reversal,False,,covered_by_current_mapping
planet_reversal_Neptune,True,False,True,True,True,True,False,planet_feature,neptune,,reversal,False,,covered_by_current_mapping
planet_reversal_Saturn,True,False,True,True,True,True,False,planet_feature,saturn,,reversal,False,,covered_by_current_mapping
planet_reversal_Uranus,True,False,True,True,True,True,False,planet_feature,uranus,,reversal,False,,covered_by_current_mapping
planet_trend_end_Jupiter,True,False,True,True,True,True,False,planet_feature,jupiter,,trend_end,False,,covered_by_current_mapping
planet_trend_end_Mars,True,False,True,True,True,True,False,planet_feature,mars,,trend_end,False,,covered_by_current_mapping
planet_trend_end_Mercury,True,False,True,True,True,True,False,planet_feature,mercury,,trend_end,False,,covered_by_current_mapping
planet_trend_end_Moon,True,False,True,True,True,True,False,planet_feature,moon,,trend_end,False,,covered_by_current_mapping
planet_trend_end_Neptune,True,False,True,True,True,True,False,planet_feature,neptune,,trend_end,False,,covered_by_current_mapping
planet_trend_end_Saturn,True,False,True,True,True,True,False,planet_feature,saturn,,trend_end,False,,covered_by_current_mapping
planet_trend_end_Uranus,True,False,True,True,True,True,False,planet_feature,uranus,,trend_end,False,,covered_by_current_mapping
planet_trend_start_Mars,True,False,True,True,True,True,False,planet_feature,mars,,trend_start,False,,covered_by_current_mapping
planet_trend_start_Mercury,True,False,True,True,True,True,False,planet_feature,mercury,,trend_start,False,,covered_by_current_mapping
planet_trend_start_Moon,True,False,True,True,True,True,False,planet_feature,moon,,trend_start,False,,covered_by_current_mapping
planet_trend_start_Neptune,True,False,True,True,True,True,False,planet_feature,neptune,,trend_start,False,,covered_by_current_mapping
planet_trend_start_Saturn,True,False,True,True,True,True,False,planet_feature,saturn,,trend_start,False,,covered_by_current_mapping
planet_trend_start_Uranus,True,False,True,True,True,True,False,planet_feature,uranus,,trend_start,False,,covered_by_current_mapping
planet_volatility_Jupiter,True,False,True,True,True,True,False,planet_feature,jupiter,,volatility,False,,covered_by_current_mapping
planet_volatility_Mars,True,False,True,True,True,True,False,planet_feature,mars,,volatility,False,,covered_by_current_mapping
planet_volatility_Mercury,True,False,True,True,True,True,False,planet_feature,mercury,,volatility,False,,covered_by_current_mapping
planet_volatility_Moon,True,False,True,True,True,True,False,planet_feature,moon,,volatility,False,,covered_by_current_mapping
planet_volatility_Neptune,True,False,True,True,True,True,False,planet_feature,neptune,,volatility,False,,covered_by_current_mapping
planet_volatility_Saturn,True,False,True,True,True,True,False,planet_feature,saturn,,volatility,False,,covered_by_current_mapping
planet_volatility_Uranus,True,False,True,True,True,True,False,planet_feature,uranus,,volatility,False,,covered_by_current_mapping
aspect_count_conjunction,True,False,True,True,True,True,False,raw_aspect_feature,,conjunction,,False,,covered_by_current_mapping
aspect_count_opposition,True,False,True,True,True,True,False,raw_aspect_feature,,opposition,,False,,covered_by_current_mapping
aspect_count_sextile,True,False,True,True,True,True,False,raw_aspect_feature,,sextile,,False,,covered_by_current_mapping
aspect_count_square,True,False,True,True,True,True,False,raw_aspect_feature,,square,,False,,covered_by_current_mapping
aspect_count_trine,True,False,True,True,True,True,False,raw_aspect_feature,,trine,,False,,covered_by_current_mapping
btc_return_1d,True,False,True,True,False,False,False,ml_derived_feature,,,,False,,
btc_return_7d,True,False,True,True,False,False,False,ml_derived_feature,,,,False,,
btc_vol_7d,True,False,True,True,False,False,False,ml_derived_feature,,,,False,,
has_price,True,False,True,True,False,False,False,ml_derived_feature,,,,False,,
position,True,False,True,True,False,False,False,ml_derived_feature,,,,False,,
returns,True,False,True,True,False,False,False,ml_derived_feature,,,,False,,
strategy_returns,True,False,True,True,False,False,False,ml_derived_feature,,,,False,,
astro_regime_v2,True,False,False,False,True,True,False,non_model_or_metadata,,,,False,explicit_non_feature_column,covered_by_current_mapping
buy_hold_max_drawdown,True,False,True,False,False,False,False,non_model_or_metadata,,,,False,explicit_non_feature_column,
buy_hold_total_return,True,False,True,False,False,False,False,non_model_or_metadata,,,,False,explicit_non_feature_column,
date,True,False,False,False,False,False,False,non_model_or_metadata,,,,False,explicit_non_feature_column,
future_direction_14d,True,False,True,False,False,False,False,non_model_or_metadata,,,,False,future_leakage_prefix,
future_direction_30d,True,False,True,False,False,False,False,non_model_or_metadata,,,,False,future_leakage_prefix,
future_direction_3d,True,False,True,False,False,False,False,non_model_or_metadata,,,,False,future_leakage_prefix,
future_direction_60d,True,False,True,False,False,False,False,non_model_or_metadata,,,,False,future_leakage_prefix,
future_direction_7d,True,False,True,False,False,False,False,non_model_or_metadata,,,,False,future_leakage_prefix,
future_direction_90d,True,False,True,False,False,False,False,non_model_or_metadata,,,,False,future_leakage_prefix,
future_drawdown_14d,True,False,True,False,False,False,False,non_model_or_metadata,,,,False,future_leakage_prefix,
future_drawdown_30d,True,False,True,False,False,False,False,non_model_or_metadata,,,,False,future_leakage_prefix,
future_drawdown_60d,True,False,True,False,False,False,False,non_model_or_metadata,,,,False,future_leakage_prefix,
future_drawdown_7d,True,False,True,False,False,False,False,non_model_or_metadata,,,,False,future_leakage_prefix,
future_return_14d,True,False,True,False,False,False,False,non_model_or_metadata,,,,False,future_leakage_prefix,
future_return_30d,True,False,True,False,False,False,False,non_model_or_metadata,,,,False,future_leakage_prefix,
future_return_3d,True,False,True,False,False,False,False,non_model_or_metadata,,,,False,future_leakage_prefix,
future_return_60d,True,False,True,False,False,False,False,non_model_or_metadata,,,,False,future_leakage_prefix,
future_return_7d,True,False,True,False,False,False,False,non_model_or_metadata,,,,False,future_leakage_prefix,
future_return_90d,True,False,True,False,False,False,False,non_model_or_metadata,,,,False,future_leakage_prefix,
price,True,False,True,False,False,False,False,non_model_or_metadata,,,,False,explicit_non_feature_column,
regime,True,False,False,False,False,False,False,non_model_or_metadata,,,,False,explicit_non_feature_column,
signal,True,False,False,False,False,False,False,non_model_or_metadata,,,,False,explicit_non_feature_column,
strategy_max_drawdown,True,False,True,False,False,False,False,non_model_or_metadata,,,,False,explicit_non_feature_column,
strategy_total_return,True,False,True,False,False,False,False,non_model_or_metadata,,,,False,explicit_non_feature_column,
