date,days_ahead,within_30d,within_90d,within_180d,within_365d,astro_score,ml_probability,signal,confidence_score,forecast_strength,risk_level
2026-06-02,0,True,True,True,True,1.8062124168637002,0.5071401743281863,Neutral,0.24473895539783516,Weak,Moderate
2026-06-03,1,True,True,True,True,1.7652512945757999,0.5361560811241994,Neutral,0.2807635503870797,Weak,Low
2026-06-04,2,True,True,True,True,1.7210683463838667,0.5491090402558417,Neutral,0.29758437502344937,Weak,Low
2026-06-05,3,True,True,True,True,1.6747865142559113,0.5731910959228167,Bullish,0.32828836379239196,Weak,Low
2026-06-06,4,True,True,True,True,1.6271569428372743,0.5902179983598246,Bullish,0.34659309951801304,Weak,Low
2026-06-07,5,True,True,True,True,1.5786840952248495,0.5970243022422071,Bullish,0.3543752884014615,Weak,Low
2026-06-08,6,True,True,True,True,1.530220113483233,0.6106390702358709,Bullish,0.3686752986074223,Weak,Low
2026-06-09,7,True,True,True,True,1.4842234089888218,0.6126132002730593,Bullish,0.37077857742380443,Weak,Low
2026-06-10,8,True,True,True,True,1.4413596059925482,0.6208588315810498,Bullish,0.3833886569617695,Weak,Low
2026-06-11,9,True,True,True,True,1.4822441873283656,0.6247029763862122,Bullish,0.3893570267567934,Weak,Low
2026-06-12,10,True,True,True,True,1.952435824885577,0.6217345804599373,Bullish,0.3896776091406756,Weak,Low
2026-06-13,11,True,True,True,True,2.4855231665903843,0.6251593866302076,Bullish,0.39523742839294274,Weak,Moderate
2026-06-14,12,True,True,True,True,2.582412127726923,0.6260461438777598,Bullish,0.4001187558065886,Weak,Moderate
2026-06-15,13,True,True,True,True,2.062870385151282,0.6258184896054779,Bullish,0.4006339531288118,Weak,Low
2026-06-16,14,True,True,True,True,1.7266231901008549,0.6231470745532264,Bullish,0.39340475009815257,Weak,Low
2026-06-17,15,True,True,True,True,1.8447524267339033,0.6096810865845849,Bullish,0.37525845170241623,Weak,Low
2026-06-18,16,True,True,True,True,1.843186017822602,0.5957084240551864,Bullish,0.35519801061514944,Weak,Moderate
2026-06-19,17,True,True,True,True,1.1099036285484014,0.5972954650267192,Bullish,0.3602894875925608,Weak,Moderate
2026-06-20,18,True,True,True,True,0.2593180023656008,0.5932135523055151,Bullish,0.3505085787622294,Weak,Moderate
2026-06-21,19,True,True,True,True,0.19271981824373396,0.6040723528285965,Bullish,0.3631524115882203,Weak,Moderate
2026-06-22,20,True,True,True,True,0.5415510954958227,0.6145231432496514,Bullish,0.382856766945608,Weak,Low
2026-06-23,21,True,True,True,True,0.9085315469972152,0.5903282848011686,Bullish,0.3700446154184096,Weak,Low
2026-06-24,22,True,True,True,True,0.8972384479981433,0.5882071120133879,Bullish,0.36569855828016984,Weak,Low
2026-06-25,23,True,True,True,True,0.8796863486654289,0.5832558919882486,Bullish,0.36211175248737426,Weak,Low
2026-06-26,24,True,True,True,True,0.860816099110286,0.5825630034776209,Bullish,0.36129494748016383,Weak,Low
2026-06-27,25,True,True,True,True,0.8427248327401906,0.5819087692301779,Bullish,0.3629279232184122,Weak,Low
2026-06-28,26,True,True,True,True,0.8252912218267937,0.5783322292009844,Bullish,0.35526279294877433,Weak,Low
2026-06-29,27,True,True,True,True,0.9933606145511957,0.5791819319614695,Bullish,0.35651667319959096,Weak,Low
2026-06-30,28,True,True,True,True,1.3384826763674638,0.5781300562151779,Bullish,0.3592058157423764,Weak,Low
2026-07-01,29,True,True,True,True,1.6993533675783092,0.5845822005037211,Bullish,0.37228436189926145,Weak,Moderate
2026-07-02,30,False,True,True,True,1.5378608117188728,0.5835786822918324,Bullish,0.3711505556257806,Weak,Moderate
2026-07-03,31,False,True,True,True,1.2190886744792486,0.5886117208146421,Bullish,0.37623991083695635,Weak,Low
2026-07-04,32,False,True,True,True,0.8469196329861658,0.5699699506006238,Neutral,0.3407094236067124,Weak,Low
2026-07-05,33,False,True,True,True,0.7727381719907773,0.5698597316676585,Neutral,0.3405990239926381,Weak,Low
2026-07-06,34,False,True,True,True,0.7408699979938513,0.5614058004382925,Neutral,0.3229494502791041,Weak,Low
2026-07-07,35,False,True,True,True,0.7139829986625675,0.5546951709259019,Neutral,0.31617308170848646,Weak,Low
2026-07-08,36,False,True,True,True,0.6898840324417118,0.5543390300847781,Neutral,0.31388201903051816,Weak,Low
2026-07-09,37,False,True,True,True,0.6320150049611412,0.5600031974385145,Neutral,0.32495718961023723,Weak,Low
2026-07-10,38,False,True,True,True,0.6414238533074275,0.5574785627052207,Neutral,0.32170334542234547,Weak,Low
2026-07-11,39,False,True,True,True,0.607427835538285,0.556665862864442,Neutral,0.31430937157786815,Weak,Low
2026-07-12,40,False,True,True,True,0.5733802570255233,0.55983528185816,Neutral,0.31631167806531896,Weak,Low
2026-07-13,41,False,True,True,True,0.5351208380170156,0.5474079537181497,Neutral,0.29745246582723645,Weak,Low
2026-07-14,42,False,True,True,True,0.49543255867801034,0.5339256000373231,Neutral,0.27974738775891855,Weak,Low
2026-07-15,43,False,True,True,True,0.44891872245200704,0.533045784489987,Neutral,0.2779709860837804,Weak,Low
2026-07-16,44,False,True,True,True,0.4140512816346712,0.5345737305053435,Neutral,0.27917048132840183,Weak,Low
2026-07-17,45,False,True,True,True,0.37305673775644743,0.5296059030533696,Neutral,0.2708905722313505,Weak,Low
2026-07-18,46,False,True,True,True,0.3321437085042983,0.5238670157187366,Neutral,0.2660630849400903,Weak,Low
2026-07-19,47,False,True,True,True,0.29144027233619896,0.5185759891622664,Neutral,0.2584779817449791,Weak,Low
2026-07-20,48,False,True,True,True,0.2510349648907993,0.5058118401120617,Neutral,0.2356063152154169,Weak,Moderate
2026-07-21,49,False,True,True,True,0.2109867099271995,0.4915836827257327,Neutral,0.2319406967176433,Weak,Moderate
2026-07-22,50,False,True,True,True,0.1713374732847997,0.48516075565234645,Neutral,0.23796990345698,Weak,Moderate
2026-07-23,51,False,True,True,True,0.13308194885653313,0.46331484304057347,Neutral,0.25948041768199387,Weak,Low
2026-07-24,52,False,True,True,True,0.09981549923768876,0.45512722540239675,Neutral,0.26677570858263405,Weak,Low
2026-07-25,53,False,True,True,True,0.07266351615845916,0.45192991351058304,Neutral,0.26979570284743737,Weak,Low
2026-07-26,54,False,True,True,True,0.04209836077230609,0.45108494093005097,Neutral,0.27107060878228645,Weak,Low
2026-07-27,55,False,True,True,True,0.05857572384820403,0.44454337679695083,Neutral,0.27601526805386145,Weak,Low
2026-07-28,56,False,True,True,True,-0.18946105076786393,0.4384471246986235,Neutral,0.2818271938920333,Weak,Low
2026-07-29,57,False,True,True,True,-0.5649596505119093,0.4322331835617289,Neutral,0.2848784290945179,Weak,Low
2026-07-30,58,False,True,True,True,-0.9561640670079395,0.418474839393984,Bearish,0.3028734222309557,Weak,High
2026-07-31,59,False,True,True,True,-0.6214995280052931,0.43866575717438194,Neutral,0.28178703363070556,Weak,Moderate
2026-08-01,60,False,True,True,True,0.04615031466313795,0.4511488360623104,Neutral,0.27671246756093043,Weak,Moderate
2026-08-02,61,False,True,True,True,0.6859534597754252,0.4839233309402241,Neutral,0.24706241714439806,Weak,Moderate
2026-08-03,62,False,True,True,True,0.8074266231836168,0.5104269021697941,Neutral,0.24025922242600334,Weak,Moderate
2026-08-04,63,False,True,True,True,0.572330932122411,0.5348368517475107,Neutral,0.27397962048369445,Weak,Moderate
2026-08-05,64,False,True,True,True,0.32767405474827416,0.5552903549560326,Neutral,0.3060644545977951,Weak,Low
2026-08-06,65,False,True,True,True,0.3178657698321828,0.5507185293772765,Neutral,0.292162171628635,Weak,Low
2026-08-07,66,False,True,True,True,0.3116179132214552,0.5503488693697525,Neutral,0.28822458549416835,Weak,Low
2026-08-08,67,False,True,True,True,0.30778779214763685,0.5443476511426005,Neutral,0.27436084646879033,Weak,Moderate
2026-08-09,68,False,True,True,True,0.3056172447650911,0.5281108997571812,Neutral,0.24563101489993003,Weak,Moderate
2026-08-10,69,False,True,True,True,0.3045959131767274,0.520258922734084,Neutral,0.23877181544419251,Weak,Moderate
2026-08-11,70,False,True,True,True,0.30438652545115163,0.5165987061000037,Neutral,0.22927990958396327,Weak,Moderate
2026-08-12,71,False,True,True,True,0.304765233634101,0.5179933027916291,Neutral,0.2305829589352169,Weak,Moderate
2026-08-13,72,False,True,True,True,0.20516587242273407,0.5207782516500804,Neutral,0.23746831282726327,Weak,Moderate
2026-08-14,73,False,True,True,True,0.27401558161515593,0.5370548600364675,Neutral,0.266537550514898,Weak,Moderate
2026-08-15,74,False,True,True,True,0.30814402107677075,0.55825087627537,Neutral,0.3027086697446972,Weak,Moderate
2026-08-16,75,False,True,True,True,0.3097835307178471,0.5753189581446226,Bullish,0.3328941090157794,Weak,Moderate
2026-08-17,76,False,True,True,True,0.31161473714523136,0.5776314702963619,Bullish,0.34108234071080296,Weak,Moderate
2026-08-18,77,False,True,True,True,0.2937029580968209,0.5790950681841799,Bullish,0.3445978683089768,Weak,Moderate
2026-08-19,78,False,True,True,True,0.3157776053978807,0.5790367926997866,Bullish,0.34394397863904036,Weak,Moderate
2026-08-20,79,False,True,True,True,0.21313378693192037,0.5918103103364074,Bullish,0.3610401812554246,Weak,Moderate
2026-08-21,80,False,True,True,True,0.32053399128794696,0.5916743000420442,Bullish,0.3611818115736725,Weak,Moderate
2026-08-22,81,False,True,True,True,0.2541470941919646,0.5907565231330396,Bullish,0.3590762504962481,Weak,Moderate
2026-08-23,82,False,True,True,True,-0.03742132053869024,0.5953079515666647,Bullish,0.3680586324151761,Weak,Moderate
2026-08-24,83,False,True,True,True,-0.02131984702579353,0.5863498284670106,Bullish,0.35633012373103984,Weak,Moderate
2026-08-25,84,False,True,True,True,-0.018346881350529136,0.5847841688139175,Bullish,0.35399375239233555,Weak,Moderate
2026-08-26,85,False,True,True,True,-0.015250054233686017,0.5850702531247308,Bullish,0.35499403510194383,Weak,Moderate
2026-08-27,86,False,True,True,True,-0.01255045282245736,0.5870427309075329,Bullish,0.36120473314116947,Weak,Moderate
2026-08-28,87,False,True,True,True,-0.008686185214971652,0.5898559158069139,Bullish,0.36774689731704424,Weak,Moderate
2026-08-29,88,False,True,True,True,-0.25522420680998104,0.5986461697180616,Bullish,0.3844044154682792,Weak,Low
2026-08-30,89,False,True,True,True,-0.2516419212066541,0.6079918391035088,Bullish,0.39676963042194346,Weak,Low
2026-08-31,90,False,False,True,True,-0.24794186413776936,0.616647122597862,Bullish,0.412039574642611,Weak,Low
2026-09-01,91,False,False,True,True,-0.2441254760918462,0.6206231547271309,Bullish,0.416007429190415,Weak,Low
2026-09-02,92,False,False,True,True,-0.24019405072789762,0.6259028361050671,Bullish,0.4271188827380813,Weak,Low
2026-09-03,93,False,False,True,True,-0.256094900485265,0.6309072900031113,Bullish,0.43442215295764564,Weak,Low
2026-09-04,94,False,False,True,True,-0.2319922836568434,0.6297776191266153,Bullish,0.43149115251660003,Weak,Low
2026-09-05,95,False,False,True,True,-0.22772333910456208,0.6304462521035743,Bullish,0.43307403140843637,Weak,Low
2026-09-06,96,False,False,True,True,-0.22334434273637482,0.6278336391059719,Bullish,0.4329334792577725,Weak,Low
2026-09-07,97,False,False,True,True,-0.1568604618242499,0.6273996762630195,Bullish,0.43304235282764414,Weak,Low
2026-09-08,98,False,False,True,True,0.0965638421171668,0.623707592391796,Bullish,0.43116993274297355,Weak,Moderate
2026-09-09,99,False,False,True,True,0.33625884474477785,0.6187344678656441,Bullish,0.425649192353989,Weak,Moderate
2026-09-10,100,False,False,True,True,0.6135437298298517,0.618448660700563,Bullish,0.4276500173420262,Weak,Moderate
2026-09-11,101,False,False,True,True,0.4028609198865678,0.61685907997416,Bullish,0.4267489487580749,Weak,Moderate
2026-09-12,102,False,False,True,True,0.17035174659104524,0.6156495647400965,Bullish,0.42523333765959126,Weak,Moderate
2026-09-13,103,False,False,True,True,-0.07570655227263641,0.6154147333684442,Bullish,0.4267118165480329,Weak,Low
2026-09-14,104,False,False,True,True,-0.13274815151509103,0.6119552928614849,Bullish,0.4222112863802484,Weak,Low
2026-09-15,105,False,False,True,True,-0.135529334343394,0.6067986332224867,Bullish,0.4193665515950219,Weak,Low
2026-09-16,106,False,False,True,True,-0.1308413895622626,0.6065579432513513,Bullish,0.418936118995777,Weak,Moderate
2026-09-17,107,False,False,True,True,-0.1211693763748418,0.6047968046690568,Bullish,0.4191886167886695,Weak,Moderate
2026-09-18,108,False,False,True,True,-0.10817315091656116,0.6030953711317416,Bullish,0.41745390883602695,Weak,Moderate
2026-09-19,109,False,False,True,True,-0.09295820061104088,0.6037499439174172,Bullish,0.41758163538975007,Weak,Moderate
2026-09-20,110,False,False,True,True,-0.0762630170740271,0.5992731687138252,Bullish,0.4104689674574708,Weak,Moderate
2026-09-21,111,False,False,True,True,-0.05858416138268488,0.5968569102544077,Bullish,0.40732302640511997,Weak,Moderate
2026-09-22,112,False,False,True,True,0.30974789241154355,0.5960907649979589,Bullish,0.4141337043509121,Weak,Low
2026-09-23,113,False,False,True,True,0.32851266160769554,0.5950815239466284,Bullish,0.411111310592301,Weak,Low
2026-09-24,114,False,False,True,True,0.3475602244051304,0.5962594112619358,Bullish,0.4122763771728865,Weak,Moderate
2026-09-25,115,False,False,True,True,0.3667894829367537,0.5927601731801094,Bullish,0.4036923093329865,Weak,Moderate
2026-09-26,116,False,False,True,True,0.38613288862450246,0.5905670766986383,Bullish,0.4008545790043895,Weak,Moderate
2026-09-27,117,False,False,True,True,0.4055427924163349,0.5659531283760614,Neutral,0.3632118103448101,Weak,Moderate
2026-09-28,118,False,False,True,True,0.42468404494422324,0.506601421352469,Neutral,0.2861365045956196,Weak,Moderate
2026-09-29,119,False,False,True,True,0.4374364299628156,0.4937369802924118,Neutral,0.28662120084683224,Weak,Moderate
2026-09-30,120,False,False,True,True,0.42654065330854357,0.5033322648767373,Neutral,0.2838508293383038,Weak,Moderate
2026-10-01,121,False,False,True,True,0.45351845220569603,0.5129301671239851,Neutral,0.29903154266508275,Weak,Moderate
2026-10-02,122,False,False,True,True,0.45400288480379714,0.5295271627968143,Neutral,0.3230254792138678,Weak,Moderate
2026-10-03,123,False,False,True,True,0.4523502398691982,0.536259042754549,Neutral,0.33558102012615343,Weak,Low
2026-10-04,124,False,False,True,True,0.2893220599127987,0.5483813677366287,Neutral,0.34096196819616176,Weak,Moderate
2026-10-05,125,False,False,True,True,0.23367737327519922,0.5526826094340619,Neutral,0.34834260212498347,Weak,Moderate
2026-10-06,126,False,False,True,True,0.2318692155167995,0.571947369024759,Bullish,0.3752497613450134,Weak,Moderate
2026-10-07,127,False,False,True,True,0.2762682103445331,0.5779073175168682,Bullish,0.3842354779771616,Weak,Moderate
2026-10-08,128,False,False,True,True,0.36659795689635527,0.5932540609286068,Bullish,0.40552339191738634,Weak,Moderate
2026-10-09,129,False,False,True,True,0.564898221264237,0.5964040371857865,Bullish,0.4107758568531703,Weak,Moderate
2026-10-10,130,False,False,True,True,0.7703994808428245,0.5957218466764428,Bullish,0.40999085342654495,Weak,Moderate
2026-10-11,131,False,False,True,True,0.9799588038952165,0.5868085117803663,Bullish,0.39800080359602186,Weak,Moderate
2026-10-12,132,False,False,True,True,1.1914685025968108,0.5345182476624927,Neutral,0.32634172175891674,Weak,Moderate
2026-10-13,133,False,False,True,True,1.4035080517312073,0.4820540839698325,Neutral,0.3147787953738231,Weak,Moderate
2026-10-14,134,False,False,True,True,1.615119667820805,0.4698936132904789,Neutral,0.3312646824635223,Weak,Moderate
2026-10-15,135,False,False,True,True,1.8256488952138703,0.4623505183843394,Neutral,0.3421138825627588,Weak,Moderate
2026-10-16,136,False,False,True,True,1.9946567968092468,0.4567434650837235,Neutral,0.3480227621153413,Weak,Moderate
2026-10-17,137,False,False,True,True,2.2046011645394974,0.4494671157333006,Neutral,0.3645471571905109,Weak,Moderate
2026-10-18,138,False,False,True,True,2.3634899596929984,0.44691153997877237,Neutral,0.3685192866523519,Weak,Moderate
2026-10-19,139,False,False,True,True,2.5780572897953324,0.44768267202828177,Neutral,0.36542504223513556,Weak,Moderate
2026-10-20,140,False,False,True,True,2.826429109863555,0.4481651266139108,Neutral,0.36002295301346143,Weak,Moderate
2026-10-21,141,False,False,True,True,3.0253807399090364,0.44600243176782134,Neutral,0.3593879529291337,Weak,Moderate
2026-10-22,142,False,False,True,True,2.936359826606024,0.43743117331360365,Neutral,0.37099155454059135,Weak,Moderate
2026-10-23,143,False,False,True,True,3.13907041773735,0.45618534905706104,Neutral,0.33401795597824785,Weak,Moderate
2026-10-24,144,False,False,True,True,3.3392672618249,0.48107490819765,Neutral,0.29558902592356434,Weak,Moderate
2026-10-25,145,False,False,True,True,3.5368205912165993,0.5229530569086163,Neutral,0.28470740593562044,Weak,Moderate
2026-10-26,146,False,False,True,True,2.6466253441444,0.5557328508971197,Neutral,0.3197749313373506,Weak,Moderate
2026-10-27,147,False,False,True,True,2.7650693294295996,0.5742201094554741,Bullish,0.33487443599834543,Weak,Moderate
2026-10-28,148,False,False,True,True,2.6608578362864,0.5671518370016596,Neutral,0.33184596133873395,Weak,High
2026-10-29,149,False,False,True,True,2.404941807524267,0.5677089983423991,Neutral,0.3303944579877035,Weak,High
2026-10-30,150,False,False,True,True,1.9434299216828443,0.5852157591908597,Bullish,0.335065444455263,Weak,High
2026-10-31,151,False,False,True,True,1.5438132811218963,0.59557979320935,Bullish,0.3444636747815798,Weak,High
2026-11-01,152,False,False,True,True,1.0825723374145977,0.5998772787247897,Bullish,0.35680689473871247,Weak,High
2026-11-02,153,False,False,True,True,0.7314353916097316,0.5564643096262047,Neutral,0.29304764183790144,Weak,High
2026-11-03,154,False,False,True,True,0.8569367277398209,0.5185353731727039,Neutral,0.2658408602973691,Weak,High
2026-11-04,155,False,False,True,True,1.0148549351598803,0.4813366568810453,Neutral,0.2710483929365296,Weak,High
2026-11-05,156,False,False,True,True,1.1947305401065875,0.46537143837564493,Neutral,0.2980641993550711,Weak,High
2026-11-06,157,False,False,True,True,1.341394976737725,0.4504484624130191,Neutral,0.32492591999211273,Weak,Moderate
2026-11-07,158,False,False,True,True,1.25389911782515,0.4437915723101215,Neutral,0.3379192504348577,Weak,Moderate
2026-11-08,159,False,False,True,True,1.3975350785501,0.44399172422839256,Neutral,0.3377878249147871,Weak,Moderate
2026-11-09,160,False,False,True,True,1.608817352366733,0.4390978540807333,Neutral,0.3434401761526975,Weak,High
2026-11-10,161,False,False,True,True,1.8365364515778224,0.45163093031678914,Neutral,0.3234928452732912,Weak,High
2026-11-11,162,False,False,True,True,2.143226501051881,0.4802514836715069,Neutral,0.27784248351003743,Weak,High
2026-11-12,163,False,False,True,True,2.129761867367921,0.5143979809345609,Neutral,0.26010801401287437,Weak,High
2026-11-13,164,False,False,True,True,1.7459300115786138,0.4714854360755177,Neutral,0.29640085995909443,Weak,High
2026-11-14,165,False,False,True,True,1.3292567243857425,0.43785910476175716,Neutral,0.3571214048683713,Weak,High
2026-11-15,166,False,False,True,True,0.8900391495904949,0.4177183877274506,Bearish,0.3955416069659342,Weak,High
2026-11-16,167,False,False,True,True,0.4563299330603305,0.4042472457857043,Bearish,0.42196030170793175,Weak,High
2026-11-17,168,False,False,True,True,0.27447585537355335,0.4015943913757151,Bearish,0.42685549714648563,Weak,High
2026-11-18,169,False,False,True,True,0.20698488691570208,0.39952365102489473,Bearish,0.4287108910086529,Weak,High
2026-11-19,170,False,False,True,True,0.15810967461046804,0.3968132733506841,Bearish,0.43214090050085524,Weak,High
2026-11-20,171,False,False,True,True,0.10332213307364546,0.39631653732749417,Bearish,0.43262414047565567,Weak,High
2026-11-21,172,False,False,True,True,0.3723869553824303,0.39788755970615636,Bearish,0.4251812108994879,Weak,High
2026-11-22,173,False,False,True,True,0.2628777202549535,0.4004331911410923,Bearish,0.4206420320329463,Weak,High
2026-11-23,174,False,False,True,True,0.22838186350330253,0.4091663684676071,Bearish,0.4057971418764369,Weak,High
2026-11-24,175,False,False,True,True,0.14747440900220163,0.4314506503739755,Neutral,0.37334241372637417,Weak,Moderate
2026-11-25,176,False,False,True,True,0.26502978933480115,0.4297498170560966,Bearish,0.3773804406614901,Weak,Moderate
2026-11-26,177,False,False,True,True,1.2954763762232007,0.4351686961657207,Neutral,0.3647732606460207,Weak,Low
2026-11-27,178,False,False,True,True,1.315513550815467,0.44183078542095394,Neutral,0.3585939807447585,Weak,Low
2026-11-28,179,False,False,True,True,1.2964540838769785,0.45430860022760533,Neutral,0.3438452992075581,Weak,Low
2026-11-29,180,False,False,False,True,1.2068560059179854,0.4574214128024646,Neutral,0.34093983439971554,Weak,Moderate
2026-11-30,181,False,False,False,True,1.312261937278657,0.4969131107054034,Neutral,0.27978522265008443,Weak,Low
2026-12-01,182,False,False,False,True,1.3429493081857713,0.49892129683281977,Neutral,0.2759373717344668,Weak,Low
2026-12-02,183,False,False,False,True,1.2352945721238473,0.5109916829714435,Neutral,0.2836550197663856,Weak,Moderate
2026-12-03,184,False,False,False,True,1.3547735480825651,0.5114334843104031,Neutral,0.289443504726421,Weak,Low
2026-12-04,185,False,False,False,True,1.4275824987217103,0.5165442211257165,Neutral,0.2950005338641236,Weak,Low
2026-12-05,186,False,False,False,True,1.4546440824811402,0.5237878872508823,Neutral,0.3053895237231313,Weak,Low
2026-12-06,187,False,False,False,True,1.4814760716540936,0.5234472637507515,Neutral,0.30902732189879767,Weak,Low
2026-12-07,188,False,False,False,True,1.5081870144360623,0.5272549650197624,Neutral,0.3142492420563429,Weak,Low
2026-12-08,189,False,False,False,True,1.5348403762907084,0.5341391226148907,Neutral,0.3238325355120846,Weak,Low
2026-12-09,190,False,False,False,True,1.5614766841938057,0.535934552614409,Neutral,0.3286334552250325,Weak,Low
2026-12-10,191,False,False,False,True,1.5881170061292036,0.5438209486259812,Neutral,0.3395631131644014,Weak,Low
2026-12-11,192,False,False,False,True,1.6147732874194691,0.5484466559245694,Neutral,0.34234535758531837,Weak,Low
2026-12-12,193,False,False,False,True,1.6414513416129792,0.5544308498111957,Neutral,0.35250615494594323,Weak,Low
2026-12-13,194,False,False,False,True,1.6681462777419864,0.5648644151669081,Neutral,0.36810456695760513,Weak,Low
2026-12-14,195,False,False,False,True,1.6948568184946575,0.5685679831622781,Neutral,0.37417141984465485,Weak,Low
2026-12-15,196,False,False,False,True,1.7215714456631048,0.5554326585191303,Neutral,0.3552077996408947,Weak,Low
2026-12-16,197,False,False,False,True,1.74828823044207,0.5517329128146351,Neutral,0.34977199724405406,Weak,Low
2026-12-17,198,False,False,False,True,1.774994303628047,0.5514555991498531,Neutral,0.35295059193516026,Weak,Low
2026-12-18,199,False,False,False,True,1.801679502418698,0.5544877433527984,Neutral,0.3575728209954887,Weak,Low
2026-12-19,200,False,False,False,True,1.8283358849457987,0.5540900949748695,Neutral,0.35622165766383185,Weak,Low
2026-12-20,201,False,False,False,True,1.8192795232971988,0.5547765343547314,Neutral,0.35935515318715444,Weak,Low
2026-12-21,202,False,False,False,True,1.8815185655314661,0.5499711092094737,Neutral,0.3511908667571622,Weak,Low
2026-12-22,203,False,False,False,True,1.7396568936876442,0.566575139587637,Neutral,0.36686766042715685,Weak,Moderate
2026-12-23,204,False,False,False,True,1.7744618291250962,0.5664484203953858,Neutral,0.3655948138998782,Weak,Low
2026-12-24,205,False,False,False,True,1.8008192860833976,0.560252736386264,Neutral,0.35982827861191613,Weak,Low
2026-12-25,206,False,False,False,True,1.8270885407222652,0.5638150666800907,Neutral,0.36211649222002235,Weak,Low
2026-12-26,207,False,False,False,True,1.80227116048151,0.5678935382715341,Neutral,0.36510909062736074,Weak,Moderate
2026-12-27,208,False,False,False,True,1.908685340321007,0.5685504953849118,Neutral,0.36637806566652054,Weak,Low
2026-12-28,209,False,False,False,True,1.9914939768806712,0.5695702592703289,Neutral,0.370064322886104,Weak,Low
2026-12-29,210,False,False,False,True,2.0803767512537807,0.5696061163203971,Neutral,0.3701268565881244,Weak,Low
2026-12-30,211,False,False,False,True,2.174675284169188,0.5679495159334321,Neutral,0.3692628348580494,Weak,Low
2026-12-31,212,False,False,False,True,2.2739300727794585,0.5570422201406832,Neutral,0.3516348223714587,Weak,Low
2027-01-01,213,False,False,False,True,2.3778235985196385,0.503598609633163,Neutral,0.2828458152336994,Weak,Low
2027-01-02,214,False,False,False,True,2.4750836323464265,0.48107177583970845,Neutral,0.3048012655058999,Weak,Moderate
2027-01-03,215,False,False,False,True,2.564835171564284,0.4693094454247053,Neutral,0.3212221904435841,Weak,Moderate
2027-01-04,216,False,False,False,True,2.715250914376189,0.4617738573308293,Neutral,0.3333146633814179,Weak,Low
2027-01-05,217,False,False,False,True,2.835832509584127,0.45981718077993944,Neutral,0.3342787100400297,Weak,Low
2027-01-06,218,False,False,False,True,2.9542333230560844,0.4536028523509688,Neutral,0.34531955638632866,Weak,Low
2027-01-07,219,False,False,False,True,3.075543998704056,0.45060301366946937,Neutral,0.3497063292880185,Weak,Low
2027-01-08,220,False,False,False,True,3.155623682469371,0.4437456584844742,Neutral,0.3612006779473509,Weak,Moderate
2027-01-09,221,False,False,False,True,3.570242838312914,0.43560681328236317,Neutral,0.37860678101829043,Weak,Moderate
2027-01-10,222,False,False,False,True,3.708443792208609,0.4380912895394971,Neutral,0.3744155134603107,Weak,Moderate
2027-01-11,223,False,False,False,True,3.840103961472406,0.4395144689228847,Neutral,0.3726291504174476,Weak,Moderate
2027-01-12,224,False,False,False,True,3.9791084243149375,0.4424183206278543,Neutral,0.36614012923317196,Weak,Moderate
2027-01-13,225,False,False,False,True,4.118861649543291,0.4487456439777674,Neutral,0.3543808652055908,Weak,Moderate
2027-01-14,226,False,False,False,True,5.354786899695529,0.492074349956431,Neutral,0.27240312860817256,Weak,Moderate
2027-01-15,227,False,False,False,True,5.560459099797019,0.5110344897161376,Neutral,0.2658157361529896,Weak,Moderate
2027-01-16,228,False,False,False,True,5.745124199864678,0.5304116107433194,Neutral,0.28194820514144486,Weak,Moderate
2027-01-17,229,False,False,False,True,5.833765516576452,0.5561563624239759,Neutral,0.30481401187612467,Weak,High
2027-01-18,230,False,False,False,True,6.245134894384302,0.5541637579288536,Neutral,0.29964780111602823,Weak,Moderate
2027-01-19,231,False,False,False,True,6.407965396256202,0.5543595628715872,Neutral,0.2922581988924966,Weak,Moderate
2027-01-20,232,False,False,False,True,6.568952347504134,0.5534470648544417,Neutral,0.2840632415533217,Weak,Moderate
2027-01-21,233,False,False,False,True,6.729360931669423,0.5620625702154487,Neutral,0.2833857192309697,Weak,Moderate
2027-01-22,234,False,False,False,True,6.889998254446281,0.5744090296864005,Bullish,0.29195984135726927,Weak,Moderate
2027-01-23,235,False,False,False,True,7.051372286297521,0.5758946024333471,Bullish,0.2883901178688419,Weak,Moderate
2027-01-24,236,False,False,False,True,7.1703934408650145,0.5768876288919281,Bullish,0.2891684477097275,Weak,Moderate
2027-01-25,237,False,False,False,True,7.3160344772433445,0.5805500571930907,Bullish,0.2920874343851978,Weak,Moderate
2027-01-26,238,False,False,False,True,7.536806534828896,0.5750117182801605,Bullish,0.28542544052929564,Weak,Moderate
2027-01-27,239,False,False,False,True,7.646704756552596,0.5746707986847841,Bullish,0.2855510250105979,Weak,Moderate
2027-01-28,240,False,False,False,True,7.781844071035066,0.5772461624720854,Bullish,0.2909097479115096,Weak,Moderate
2027-01-29,241,False,False,False,True,8.001546614023377,0.5810867995082643,Bullish,0.29104897551475795,Weak,Moderate
2027-01-30,242,False,False,False,True,7.865625009348918,0.5904319643269378,Bullish,0.29888112703240893,Weak,Moderate
2027-01-31,243,False,False,False,True,7.712588039565946,0.6013542943503196,Bullish,0.3106339551938114,Weak,Moderate
2027-02-01,244,False,False,False,True,7.547842576377297,0.6172796730297377,Bullish,0.32632741780420305,Weak,Moderate
2027-02-02,245,False,False,False,True,7.375039734251531,0.6161014999363167,Bullish,0.3247200386830643,Weak,Moderate
2027-02-03,246,False,False,False,True,7.196660772834354,0.6219410125071702,Bullish,0.33003084272237093,Weak,Moderate
2027-02-04,247,False,False,False,True,7.014404265222903,0.6136713727764641,Bullish,0.31557045528686944,Weak,Moderate
2027-02-05,248,False,False,False,True,6.829454376815269,0.5978427480564421,Bullish,0.2932960971194131,Weak,Moderate
2027-02-06,249,False,False,False,True,6.642645701210179,0.58145786717544,Bullish,0.2785284913042453,Weak,Moderate
2027-02-07,250,False,False,False,True,5.361248550806786,0.48690516931377953,Neutral,0.22986301678708268,Weak,Moderate
2027-02-08,251,False,False,False,True,5.110160983871191,0.47123124747161405,Neutral,0.2590516009240201,Weak,Moderate
2027-02-09,252,False,False,False,True,4.87936063924746,0.45509207439413507,Neutral,0.2874896890763406,Weak,Moderate
2027-02-10,253,False,False,False,True,4.662216376164974,0.44633321827129946,Neutral,0.3030995011141072,Weak,Moderate
2027-02-11,254,False,False,False,True,4.454351867443315,0.4454385561124891,Neutral,0.3048401556502123,Weak,Moderate
2027-02-12,255,False,False,False,True,4.225015678295543,0.43783926030475556,Neutral,0.3214840417678064,Weak,Moderate
2027-02-13,256,False,False,False,True,4.056845002197029,0.4364479354094053,Neutral,0.3247894991031268,Weak,Moderate
2027-02-14,257,False,False,False,True,3.8712563014646864,0.4328157728647219,Neutral,0.33063816280685776,Weak,Moderate
2027-02-15,258,False,False,False,True,3.686877767643124,0.43620842095221507,Neutral,0.32714890573800226,Weak,Moderate
2027-02-16,259,False,False,False,True,3.5055530450954167,0.43628391750524087,Neutral,0.32561374911803076,Weak,Moderate
2027-02-17,260,False,False,False,True,3.3267019133969447,0.43417911939730824,Neutral,0.3317908000721764,Weak,Moderate
2027-02-18,261,False,False,False,True,3.1499758922646293,0.4420647121232952,Neutral,0.31599818573906313,Weak,Moderate
2027-02-19,262,False,False,False,True,2.975181211509753,0.4386156025597172,Neutral,0.31717248493187644,Weak,Moderate
2027-02-20,263,False,False,False,True,2.802222807673169,0.43896071628569516,Neutral,0.31238532101847133,Weak,Moderate
2027-02-21,264,False,False,False,True,2.6330848051154456,0.4378109109025815,Neutral,0.31378711326623715,Weak,Moderate
2027-02-22,265,False,False,False,True,2.2640588200769636,0.4261664166355182,Bearish,0.33167493950186244,Weak,High
2027-02-23,266,False,False,False,True,2.215034746717976,0.42769852117628876,Bearish,0.3314558583686822,Weak,High
2027-02-24,267,False,False,False,True,2.1526874478119837,0.4245452936602324,Bearish,0.3349703156191175,Weak,High
2027-02-25,268,False,False,False,True,2.1276732818746558,0.427298069453764,Bearish,0.3296855350942671,Weak,High
2027-02-26,269,False,False,False,True,2.167183221249771,0.4278354739472831,Bearish,0.32807214971024806,Weak,High
2027-02-27,270,False,False,False,True,2.16939978083318,0.4276537995203227,Bearish,0.32690003135928525,Weak,High
2027-02-28,271,False,False,False,True,2.150502503888787,0.4376349317428055,Neutral,0.31390147261054674,Weak,High
2027-03-01,272,False,False,False,True,2.1639926692591915,0.43894141666367886,Neutral,0.31281404115104916,Weak,High
2027-03-02,273,False,False,False,True,2.151523879506128,0.44027065775894514,Neutral,0.31206039827496546,Weak,High
2027-03-03,274,False,False,False,True,2.1386966030040853,0.44328520428804036,Neutral,0.3056246619019986,Weak,High
2027-03-04,275,False,False,False,True,2.1254117186693904,0.4478909467341338,Neutral,0.3001485191300868,Weak,High
2027-03-05,276,False,False,False,True,0.9915111957795933,0.44083302449744877,Neutral,0.3141500103058936,Weak,High
2027-03-06,277,False,False,False,True,1.1716704805197289,0.4491775217017766,Neutral,0.30458857030281516,Weak,High
2027-03-07,278,False,False,False,True,1.359973487013153,0.44707238622315854,Neutral,0.3144110068284161,Weak,High
2027-03-08,279,False,False,False,True,1.5570866080087684,0.43938005325360874,Neutral,0.3298410822333986,Weak,High
2027-03-09,280,False,False,False,True,1.7467889220058457,0.4354201061462794,Neutral,0.33984148581112433,Weak,High
2027-03-10,281,False,False,False,True,1.9053383646705635,0.43283539389611875,Neutral,0.3404997694175933,Weak,High
2027-03-11,282,False,False,False,True,2.0535706764470425,0.43612028650365037,Neutral,0.32800008913397044,Weak,High
2027-03-12,283,False,False,False,True,2.1156163176313614,0.4542653850382248,Neutral,0.2932773164619314,Weak,High
2027-03-13,284,False,False,False,True,1.9772058450875745,0.4606968593527808,Neutral,0.2823876987462867,Weak,High
2027-03-14,285,False,False,False,True,1.7629144633917166,0.462588427668311,Neutral,0.2789426876417143,Weak,High
2027-03-15,286,False,False,False,True,1.5855198589278106,0.4578266395582975,Neutral,0.2874354477568871,Weak,High
2027-03-16,287,False,False,False,True,1.3816369726185407,0.45515297577530295,Neutral,0.28969029589376916,Weak,High
2027-03-17,288,False,False,False,True,1.182539365079027,0.45932283336143404,Neutral,0.28456347169348595,Weak,High
2027-03-18,289,False,False,False,True,0.9901660767193513,0.45814165518758887,Neutral,0.28601371395525343,Weak,High
2027-03-19,290,False,False,False,True,0.8058265011462342,0.4612397589624432,Neutral,0.2813448154972438,Weak,High
2027-03-20,291,False,False,False,True,0.6303953340974896,0.47890268534905267,Neutral,0.2568681733858629,Weak,High
2027-03-21,292,False,False,False,True,0.46445653939832654,0.4909482513903224,Neutral,0.2424237865206923,Weak,Moderate
2027-03-22,293,False,False,False,True,0.13127420959888433,0.5098528073354277,Neutral,0.2454185022277036,Weak,Moderate
2027-03-23,294,False,False,False,True,0.08109643973258943,0.51659576623429,Neutral,0.2540066709777722,Weak,Moderate
2027-03-24,295,False,False,False,True,0.03557534315505953,0.5331169584788521,Neutral,0.2728241720614095,Weak,Low
2027-03-25,296,False,False,False,True,-0.04522922122996027,0.5401925445752082,Neutral,0.28260690482294615,Weak,Moderate
2027-03-26,297,False,False,False,True,0.27565643584669325,0.5430292157959975,Neutral,0.28749508150798603,Weak,Low
2027-03-27,298,False,False,False,True,0.26335524056446213,0.5496693405456887,Neutral,0.29616563912286964,Weak,Low
2027-03-28,299,False,False,False,True,0.2248866770429747,0.5702283053843096,Bullish,0.32713167404092136,Weak,Low
2027-03-29,300,False,False,False,True,0.17661323469531634,0.5761052786319734,Bullish,0.3338548764271104,Weak,Low
2027-03-30,301,False,False,False,True,0.11527390646354431,0.5776788412021744,Bullish,0.33677004069404,Weak,Low
2027-03-31,302,False,False,False,True,0.06035253764236284,0.5821578201437457,Bullish,0.34312888068332376,Weak,Low
2027-04-01,303,False,False,False,True,-0.014366091571758152,0.5848324838791913,Bullish,0.3485880373548862,Weak,Low
2027-04-02,304,False,False,False,True,-0.02761034438117202,0.5961889251250315,Bullish,0.364610200754779,Weak,Low
2027-04-03,305,False,False,False,True,1.0334095870792184,0.5404359333563442,Neutral,0.3150312890541174,Weak,Low
2027-04-04,306,False,False,False,True,1.0713394913861458,0.5240005820901381,Neutral,0.31140151715469644,Weak,Low
2027-04-05,307,False,False,False,True,1.0966195775907637,0.5011092620344968,Neutral,0.2792322624853574,Weak,Low
2027-04-06,308,False,False,False,True,1.104186985060509,0.4897316792209778,Neutral,0.2917483283726853,Weak,Low
2027-04-07,309,False,False,False,True,1.086887973373673,0.45870269291489324,Neutral,0.33193379678013396,Weak,Low
2027-04-08,310,False,False,False,True,1.0626786155824484,0.4566030907124817,Neutral,0.33477701081049066,Weak,Low
2027-04-09,311,False,False,False,True,1.0338463103882987,0.4536817734277018,Neutral,0.3417957436056527,Weak,Low
2027-04-10,312,False,False,False,True,2.086919690258866,0.46720643392314337,Neutral,0.32165336042753206,Weak,Low
2027-04-11,313,False,False,False,True,2.1229200268392443,0.4909583029781699,Neutral,0.2965615584601463,Weak,Low
2027-04-12,314,False,False,False,True,2.1341990512261626,0.4951670695149461,Neutral,0.2928520326460246,Weak,Low
2027-04-13,315,False,False,False,True,2.1350270841507752,0.5043327996684314,Neutral,0.2920819995566373,Weak,Low
2027-04-14,316,False,False,False,True,2.1900544561005164,0.5050896422021918,Neutral,0.2947541413069807,Weak,Low
2027-04-15,317,False,False,False,True,2.2828421540670116,0.5244176415880986,Neutral,0.31413252883750026,Weak,Low
2027-04-16,318,False,False,False,True,2.3825559527113405,0.48543962037536675,Neutral,0.2992630617430861,Weak,Low
2027-04-17,319,False,False,False,True,2.4894739684742273,0.44815163120006607,Neutral,0.3474208530243875,Weak,Low
2027-04-18,320,False,False,False,True,2.6037269956494846,0.4447399869163181,Neutral,0.3534462237501838,Weak,Low
2027-04-19,321,False,False,False,True,2.7253468137663233,0.44187996674782626,Neutral,0.3586255136508068,Weak,Low
2027-04-20,322,False,False,False,True,2.8543049425108826,0.4387654150938987,Neutral,0.3619708579507107,Weak,Low
2027-04-21,323,False,False,False,True,2.9340354616739215,0.4428323442473905,Neutral,0.35490634004411736,Weak,Moderate
2027-04-22,324,False,False,False,True,2.9938500244492814,0.45069439728738014,Neutral,0.34789892195495303,Weak,Moderate
2027-04-23,325,False,False,False,True,3.020899782966188,0.4509386442049594,Neutral,0.3518414072313863,Weak,Moderate
2027-04-24,326,False,False,False,True,3.051402838644125,0.45063495839795137,Neutral,0.3542972972732091,Weak,Moderate
2027-04-25,327,False,False,False,True,2.80590817576275,0.4450093650002716,Neutral,0.3634439753758559,Weak,Moderate
2027-04-26,328,False,False,False,True,2.483159183841834,0.44488416661020097,Neutral,0.3627962670047403,Weak,Moderate
2027-04-27,329,False,False,False,True,2.1411126558945552,0.4475447837068445,Neutral,0.3588138351961142,Weak,Moderate
2027-04-28,330,False,False,False,True,1.7030735539297042,0.43789641358565784,Neutral,0.36958579742627395,Weak,Moderate
2027-04-29,331,False,False,False,True,1.4156538026198024,0.4494529452086296,Neutral,0.3588100511002673,Weak,Low
2027-04-30,332,False,False,False,True,1.037358801746535,0.44935026398419253,Neutral,0.3551981732311281,Weak,Low
2027-05-01,333,False,False,False,True,0.6508075178310235,0.4614992409681433,Neutral,0.3418073507987087,Weak,Low
2027-05-02,334,False,False,False,True,0.30064277855401567,0.4647306014024082,Neutral,0.33690245002634017,Weak,Low
2027-05-03,335,False,False,False,True,0.11391020236934371,0.46166583014483,Neutral,0.3373312297116824,Weak,Low
2027-05-04,336,False,False,False,True,-0.16031379842043728,0.47265189004997754,Neutral,0.32436508546671616,Weak,Low
2027-05-05,337,False,False,False,True,-0.2337417156136249,0.4778283421431223,Neutral,0.3130412135823184,Weak,Low
2027-05-06,338,False,False,False,True,-0.49745672707575006,0.5069163341348923,Neutral,0.2904142900376265,Weak,Low
2027-05-07,339,False,False,False,True,-0.5970802347171665,0.5191200930702838,Neutral,0.3051301400203788,Weak,Low
2027-05-08,340,False,False,False,True,-0.7224887731447778,0.5298395547084854,Neutral,0.3195037487748241,Weak,Low
2027-05-09,341,False,False,False,True,-0.880848298763185,0.5378258193568733,Neutral,0.33112789728905917,Weak,Low
2027-05-10,342,False,False,False,True,-1.0377345825087902,0.5471175134465766,Neutral,0.3418798537424122,Weak,Low
2027-05-11,343,False,False,False,True,-1.1708937050058599,0.5757643043943752,Bullish,0.36318731383654584,Weak,Low
2027-05-12,344,False,False,False,True,-1.2956653700039065,0.5762221765571491,Bullish,0.3609179565358755,Weak,Low
2027-05-13,345,False,False,False,True,-1.4481110466692715,0.5785026518902907,Bullish,0.36744996466957625,Weak,Low
2027-05-14,346,False,False,False,True,-1.5390362477795143,0.5728499830650201,Bullish,0.35944537671653154,Weak,Low
2027-05-15,347,False,False,False,True,-1.6583550485196763,0.5736497732934484,Bullish,0.3603533832187605,Weak,Low
2027-05-16,348,False,False,False,True,-1.7441062156797844,0.5698395642672277,Neutral,0.3536458472381836,Weak,Low
2027-05-17,349,False,False,False,True,-1.6456545771198563,0.5714706586110295,Bullish,0.3536917242204901,Weak,Low
2027-05-18,350,False,False,False,True,-1.538807034746571,0.5743446102623284,Bullish,0.35858763623758017,Weak,Low
2027-05-19,351,False,False,False,True,-1.4254039398310472,0.5731919574564539,Bullish,0.35597296875772666,Weak,Low
2027-05-20,352,False,False,False,True,-1.3439759432206981,0.5674321709910013,Neutral,0.3509619334823537,Weak,Low
2027-05-21,353,False,False,False,True,-1.2129060788137989,0.5614720723270775,Neutral,0.34104845661186567,Weak,Low
2027-05-22,354,False,False,False,True,-1.071638935875866,0.5569968540237322,Neutral,0.3347526312497465,Weak,Low
2027-05-23,355,False,False,False,True,-0.9575371905839107,0.5578179127985718,Neutral,0.3375857219480565,Weak,Low
2027-05-24,356,False,False,False,True,-0.845639393722607,0.5579798752720684,Neutral,0.33689314689842376,Weak,Low
2027-05-25,357,False,False,False,True,-0.7355629791484047,0.5606364746745008,Neutral,0.34008124786970545,Weak,Low
2027-05-26,358,False,False,False,True,-0.6698771360989366,0.5529521678761196,Neutral,0.33217777721685826,Weak,Low
2027-05-27,359,False,False,False,True,-0.526729557399291,0.5495530474227287,Neutral,0.32746940162806604,Weak,Low
2027-05-28,360,False,False,False,True,-0.41420242159952736,0.5280905152792063,Neutral,0.30949717480606587,Weak,Low
2027-05-29,361,False,False,False,True,-0.30968486439968484,0.5269418116159713,Neutral,0.3117711062653657,Weak,Low
2027-05-30,362,False,False,False,True,-0.20638394293312318,0.52563855564484,Neutral,0.31168772451137,Weak,Low
2027-05-31,363,False,False,False,True,-0.11586632862208228,0.5254510510915908,Neutral,0.3170055265073806,Weak,Low
2027-06-01,364,False,False,False,True,-0.0033848024147212566,0.5220689133595577,Neutral,0.31565782782799423,Weak,Low
