horizon,feature,feature_set,importance
3,buy_hold_equity,selected_features,0.017726260926424254
3,buy_hold_drawdown,selected_features,0.014997805377557068
3,btc_return_14d,selected_features,0.012416702586631995
3,btc_vol_14d,selected_features,0.011302183836969373
3,planet_trend_start_Pluto,selected_features,0.010758424524907535
3,btc_vol_30d,selected_features,0.010354463717820155
3,astro_bullish_score_roll_max_10,selected_features,0.010266333040133998
3,astro_reversal_score_chg_10,selected_features,0.01026534537863999
3,astro_trend_start_score_roll_max_10,selected_features,0.010163900975706418
3,astro_bearish_score_chg_3,selected_features,0.010067245781170624
3,astro_momentum_v2_chg_5,selected_features,0.009931908161657382
3,astro_bearish_score_smooth_chg_10,selected_features,0.009822645276550445
3,btc_return_3d,selected_features,0.009521410127688437
3,astro_trend_start_score_roll_max_5,selected_features,0.009513903568667265
3,astro_reversal_score_sma_30,selected_features,0.009434135725007743
3,astro_bullish_score_smooth_chg_30,selected_features,0.009422980704701033
3,astro_momentum_v2_smooth_chg_3,selected_features,0.009253267061300004
3,astro_momentum_v2_smooth_chg_10,selected_features,0.009094476097405255
3,astro_volatility_score_sma_21,selected_features,0.009059045261559208
3,astro_bullish_score_smooth_sma_5,selected_features,0.0089838564345934
3,astro_trend_start_score_sma_10,selected_features,0.008921210821700214
3,astro_volatility_score_ema_21,selected_features,0.00890123392650223
3,astro_trend_start_score_roll_min_3,selected_features,0.008812098981117091
3,astro_trend_start_score_roll_max_3,selected_features,0.00865729474467957
3,astro_reversal_score_sma_21,selected_features,0.00864883596210544
3,astro_trend_start_score_ema_10,selected_features,0.008634205778803698
3,astro_reversal_score_ema_30,selected_features,0.008629437732488306
3,astro_compression_score_ema_30,selected_features,0.008584359214630624
3,astro_bearish_score_smooth_chg_5,selected_features,0.008553781434173109
3,astro_bullish_score_smooth_roll_min_3,selected_features,0.008542330710807382
3,astro_bullish_score_smooth_chg_21,selected_features,0.008473562782870888
3,astro_bullish_score_ema_3,selected_features,0.008470484580765218
3,astro_trend_start_score_chg_30,selected_features,0.008390083362201699
3,astro_trend_start_score_ema_30,selected_features,0.008329448876843571
3,astro_trend_start_score_sma_21,selected_features,0.008250599733209267
3,astro_bullish_score_sma_10,selected_features,0.008212854986053274
3,astro_bullish_score_roll_max_5,selected_features,0.008089801867997867
3,astro_bullish_score_smooth_roll_max_3,selected_features,0.00802818718517489
3,astro_trend_start_score_roll_min_5,selected_features,0.008016987510915223
3,astro_compression_score_ema_21,selected_features,0.008016438654300758
3,astro_compression_score_ema_60,selected_features,0.007994992114182031
3,astro_trend_start_score_sma_5,selected_features,0.007959118888083122
3,astro_trend_start_score_sma_30,selected_features,0.00795662013723301
3,astro_trend_start_score_ema_60,selected_features,0.007948223257264415
3,astro_trend_start_score_ema_5,selected_features,0.007888836990781325
3,astro_bullish_score_sma_3,selected_features,0.007879491517728555
3,astro_reversal_score_ema_60,selected_features,0.007768469287480197
3,sun_target_strength,selected_features,0.007703327203405007
3,astro_bullish_score_sma_5,selected_features,0.007694774967752826
3,astro_trend_start_score_roll_max_21,selected_features,0.007692685831344627
3,astro_bullish_score_smooth_chg_10,selected_features,0.007644611264450467
3,astro_bullish_score_roll_min_3,selected_features,0.007636151102336981
3,astro_bullish_score_smooth,selected_features,0.007623601763356913
3,astro_bearish_score_smooth_ema_60,selected_features,0.007619359101701475
3,astro_bullish_score_smooth_sma_10,selected_features,0.007579104770591809
3,astro_bullish_score_smooth_ema_5,selected_features,0.00756863964216934
3,astro_bearish_score_smooth_chg_30,selected_features,0.007557750391702962
3,astro_bullish_score_ema_5,selected_features,0.007528058173212881
3,astro_trend_start_score_ema_21,selected_features,0.007508191250531253
3,astro_volatility_score_chg_21,selected_features,0.007482782070245464
3,astro_momentum_v2_smooth_roll_max_21,selected_features,0.007454403325781027
3,astro_bearish_score_ema_60,selected_features,0.007450194664780901
3,astro_trend_start_score_ema_3,selected_features,0.0074219046953973005
3,astro_trend_start_score,selected_features,0.007414099746566525
3,astro_bearish_score_smooth_chg_21,selected_features,0.0073028536048909826
3,astro_trend_start_score_sma_3,selected_features,0.00725800927154286
3,astro_bullish_score_smooth_roll_max_5,selected_features,0.007178786027357793
3,astro_bullish_score_smooth_ema_3,selected_features,0.0071526692081962185
3,astro_bullish_score_roll_max_3,selected_features,0.007150018863622467
3,astro_reversal_score_sma_60,selected_features,0.0071333482286766794
3,astro_bullish_score_smooth_roll_min_10,selected_features,0.007123140944423323
3,astro_trend_end_score_chg_30,selected_features,0.007066077185063407
3,astro_trend_start_score_chg_21,selected_features,0.007030487165439561
3,astro_trend_end_score_sma_60,selected_features,0.007014638255739605
3,mc_target_strength,selected_features,0.007014182705254325
3,astro_trend_start_score_roll_min_10,selected_features,0.006960113306197368
3,planet_volatility_Pluto,selected_features,0.006955489170773865
3,astro_bullish_score_smooth_roll_max_21,selected_features,0.006840630519010747
3,astro_bullish_score_ema_60,selected_features,0.006807448870944559
3,astro_bullish_score_smooth_ema_21,selected_features,0.006646086653727882
3,astro_bearish_score_smooth_sma_60,selected_features,0.006645077507176152
3,astro_bearish_score_smooth_ema_30,selected_features,0.006626111256882319
3,astro_bullish_score_smooth_sma_30,selected_features,0.0065955122265172255
3,astro_trend_start_score_sma_60,selected_features,0.006516599572777811
3,astro_bullish_score_smooth_ema_60,selected_features,0.0064171385227028985
3,astro_momentum_v2_smooth_chg_30,selected_features,0.00641302672195039
3,planet_trend_end_Pluto,selected_features,0.006385070204447231
3,square_strength,selected_features,0.006336495949620271
3,strategy_drawdown,selected_features,0.006323348746612056
3,astro_bearish_score_chg_21,selected_features,0.006305475974876927
3,astro_bearish_score_sma_60,selected_features,0.0062839790865311185
3,sextile_strength,selected_features,0.006271297573134933
3,astro_reversal_score_roll_max_30,selected_features,0.0062597278035539244
3,astro_trend_end_score_ema_60,selected_features,0.006231810611840234
3,astro_bullish_score_chg_30,selected_features,0.006199251286739339
3,astro_reversal_score_roll_max_21,selected_features,0.006181025223085361
3,astro_bearish_score_smooth_sma_30,selected_features,0.006127345176655179
3,neptune_signal,selected_features,0.006084627724267816
3,astro_compression_score_sma_60,selected_features,0.006073421502940086
3,trend_start,selected_features,0.0059491315876755374
3,expansion_score,selected_features,0.005926380810815398
3,astro_bullish_score_ema_30,selected_features,0.005916346103973999
3,astro_bullish_score,selected_features,0.005909503434940299
3,trine_strength,selected_features,0.005762193893397936
3,conjunction_strength,selected_features,0.005749164425413354
3,astro_bullish_score_sma_60,selected_features,0.00574241864699384
3,astro_bullish_score_roll_min_21,selected_features,0.005737261788157019
3,astro_momentum_v2_chg_30,selected_features,0.005676306732126499
3,astro_bearish_score_smooth_roll_min_30,selected_features,0.0056571222349627226
3,planet_bullish_Jupiter,selected_features,0.00552822926204767
3,astro_volatility_score_roll_max_21,selected_features,0.005525734386553331
3,uranus_signal,selected_features,0.00538440976635929
3,astro_bullish_score_smooth_sma_60,selected_features,0.005380990015438527
3,astro_compression_score_roll_min_21,selected_features,0.005303357707235847
3,astro_momentum_v2_roll_min_30,selected_features,0.005298602021390207
3,astro_momentum_v2_smooth_sma_60,selected_features,0.005182448131753385
3,astro_momentum_v2_sma_60,selected_features,0.005170846570281043
3,astro_bearish_score_smooth_roll_min_21,selected_features,0.00513004173174932
3,astro_trend_start_score_roll_min_21,selected_features,0.004893991338220788
3,astro_trend_start_score_roll_max_30,selected_features,0.004805899851852646
3,jupiter_signal,selected_features,0.004784007697326232
3,astro_bearish_score_smooth_roll_max_30,selected_features,0.004733084507320879
3,astro_volatility_score_roll_max_30,selected_features,0.004696741279654823
3,astro_bullish_score_smooth_roll_min_21,selected_features,0.004531908795834819
3,astro_bearish_score_roll_min_10,selected_features,0.004514805077895203
3,astro_momentum_v2_smooth_roll_max_30,selected_features,0.0044930982792214325
3,astro_bearish_score_roll_min_30,selected_features,0.004480447292527982
3,astro_trend_start_score_roll_min_30,selected_features,0.00433027164901078
3,astro_bearish_score_roll_min_21,selected_features,0.004266649644939964
3,astro_trend_end_score_roll_max_30,selected_features,0.0038408909963247805
3,astro_bullish_score_roll_min_30,selected_features,0.003692017998290366
3,astro_bullish_score_smooth_roll_max_30,selected_features,0.003589347682558763
3,saturn_signal,selected_features,0.0035661270266771706
3,asc_target_strength,selected_features,0.0035616545384381027
3,pluto_signal,selected_features,0.0035477973060819277
3,astro_bullish_score_roll_max_30,selected_features,0.0035047369468498043
3,house_activation_strength,selected_features,0.0034650582853416267
3,astro_bullish_score_smooth_roll_min_30,selected_features,0.003380697432241847
3,astro_compression_score_roll_min_30,selected_features,0.0033569644186242976
3,planet_trend_start_Jupiter,selected_features,0.0032193202114176875
3,mars_signal,selected_features,0.003196108192513182
3,moon_target_strength,selected_features,0.0017649645031417966
3,opposition_strength,selected_features,0.0014476715727426688
3,mercury_signal,selected_features,0.0
3,moon_signal,selected_features,0.0
3,sun_signal,selected_features,0.0
3,venus_signal,selected_features,0.0
7,buy_hold_equity,selected_features,0.02018263250106039
7,buy_hold_drawdown,selected_features,0.018255594739316296
7,astro_volatility_score_sma_21,selected_features,0.012541403220788123
7,astro_bearish_score_smooth_chg_30,selected_features,0.011660931230070486
7,btc_vol_30d,selected_features,0.01118761911928042
7,astro_reversal_score_ema_30,selected_features,0.011049408409612755
7,astro_bearish_score_smooth_chg_5,selected_features,0.01093904267045437
7,astro_reversal_score_sma_21,selected_features,0.010736652123641518
7,astro_trend_start_score_sma_10,selected_features,0.010610653272428142
7,astro_reversal_score_sma_30,selected_features,0.010493825918646001
7,astro_momentum_v2_smooth_chg_30,selected_features,0.010365455512501965
7,planet_trend_start_Pluto,selected_features,0.010358099534542257
7,btc_vol_14d,selected_features,0.010354577616327245
7,astro_trend_start_score_roll_min_5,selected_features,0.010183743299880116
7,astro_trend_start_score_roll_max_5,selected_features,0.009991563366350912
7,sun_target_strength,selected_features,0.009852607412690033
7,planet_volatility_Pluto,selected_features,0.00974326921846375
7,astro_trend_start_score_roll_min_10,selected_features,0.009717066736616252
7,trend_start,selected_features,0.009613842009890091
7,astro_trend_start_score_ema_10,selected_features,0.00957003949268958
7,astro_compression_score_ema_21,selected_features,0.009409262043200646
7,astro_bullish_score_sma_3,selected_features,0.009239621657586022
7,expansion_score,selected_features,0.00900739702164199
7,astro_bearish_score_chg_21,selected_features,0.008983158009400222
7,astro_bullish_score_roll_max_3,selected_features,0.008831871806549383
7,astro_bullish_score_roll_max_10,selected_features,0.008820666343477859
7,strategy_drawdown,selected_features,0.008690596609333854
7,astro_bullish_score_roll_max_5,selected_features,0.008645136085958034
7,astro_compression_score_ema_30,selected_features,0.008585760218384376
7,astro_bearish_score_smooth_roll_min_30,selected_features,0.008547757025088084
7,astro_trend_start_score_ema_3,selected_features,0.008522390398637808
7,astro_trend_start_score_roll_max_3,selected_features,0.008394354871564955
7,astro_reversal_score_roll_max_21,selected_features,0.008386923753470417
7,astro_bullish_score,selected_features,0.008299556200616679
7,astro_trend_start_score_roll_min_3,selected_features,0.008282819583664669
7,astro_trend_start_score,selected_features,0.008282013174352561
7,astro_bullish_score_ema_3,selected_features,0.008264649731347485
7,astro_trend_start_score_sma_5,selected_features,0.008192958334160508
7,astro_bullish_score_sma_5,selected_features,0.008116008782154066
7,astro_trend_start_score_ema_5,selected_features,0.008113819570791481
7,astro_trend_start_score_chg_30,selected_features,0.007940930629804702
7,astro_bearish_score_smooth_chg_10,selected_features,0.007925217306581236
7,btc_return_14d,selected_features,0.007924630072357233
7,astro_compression_score_ema_60,selected_features,0.007888747731078435
7,astro_bullish_score_smooth,selected_features,0.007868488511487633
7,astro_bearish_score_smooth_chg_21,selected_features,0.007852165624075518
7,planet_bullish_Jupiter,selected_features,0.007779062189492296
7,astro_bullish_score_smooth_roll_max_5,selected_features,0.0075855995978454365
7,astro_bearish_score_smooth_ema_60,selected_features,0.007583355000372478
7,astro_volatility_score_roll_max_30,selected_features,0.007564212247014233
7,astro_volatility_score_ema_21,selected_features,0.00754651153533233
7,astro_bullish_score_smooth_chg_21,selected_features,0.0075405879559303285
7,astro_reversal_score_roll_max_30,selected_features,0.007497340877297624
7,astro_bearish_score_sma_60,selected_features,0.0074747819907377685
7,astro_bearish_score_smooth_roll_min_21,selected_features,0.007451679084466582
7,astro_volatility_score_roll_max_21,selected_features,0.007446743016707655
7,astro_bullish_score_smooth_chg_30,selected_features,0.007400687987339618
7,astro_bearish_score_smooth_sma_60,selected_features,0.00736136557791923
7,planet_trend_end_Pluto,selected_features,0.00736010200185616
7,astro_trend_start_score_roll_max_21,selected_features,0.007316641050567271
7,astro_bullish_score_smooth_roll_min_10,selected_features,0.00730414908269591
7,btc_return_3d,selected_features,0.007257930002085704
7,astro_trend_start_score_roll_max_10,selected_features,0.007212265089671283
7,astro_bullish_score_ema_5,selected_features,0.007144787258618157
7,astro_trend_start_score_ema_60,selected_features,0.006989274609675143
7,astro_trend_start_score_sma_3,selected_features,0.0069188951810508475
7,astro_compression_score_sma_60,selected_features,0.006861741309741837
7,astro_momentum_v2_smooth_roll_max_21,selected_features,0.006850714189034444
7,astro_trend_start_score_roll_max_30,selected_features,0.006789178357160861
7,astro_bullish_score_smooth_roll_max_3,selected_features,0.006764069461698923
7,astro_trend_start_score_sma_60,selected_features,0.006717751195321444
7,astro_trend_end_score_ema_60,selected_features,0.00664193902094099
7,astro_bullish_score_chg_30,selected_features,0.006641818063632563
7,astro_bullish_score_sma_10,selected_features,0.0066266970646853204
7,astro_trend_start_score_chg_21,selected_features,0.006624371238527678
7,astro_bearish_score_roll_min_30,selected_features,0.006611742238910292
7,astro_reversal_score_ema_60,selected_features,0.006602818824400609
7,mc_target_strength,selected_features,0.006601300806399511
7,astro_momentum_v2_chg_30,selected_features,0.00653775137033685
7,astro_bullish_score_roll_min_3,selected_features,0.006528477156573486
7,conjunction_strength,selected_features,0.006387980633594477
7,astro_bearish_score_ema_60,selected_features,0.006382283774276563
7,astro_reversal_score_chg_10,selected_features,0.0063784761228827475
7,neptune_signal,selected_features,0.0063571704178188426
7,astro_reversal_score_sma_60,selected_features,0.006330265927406197
7,astro_bullish_score_smooth_chg_10,selected_features,0.006324297078854081
7,jupiter_signal,selected_features,0.00632419101729979
7,astro_bullish_score_smooth_sma_10,selected_features,0.006319583998486346
7,astro_trend_end_score_sma_60,selected_features,0.006242924150852427
7,astro_bullish_score_smooth_roll_min_3,selected_features,0.006051036682454367
7,astro_trend_start_score_ema_21,selected_features,0.006043579263748709
7,astro_trend_start_score_sma_21,selected_features,0.005967858378419068
7,astro_bearish_score_smooth_ema_30,selected_features,0.005924578080769886
7,astro_momentum_v2_smooth_chg_10,selected_features,0.005850195659217023
7,astro_bullish_score_sma_60,selected_features,0.005739088708345193
7,astro_trend_start_score_sma_30,selected_features,0.0057053029776435345
7,astro_bullish_score_smooth_sma_30,selected_features,0.005704154932552886
7,astro_bullish_score_smooth_roll_max_21,selected_features,0.005679913480214619
7,astro_bullish_score_smooth_ema_3,selected_features,0.005651001363400712
7,astro_bullish_score_ema_60,selected_features,0.0056297452606025354
7,astro_bullish_score_smooth_ema_60,selected_features,0.0056057199888328016
7,planet_trend_start_Jupiter,selected_features,0.005596267447344229
7,house_activation_strength,selected_features,0.005529865808762899
7,astro_bullish_score_smooth_ema_5,selected_features,0.00550146787349244
7,astro_trend_start_score_roll_min_21,selected_features,0.005483287926847378
7,astro_trend_end_score_chg_30,selected_features,0.005374670826602519
7,astro_bearish_score_smooth_sma_30,selected_features,0.005372486145925882
7,astro_bullish_score_smooth_sma_60,selected_features,0.005370517152889935
7,astro_momentum_v2_sma_60,selected_features,0.005359040000845183
7,astro_bullish_score_smooth_ema_21,selected_features,0.005232643901586232
7,sextile_strength,selected_features,0.005162493553371837
7,astro_bearish_score_roll_min_21,selected_features,0.005155480452489295
7,astro_trend_start_score_ema_30,selected_features,0.005091198166468526
7,astro_momentum_v2_smooth_sma_60,selected_features,0.005089731168740166
7,astro_bearish_score_smooth_roll_max_30,selected_features,0.005082799557275971
7,astro_momentum_v2_chg_5,selected_features,0.005061410934844604
7,astro_bearish_score_roll_min_10,selected_features,0.005025217198943392
7,uranus_signal,selected_features,0.004866904555888842
7,astro_compression_score_roll_min_21,selected_features,0.004832400637612975
7,astro_bullish_score_smooth_sma_5,selected_features,0.00482620402384829
7,astro_momentum_v2_smooth_chg_3,selected_features,0.004756632383818997
7,astro_bearish_score_chg_3,selected_features,0.0047445060498044235
7,trine_strength,selected_features,0.004668171452861141
7,astro_bullish_score_ema_30,selected_features,0.004635532030392989
7,saturn_signal,selected_features,0.004493606232913696
7,astro_bullish_score_roll_min_21,selected_features,0.004490892490458832
7,square_strength,selected_features,0.004484267012616876
7,astro_volatility_score_chg_21,selected_features,0.004421616251089559
7,astro_momentum_v2_smooth_roll_max_30,selected_features,0.004414813578081841
7,astro_momentum_v2_roll_min_30,selected_features,0.004399007433432608
7,astro_bullish_score_roll_max_30,selected_features,0.004273291255584901
7,astro_trend_start_score_roll_min_30,selected_features,0.004210536035553221
7,astro_trend_end_score_roll_max_30,selected_features,0.0041982607544495025
7,astro_bullish_score_smooth_roll_max_30,selected_features,0.0038246674156729456
7,astro_bullish_score_smooth_roll_min_21,selected_features,0.0038221330787529496
7,pluto_signal,selected_features,0.0036796155005198103
7,astro_compression_score_roll_min_30,selected_features,0.0036706528778621774
7,astro_bullish_score_smooth_roll_min_30,selected_features,0.0033126088446652946
7,astro_bullish_score_roll_min_30,selected_features,0.0032901526834723063
7,asc_target_strength,selected_features,0.0027394598996925384
7,moon_target_strength,selected_features,0.0017412473922822724
7,mars_signal,selected_features,0.0014228456407341617
7,opposition_strength,selected_features,0.0011307783377761515
7,mercury_signal,selected_features,0.0
7,moon_signal,selected_features,0.0
7,sun_signal,selected_features,0.0
7,venus_signal,selected_features,0.0
14,buy_hold_equity,selected_features,0.019795529434277374
14,buy_hold_drawdown,selected_features,0.019177440595235334
14,astro_trend_start_score_roll_max_10,selected_features,0.017101524626379535
14,astro_trend_start_score_roll_max_21,selected_features,0.01303418955950816
14,sun_target_strength,selected_features,0.011932685311790023
14,conjunction_strength,selected_features,0.011829131190014866
14,astro_bullish_score_smooth_chg_30,selected_features,0.011568647978384786
14,astro_trend_end_score_sma_60,selected_features,0.011515880247656934
14,astro_trend_start_score_chg_30,selected_features,0.011507857207791718
14,astro_reversal_score_roll_max_30,selected_features,0.011455783006522441
14,btc_vol_14d,selected_features,0.01142659637712677
14,astro_bearish_score_smooth_roll_min_30,selected_features,0.011400645914521315
14,astro_compression_score_ema_30,selected_features,0.0113690427391892
14,planet_trend_start_Pluto,selected_features,0.011358532210628361
14,astro_momentum_v2_smooth_chg_30,selected_features,0.011247358970050265
14,astro_bearish_score_smooth_chg_30,selected_features,0.011181728270989802
14,btc_vol_30d,selected_features,0.01111384644800869
14,astro_trend_start_score_roll_max_30,selected_features,0.011017916268208082
14,astro_bullish_score_chg_30,selected_features,0.010573933560884926
14,astro_trend_start_score_ema_3,selected_features,0.010340227745430725
14,astro_momentum_v2_smooth_roll_max_21,selected_features,0.010239451440384326
14,trend_start,selected_features,0.010125660222092582
14,jupiter_signal,selected_features,0.009858919834751937
14,astro_compression_score_ema_21,selected_features,0.00980795143090587
14,astro_trend_start_score_roll_max_3,selected_features,0.009726054117006307
14,astro_trend_start_score_roll_max_5,selected_features,0.009567543037707129
14,planet_trend_start_Jupiter,selected_features,0.009490196387118526
14,astro_reversal_score_roll_max_21,selected_features,0.00945879220337518
14,astro_trend_start_score_ema_10,selected_features,0.009442532516910013
14,astro_reversal_score_sma_21,selected_features,0.009435054018621032
14,astro_trend_start_score_ema_30,selected_features,0.009328425399847948
14,astro_trend_start_score_roll_min_3,selected_features,0.009286813869248168
14,astro_momentum_v2_chg_30,selected_features,0.008924442816241404
14,astro_volatility_score_roll_max_30,selected_features,0.008816712516293429
14,strategy_drawdown,selected_features,0.008590192376370114
14,astro_bullish_score_smooth_chg_21,selected_features,0.00858279444665937
14,astro_trend_start_score,selected_features,0.00854326201596746
14,expansion_score,selected_features,0.008371505669324812
14,astro_trend_start_score_roll_min_5,selected_features,0.008251125361715054
14,astro_trend_start_score_ema_5,selected_features,0.008156726841405197
14,astro_bearish_score_smooth_sma_60,selected_features,0.008128600178206458
14,astro_bearish_score_smooth_roll_min_21,selected_features,0.008119670806434845
14,astro_bearish_score_roll_min_30,selected_features,0.00801004332448738
14,astro_trend_start_score_ema_60,selected_features,0.00799626245798497
14,astro_trend_start_score_sma_10,selected_features,0.007990577247018474
14,astro_reversal_score_ema_30,selected_features,0.007910986641767318
14,astro_trend_start_score_sma_3,selected_features,0.007869370979180584
14,astro_reversal_score_sma_60,selected_features,0.007769440110535026
14,astro_reversal_score_sma_30,selected_features,0.007765378908088847
14,astro_bullish_score_roll_max_10,selected_features,0.007737365084061154
14,astro_trend_start_score_chg_21,selected_features,0.0076902128953342625
14,astro_bullish_score,selected_features,0.007689659207358826
14,astro_reversal_score_ema_60,selected_features,0.00766325482279299
14,astro_trend_start_score_ema_21,selected_features,0.007589339074863641
14,astro_trend_start_score_sma_5,selected_features,0.007557528499140225
14,astro_volatility_score_ema_21,selected_features,0.007538876909423891
14,astro_trend_end_score_roll_max_30,selected_features,0.007495966674883154
14,astro_bearish_score_sma_60,selected_features,0.007465717280818638
14,astro_bearish_score_smooth_chg_21,selected_features,0.007352497754266543
14,astro_bearish_score_roll_min_21,selected_features,0.007286500584908211
14,astro_bullish_score_smooth_chg_10,selected_features,0.007246976334971584
14,astro_compression_score_sma_60,selected_features,0.007112378822332191
14,astro_trend_start_score_sma_30,selected_features,0.007088727807736957
14,planet_bullish_Jupiter,selected_features,0.007058296435830485
14,planet_volatility_Pluto,selected_features,0.007056835345081396
14,astro_volatility_score_roll_max_21,selected_features,0.007034953488317681
14,planet_trend_end_Pluto,selected_features,0.006983787148997409
14,astro_trend_start_score_sma_21,selected_features,0.006967422769870805
14,astro_trend_start_score_roll_min_10,selected_features,0.006836977769380557
14,astro_trend_end_score_ema_60,selected_features,0.006820521700916815
14,astro_bullish_score_sma_3,selected_features,0.006697773078129625
14,uranus_signal,selected_features,0.006696867016965898
14,astro_bearish_score_smooth_ema_60,selected_features,0.006672770010395823
14,trine_strength,selected_features,0.006623327525704479
14,astro_trend_end_score_chg_30,selected_features,0.006352498070373364
14,mc_target_strength,selected_features,0.006228974799096618
14,astro_volatility_score_sma_21,selected_features,0.006161378946165813
14,astro_bullish_score_roll_max_5,selected_features,0.006098434957349544
14,astro_bullish_score_ema_3,selected_features,0.006052979026481792
14,astro_bearish_score_roll_min_10,selected_features,0.006016046569800056
14,astro_trend_start_score_sma_60,selected_features,0.005993894284486172
14,astro_bullish_score_roll_max_3,selected_features,0.005917488558384003
14,astro_bearish_score_ema_60,selected_features,0.005867744890031375
14,neptune_signal,selected_features,0.005847741919464524
14,pluto_signal,selected_features,0.005834682230728993
14,astro_compression_score_ema_60,selected_features,0.005753125921180113
14,astro_momentum_v2_smooth_sma_60,selected_features,0.005741895317308702
14,house_activation_strength,selected_features,0.005713202020933423
14,astro_bearish_score_smooth_chg_10,selected_features,0.005656561705226781
14,astro_bullish_score_smooth_roll_max_30,selected_features,0.00564556356092282
14,astro_bullish_score_smooth,selected_features,0.0055903078680845635
14,astro_bullish_score_roll_min_3,selected_features,0.00558367921086886
14,astro_bearish_score_smooth_ema_30,selected_features,0.005523360668029333
14,sextile_strength,selected_features,0.005508347276757793
14,astro_momentum_v2_roll_min_30,selected_features,0.005360836589732523
14,btc_return_14d,selected_features,0.005310352259939002
14,astro_compression_score_roll_min_21,selected_features,0.005281911205039374
14,astro_bearish_score_smooth_roll_max_30,selected_features,0.005166607894111983
14,astro_momentum_v2_smooth_roll_max_30,selected_features,0.0051618616239416815
14,astro_bearish_score_smooth_sma_30,selected_features,0.005127112913466154
14,astro_bullish_score_roll_max_30,selected_features,0.005114117931952228
14,astro_momentum_v2_sma_60,selected_features,0.005060702202050206
14,astro_bearish_score_chg_21,selected_features,0.005034166927534546
14,astro_bullish_score_smooth_roll_max_5,selected_features,0.005023733012769959
14,astro_bullish_score_roll_min_30,selected_features,0.005015784086684472
14,astro_trend_start_score_roll_min_21,selected_features,0.005005206688882065
14,saturn_signal,selected_features,0.004946298016927779
14,astro_bullish_score_sma_60,selected_features,0.004926029479113767
14,astro_bullish_score_ema_5,selected_features,0.004878055223616512
14,astro_bullish_score_smooth_roll_min_30,selected_features,0.004860765874312314
14,astro_bullish_score_smooth_sma_60,selected_features,0.004854103229241328
14,astro_momentum_v2_smooth_chg_10,selected_features,0.004782891883573204
14,astro_bearish_score_smooth_chg_5,selected_features,0.004737732245982109
14,astro_bullish_score_smooth_ema_5,selected_features,0.004681472648658482
14,astro_bullish_score_sma_5,selected_features,0.004668120273050461
14,astro_bullish_score_smooth_ema_60,selected_features,0.004597533808684677
14,astro_reversal_score_chg_10,selected_features,0.004582091972742449
14,astro_bullish_score_smooth_roll_max_3,selected_features,0.004492768258870782
14,astro_bullish_score_sma_10,selected_features,0.0043512032451614524
14,astro_bullish_score_ema_60,selected_features,0.004261716388129587
14,astro_compression_score_roll_min_30,selected_features,0.004258618616352858
14,astro_bullish_score_smooth_sma_5,selected_features,0.00418125284824084
14,astro_trend_start_score_roll_min_30,selected_features,0.003937813700981392
14,astro_bullish_score_smooth_sma_10,selected_features,0.0039009833605335754
14,astro_bullish_score_smooth_ema_3,selected_features,0.003802218938121619
14,astro_volatility_score_chg_21,selected_features,0.003713457617175043
14,astro_bullish_score_smooth_roll_max_21,selected_features,0.003701403523126914
14,astro_bullish_score_ema_30,selected_features,0.003593210296239756
14,astro_bullish_score_smooth_sma_30,selected_features,0.0035574470508607466
14,astro_bearish_score_chg_3,selected_features,0.003554402444902279
14,astro_bullish_score_roll_min_21,selected_features,0.0035104913524438854
14,astro_bullish_score_smooth_roll_min_3,selected_features,0.003481096729232862
14,astro_momentum_v2_smooth_chg_3,selected_features,0.003457425832486329
14,astro_bullish_score_smooth_roll_min_21,selected_features,0.0033420986399998057
14,astro_bullish_score_smooth_ema_21,selected_features,0.0032716616192911938
14,astro_bullish_score_smooth_roll_min_10,selected_features,0.0029106893376344744
14,square_strength,selected_features,0.002692453518762243
14,asc_target_strength,selected_features,0.0024237896291771552
14,astro_momentum_v2_chg_5,selected_features,0.0021762656879993703
14,btc_return_3d,selected_features,0.0015937268738038112
14,opposition_strength,selected_features,0.0011234182694779382
14,moon_target_strength,selected_features,0.0011227609820929178
14,mars_signal,selected_features,0.000844710564486981
14,mercury_signal,selected_features,0.0
14,moon_signal,selected_features,0.0
14,sun_signal,selected_features,0.0
14,venus_signal,selected_features,0.0
30,buy_hold_equity,selected_features,0.029804479696593757
30,buy_hold_drawdown,selected_features,0.0255618293222046
30,astro_trend_start_score_roll_max_21,selected_features,0.02163359313402977
30,astro_bearish_score_smooth_roll_min_30,selected_features,0.015165205367473117
30,sun_target_strength,selected_features,0.015002066221579104
30,astro_trend_start_score_roll_max_30,selected_features,0.014816748118813465
30,astro_volatility_score_roll_max_21,selected_features,0.013633380761727864
30,conjunction_strength,selected_features,0.013226047526324666
30,btc_vol_30d,selected_features,0.013207775657837092
30,astro_trend_start_score_sma_30,selected_features,0.012790272201485556
30,strategy_drawdown,selected_features,0.012718493793403939
30,astro_trend_start_score_ema_30,selected_features,0.012461067287824515
30,astro_trend_end_score_sma_60,selected_features,0.012155393534624805
30,astro_trend_end_score_chg_30,selected_features,0.011795295350490434
30,astro_bearish_score_smooth_roll_min_21,selected_features,0.011476728138913891
30,astro_bearish_score_smooth_chg_21,selected_features,0.01131508483969524
30,astro_volatility_score_sma_21,selected_features,0.011282469304157309
30,astro_bearish_score_smooth_chg_30,selected_features,0.011028796180071005
30,astro_bearish_score_roll_min_30,selected_features,0.01073706723898005
30,astro_momentum_v2_sma_60,selected_features,0.010406443682471223
30,astro_volatility_score_ema_21,selected_features,0.01020891826532138
30,planet_trend_start_Pluto,selected_features,0.009945320772450797
30,astro_trend_end_score_ema_60,selected_features,0.009867191316709226
30,astro_reversal_score_ema_60,selected_features,0.009815715175837214
30,astro_reversal_score_roll_max_30,selected_features,0.009748510161403531
30,astro_volatility_score_roll_max_30,selected_features,0.009720828130121054
30,astro_bearish_score_roll_min_21,selected_features,0.00968452435573273
30,astro_trend_start_score_ema_21,selected_features,0.009475482806503089
30,astro_momentum_v2_smooth_sma_60,selected_features,0.009359514485736025
30,astro_bearish_score_chg_21,selected_features,0.00930641481584405
30,astro_bearish_score_smooth_sma_60,selected_features,0.009260359955069667
30,astro_bearish_score_smooth_ema_60,selected_features,0.009195747677360389
30,astro_trend_start_score_ema_60,selected_features,0.009163976163067054
30,astro_trend_start_score_roll_max_10,selected_features,0.00891315710146634
30,astro_bullish_score_smooth_sma_60,selected_features,0.008903631214279568
30,astro_reversal_score_sma_60,selected_features,0.008895735021394685
30,astro_bearish_score_smooth_sma_30,selected_features,0.00885851877164603
30,astro_bearish_score_ema_60,selected_features,0.008848355878650353
30,mc_target_strength,selected_features,0.008846531956634717
30,astro_momentum_v2_smooth_chg_30,selected_features,0.008690568667061374
30,astro_compression_score_ema_30,selected_features,0.008677948267956034
30,astro_bearish_score_sma_60,selected_features,0.00867777954142614
30,astro_trend_start_score_sma_60,selected_features,0.008541763488772055
30,astro_bullish_score_sma_60,selected_features,0.008328306052847862
30,pluto_signal,selected_features,0.008231170924210727
30,astro_bullish_score_roll_max_30,selected_features,0.008131068347717728
30,astro_reversal_score_roll_max_21,selected_features,0.008106104350040685
30,astro_bearish_score_smooth_ema_30,selected_features,0.008066863531375439
30,planet_volatility_Pluto,selected_features,0.008034301085275893
30,astro_trend_start_score_ema_10,selected_features,0.00794682326537973
30,trend_start,selected_features,0.007782455650854996
30,astro_trend_start_score_ema_5,selected_features,0.00777713428671281
30,astro_trend_start_score_roll_min_5,selected_features,0.007691374443511036
30,astro_momentum_v2_roll_min_30,selected_features,0.007628486561296421
30,astro_trend_start_score_roll_min_3,selected_features,0.0076191523930606245
30,neptune_signal,selected_features,0.007586418372533865
30,astro_bullish_score_smooth_roll_max_21,selected_features,0.007535751380149185
30,astro_compression_score_ema_21,selected_features,0.007511960481220072
30,astro_bullish_score_smooth_roll_max_30,selected_features,0.007476196731754785
30,astro_compression_score_ema_60,selected_features,0.007456473995013137
30,astro_compression_score_sma_60,selected_features,0.007455785653330456
30,astro_bearish_score_roll_min_10,selected_features,0.007380564865602466
30,astro_reversal_score_sma_30,selected_features,0.007125929806312321
30,astro_trend_start_score,selected_features,0.007067577806278711
30,astro_trend_start_score_sma_21,selected_features,0.006844010124539685
30,btc_return_14d,selected_features,0.006843979796694495
30,astro_reversal_score_ema_30,selected_features,0.006838570718438384
30,astro_trend_start_score_sma_10,selected_features,0.006826664219986517
30,house_activation_strength,selected_features,0.006802812325685678
30,astro_trend_start_score_ema_3,selected_features,0.006732156242100416
30,astro_compression_score_roll_min_21,selected_features,0.006629215498021197
30,astro_momentum_v2_chg_30,selected_features,0.006591851201399186
30,astro_reversal_score_sma_21,selected_features,0.006542450945568738
30,planet_trend_end_Pluto,selected_features,0.006489584583350119
30,astro_trend_start_score_roll_max_5,selected_features,0.006486581737549618
30,astro_bullish_score_smooth_chg_30,selected_features,0.006468186112617513
30,astro_bearish_score_smooth_roll_max_30,selected_features,0.006445499289882011
30,astro_trend_end_score_roll_max_30,selected_features,0.006369103979223453
30,astro_trend_start_score_sma_3,selected_features,0.0062574577983799074
30,astro_trend_start_score_roll_min_10,selected_features,0.006236624362320124
30,astro_trend_start_score_roll_min_21,selected_features,0.006084773541679163
30,astro_momentum_v2_smooth_roll_max_21,selected_features,0.0060818804928698365
30,astro_trend_start_score_chg_30,selected_features,0.005928392771706814
30,astro_bearish_score_smooth_chg_10,selected_features,0.005830660921313696
30,trine_strength,selected_features,0.005772142240605822
30,astro_trend_start_score_roll_min_30,selected_features,0.005639660206155177
30,astro_trend_start_score_sma_5,selected_features,0.005547480280836591
30,astro_bullish_score_chg_30,selected_features,0.005511054589685814
30,btc_vol_14d,selected_features,0.005409864930566707
30,astro_bullish_score_smooth_chg_21,selected_features,0.005404390851457553
30,astro_bullish_score_smooth_ema_60,selected_features,0.005395248883338495
30,astro_compression_score_roll_min_30,selected_features,0.0053515656066769595
30,astro_trend_start_score_roll_max_3,selected_features,0.005338903639225026
30,astro_bullish_score_smooth_roll_min_30,selected_features,0.005302558467549034
30,astro_trend_start_score_chg_21,selected_features,0.005262533327416783
30,asc_target_strength,selected_features,0.005147232027798462
30,astro_bullish_score_smooth_sma_30,selected_features,0.005126267348807966
30,astro_momentum_v2_smooth_roll_max_30,selected_features,0.005028035644322385
30,uranus_signal,selected_features,0.004965184563520751
30,astro_bullish_score_ema_60,selected_features,0.004899382282614595
30,jupiter_signal,selected_features,0.004777112554951489
30,astro_bullish_score_roll_min_30,selected_features,0.004727664056992124
30,astro_bearish_score_smooth_chg_5,selected_features,0.004690898487937954
30,planet_bullish_Jupiter,selected_features,0.0044622514983103795
30,astro_bearish_score_chg_3,selected_features,0.004437053735044594
30,astro_bullish_score_roll_min_21,selected_features,0.004373630207448455
30,astro_bullish_score_smooth_chg_10,selected_features,0.0043324297946761335
30,saturn_signal,selected_features,0.004068287239032992
30,expansion_score,selected_features,0.004033699119191243
30,sextile_strength,selected_features,0.003832934142922607
30,astro_bullish_score_smooth_roll_min_21,selected_features,0.003777703284723015
30,astro_bullish_score_smooth_ema_21,selected_features,0.003650390433031542
30,astro_bullish_score,selected_features,0.0034643737967886656
30,astro_momentum_v2_smooth_chg_10,selected_features,0.003400502217402015
30,planet_trend_start_Jupiter,selected_features,0.0031844669894605707
30,astro_bullish_score_ema_3,selected_features,0.0030432603180128898
30,astro_bullish_score_sma_3,selected_features,0.0030154402318487146
30,astro_bullish_score_ema_30,selected_features,0.002927221515525371
30,astro_bullish_score_roll_max_3,selected_features,0.0027900018529257472
30,astro_bullish_score_smooth_roll_min_10,selected_features,0.0027153360349402877
30,astro_bullish_score_roll_min_3,selected_features,0.002693202514142923
30,astro_bullish_score_smooth_sma_10,selected_features,0.0025971460401266132
30,opposition_strength,selected_features,0.002512543343668331
30,astro_bullish_score_smooth,selected_features,0.00250980670145459
30,astro_bullish_score_roll_max_10,selected_features,0.0024271083856758813
30,astro_bullish_score_smooth_roll_max_5,selected_features,0.002397075895581072
30,astro_bullish_score_roll_max_5,selected_features,0.0023541666798824147
30,astro_bullish_score_sma_10,selected_features,0.002285207059824015
30,astro_reversal_score_chg_10,selected_features,0.0022273628458529867
30,square_strength,selected_features,0.00207020172132615
30,astro_bullish_score_ema_5,selected_features,0.0020616207056649975
30,astro_bullish_score_smooth_roll_max_3,selected_features,0.002027563656423274
30,astro_bullish_score_smooth_sma_5,selected_features,0.001970204292119948
30,astro_volatility_score_chg_21,selected_features,0.0019655810715788324
30,astro_bullish_score_smooth_ema_5,selected_features,0.0019569171468346355
30,astro_bullish_score_sma_5,selected_features,0.0019437358178778202
30,astro_bullish_score_smooth_ema_3,selected_features,0.0018634336949190124
30,astro_momentum_v2_smooth_chg_3,selected_features,0.0017082655281840707
30,astro_bullish_score_smooth_roll_min_3,selected_features,0.001680828095409223
30,astro_momentum_v2_chg_5,selected_features,0.0016191708199326449
30,btc_return_3d,selected_features,0.0008841994999660074
30,moon_target_strength,selected_features,0.0007746331468531797
30,mars_signal,selected_features,0.0005687749380060938
30,mercury_signal,selected_features,0.0
30,moon_signal,selected_features,0.0
30,sun_signal,selected_features,0.0
30,venus_signal,selected_features,0.0
60,buy_hold_equity,selected_features,0.045298288983943016
60,buy_hold_drawdown,selected_features,0.029106855875658477
60,conjunction_strength,selected_features,0.024528050989615933
60,strategy_drawdown,selected_features,0.02171799014006327
60,planet_trend_start_Pluto,selected_features,0.019636665260473463
60,btc_vol_30d,selected_features,0.01534740118579485
60,astro_bearish_score_roll_min_21,selected_features,0.015337056242232491
60,astro_bearish_score_ema_60,selected_features,0.01461050665270403
60,astro_bearish_score_smooth_roll_min_21,selected_features,0.01457989276290868
60,astro_trend_start_score_roll_min_30,selected_features,0.014393664331591092
60,astro_bullish_score_smooth_roll_max_30,selected_features,0.013716163719354824
60,astro_bearish_score_smooth_roll_min_30,selected_features,0.013469463826420553
60,pluto_signal,selected_features,0.013068814447761102
60,astro_trend_end_score_sma_60,selected_features,0.013032462281984004
60,astro_bullish_score_roll_min_30,selected_features,0.01302054411526001
60,astro_bearish_score_smooth_ema_60,selected_features,0.01284629862656755
60,astro_bullish_score_roll_max_30,selected_features,0.012684517030022073
60,astro_reversal_score_sma_60,selected_features,0.01188354992808712
60,astro_trend_end_score_ema_60,selected_features,0.01172163214093739
60,astro_bearish_score_roll_min_30,selected_features,0.011541089340531713
60,astro_bearish_score_smooth_sma_60,selected_features,0.011369276263748042
60,astro_bullish_score_smooth_sma_60,selected_features,0.01132156205324952
60,astro_trend_start_score_roll_max_21,selected_features,0.011226666509926122
60,astro_compression_score_sma_60,selected_features,0.011111021578991687
60,sun_target_strength,selected_features,0.01108936477619603
60,astro_bullish_score_sma_60,selected_features,0.011061173102204742
60,astro_momentum_v2_smooth_roll_max_30,selected_features,0.010987898429734381
60,mc_target_strength,selected_features,0.010869134254454554
60,astro_bearish_score_roll_min_10,selected_features,0.010854347698762248
60,astro_bullish_score_smooth_roll_min_30,selected_features,0.010719166102443962
60,astro_trend_start_score_roll_min_21,selected_features,0.010479928663682348
60,astro_bearish_score_sma_60,selected_features,0.009990004197191484
60,planet_trend_end_Pluto,selected_features,0.009882511971358978
60,astro_bearish_score_smooth_ema_30,selected_features,0.009869003315392996
60,astro_trend_start_score_roll_max_30,selected_features,0.009384904969782072
60,astro_trend_start_score_sma_60,selected_features,0.009376061895815987
60,astro_compression_score_ema_60,selected_features,0.009120076708358887
60,astro_bearish_score_smooth_sma_30,selected_features,0.009089808312852289
60,house_activation_strength,selected_features,0.008790840432979721
60,astro_trend_end_score_roll_max_30,selected_features,0.008769976310168988
60,astro_momentum_v2_sma_60,selected_features,0.008379878682165377
60,astro_momentum_v2_smooth_sma_60,selected_features,0.008364387933229439
60,astro_bullish_score_roll_min_21,selected_features,0.008253951556249039
60,astro_bullish_score_smooth_roll_min_21,selected_features,0.008056769602071944
60,astro_reversal_score_ema_60,selected_features,0.008038286712185781
60,astro_bearish_score_smooth_roll_max_30,selected_features,0.0076955261238418554
60,astro_reversal_score_roll_max_30,selected_features,0.007635585201746725
60,astro_volatility_score_roll_max_30,selected_features,0.00755680743689825
60,astro_bullish_score_smooth_roll_max_21,selected_features,0.007546214476398057
60,astro_momentum_v2_roll_min_30,selected_features,0.007485004335789617
60,planet_volatility_Pluto,selected_features,0.00741735085945562
60,astro_trend_start_score_ema_30,selected_features,0.0073730233946680815
60,astro_bullish_score_smooth_ema_60,selected_features,0.0071328366615719535
60,astro_trend_start_score_ema_60,selected_features,0.006984582312206735
60,astro_volatility_score_roll_max_21,selected_features,0.006814548586114028
60,astro_trend_start_score_ema_21,selected_features,0.006790305961333234
60,astro_reversal_score_ema_30,selected_features,0.006783976521719697
60,astro_bullish_score_smooth_sma_30,selected_features,0.006691922926091948
60,astro_compression_score_roll_min_21,selected_features,0.006628504341067561
60,astro_bullish_score_ema_60,selected_features,0.006592178767135123
60,uranus_signal,selected_features,0.00657169583894383
60,astro_trend_start_score_roll_min_5,selected_features,0.006508741462385025
60,astro_trend_start_score_roll_min_10,selected_features,0.0063340475894230076
60,btc_vol_14d,selected_features,0.00622341342366387
60,astro_volatility_score_ema_21,selected_features,0.006215467966686949
60,astro_reversal_score_roll_max_21,selected_features,0.00615119376846625
60,astro_trend_start_score_sma_30,selected_features,0.006114426332418368
60,astro_trend_start_score_ema_5,selected_features,0.006090902528395108
60,astro_compression_score_ema_21,selected_features,0.0060015015490287316
60,astro_reversal_score_sma_30,selected_features,0.0059742055253437735
60,neptune_signal,selected_features,0.005971225989802377
60,astro_momentum_v2_smooth_roll_max_21,selected_features,0.005725718699750674
60,astro_compression_score_ema_30,selected_features,0.0057106410190996175
60,asc_target_strength,selected_features,0.00565814561530796
60,astro_compression_score_roll_min_30,selected_features,0.005500165566475031
60,astro_trend_start_score_roll_min_3,selected_features,0.005493080151502069
60,astro_trend_start_score_ema_3,selected_features,0.005467164932348177
60,trend_start,selected_features,0.005460195785268394
60,astro_trend_start_score_ema_10,selected_features,0.005444270212270676
60,astro_bearish_score_smooth_chg_30,selected_features,0.0053903988783285455
60,astro_bearish_score_smooth_chg_21,selected_features,0.005364401874326929
60,astro_trend_start_score_sma_5,selected_features,0.005361752843592538
60,sextile_strength,selected_features,0.005304885150543294
60,astro_bearish_score_chg_21,selected_features,0.005215738037544041
60,astro_trend_end_score_chg_30,selected_features,0.005139452242387443
60,astro_trend_start_score_sma_3,selected_features,0.005015118190894482
60,trine_strength,selected_features,0.004959910850227535
60,saturn_signal,selected_features,0.004878606524477395
60,astro_bearish_score_chg_3,selected_features,0.004793987510367048
60,astro_trend_start_score_sma_21,selected_features,0.0047149951975024185
60,astro_volatility_score_sma_21,selected_features,0.004627022388229048
60,astro_trend_start_score_roll_max_3,selected_features,0.004532132391233137
60,astro_trend_start_score_roll_max_5,selected_features,0.004528606909884144
60,jupiter_signal,selected_features,0.004471239646406887
60,astro_momentum_v2_chg_30,selected_features,0.004431238551115518
60,astro_bearish_score_smooth_chg_10,selected_features,0.004419864399982655
60,astro_trend_start_score_roll_max_10,selected_features,0.004259729672765882
60,astro_reversal_score_sma_21,selected_features,0.004212169582688224
60,astro_trend_start_score,selected_features,0.004086879670196114
60,btc_return_14d,selected_features,0.004074837806648977
60,astro_trend_start_score_chg_30,selected_features,0.004027343772889756
60,astro_momentum_v2_smooth_chg_30,selected_features,0.0039875197691406775
60,astro_bullish_score_ema_30,selected_features,0.003788323829129068
60,astro_bullish_score_smooth_roll_min_10,selected_features,0.003662987720770264
60,square_strength,selected_features,0.0035165265868558762
60,astro_bullish_score_smooth_ema_21,selected_features,0.003270735113608045
60,astro_trend_start_score_sma_10,selected_features,0.0032428589361226056
60,planet_bullish_Jupiter,selected_features,0.0031716774068047066
60,astro_bullish_score_chg_30,selected_features,0.0031673567968383788
60,planet_trend_start_Jupiter,selected_features,0.0031440949256785105
60,astro_bullish_score_smooth_chg_30,selected_features,0.003091395896924208
60,astro_bearish_score_smooth_chg_5,selected_features,0.0026530072012797092
60,astro_bullish_score_smooth_sma_10,selected_features,0.0025206865790448284
60,astro_bullish_score_roll_max_10,selected_features,0.002404040189957422
60,opposition_strength,selected_features,0.0023313061471209274
60,astro_bullish_score_roll_min_3,selected_features,0.002311943068857504
60,moon_target_strength,selected_features,0.0022678406803414404
60,astro_bullish_score_smooth_chg_21,selected_features,0.0021591445437708586
60,astro_trend_start_score_chg_21,selected_features,0.0021558935420273317
60,expansion_score,selected_features,0.001988555363611675
60,astro_bullish_score_smooth_roll_min_3,selected_features,0.0019118666341849076
60,astro_bullish_score_sma_10,selected_features,0.0019004760982305126
60,astro_bullish_score_ema_3,selected_features,0.0018945447919754622
60,astro_bullish_score_smooth_ema_5,selected_features,0.001814528700557924
60,astro_bullish_score,selected_features,0.0018018395563335278
60,astro_bullish_score_smooth_ema_3,selected_features,0.0017406551357500445
60,astro_bullish_score_smooth_roll_max_3,selected_features,0.0016856515859819561
60,astro_bullish_score_sma_5,selected_features,0.0016838139315813994
60,astro_bullish_score_roll_max_5,selected_features,0.0016822939046243557
60,astro_bullish_score_smooth_roll_max_5,selected_features,0.0016788055803477469
60,astro_bullish_score_ema_5,selected_features,0.0016577179372974453
60,astro_reversal_score_chg_10,selected_features,0.0016562717559405644
60,astro_bullish_score_smooth_sma_5,selected_features,0.001595621565512637
60,astro_bullish_score_sma_3,selected_features,0.0015742140864005076
60,astro_bullish_score_smooth,selected_features,0.0015300724424154983
60,astro_bullish_score_roll_max_3,selected_features,0.0015134460852781627
60,astro_bullish_score_smooth_chg_10,selected_features,0.001297872182973853
60,astro_momentum_v2_smooth_chg_10,selected_features,0.0010987356458773973
60,astro_momentum_v2_smooth_chg_3,selected_features,0.0009822719930839387
60,astro_momentum_v2_chg_5,selected_features,0.0008399491143604609
60,astro_volatility_score_chg_21,selected_features,0.0008118152781576357
60,btc_return_3d,selected_features,0.0007956722957230398
60,mars_signal,selected_features,0.00046417552956835043
60,mercury_signal,selected_features,0.0
60,moon_signal,selected_features,0.0
60,sun_signal,selected_features,0.0
60,venus_signal,selected_features,0.0
90,buy_hold_equity,selected_features,0.040092419256016885
90,strategy_drawdown,selected_features,0.027375763825240484
90,buy_hold_drawdown,selected_features,0.021998614431308957
90,planet_trend_start_Pluto,selected_features,0.019922339291071685
90,astro_bullish_score_smooth_roll_max_30,selected_features,0.018546555352850103
90,astro_bullish_score_roll_max_30,selected_features,0.01795319222344021
90,astro_bullish_score_smooth_roll_min_30,selected_features,0.0174959426679758
90,astro_bearish_score_smooth_ema_60,selected_features,0.01654794247737113
90,astro_bearish_score_ema_60,selected_features,0.015470610232353991
90,astro_compression_score_sma_60,selected_features,0.015230326978661862
90,astro_bullish_score_smooth_roll_max_21,selected_features,0.014945064097214087
90,astro_bullish_score_roll_min_30,selected_features,0.014352019113025222
90,astro_trend_end_score_roll_max_30,selected_features,0.014050795909823695
90,astro_bearish_score_smooth_sma_60,selected_features,0.013995159974477565
90,astro_bearish_score_sma_60,selected_features,0.013356161054678616
90,btc_vol_30d,selected_features,0.012603643501088663
90,astro_compression_score_ema_60,selected_features,0.012094220671600557
90,astro_compression_score_roll_min_30,selected_features,0.012075164926311605
90,astro_bullish_score_smooth_roll_min_21,selected_features,0.011831517123306963
90,astro_bullish_score_smooth_ema_60,selected_features,0.011822892359850198
90,astro_bullish_score_smooth_sma_60,selected_features,0.01178349949725101
90,astro_bearish_score_smooth_roll_min_30,selected_features,0.011703181586226312
90,astro_reversal_score_roll_max_30,selected_features,0.011590048942999736
90,astro_bullish_score_sma_60,selected_features,0.011492872950366103
90,astro_bullish_score_ema_60,selected_features,0.010844826317714195
90,sun_target_strength,selected_features,0.010809689580821914
90,astro_reversal_score_ema_60,selected_features,0.0107864123809287
90,conjunction_strength,selected_features,0.010763285872707756
90,astro_reversal_score_sma_60,selected_features,0.010757865674232753
90,planet_trend_end_Pluto,selected_features,0.01050234483311005
90,astro_bearish_score_smooth_roll_max_30,selected_features,0.010404206829370367
90,astro_trend_start_score_ema_60,selected_features,0.010325238772579003
90,astro_trend_start_score_roll_max_30,selected_features,0.01000502936099765
90,planet_volatility_Pluto,selected_features,0.009977702755559956
90,astro_bearish_score_smooth_sma_30,selected_features,0.009928746247919258
90,astro_trend_end_score_sma_60,selected_features,0.009812928720838308
90,astro_bearish_score_smooth_ema_30,selected_features,0.009738903345589411
90,astro_momentum_v2_smooth_sma_60,selected_features,0.009711596273106323
90,pluto_signal,selected_features,0.009653020524781572
90,astro_trend_start_score_sma_60,selected_features,0.009430157751306092
90,astro_bullish_score_roll_min_21,selected_features,0.009181758706131143
90,astro_trend_start_score_roll_max_21,selected_features,0.009043754074296927
90,astro_compression_score_roll_min_21,selected_features,0.008922839290966326
90,astro_trend_end_score_ema_60,selected_features,0.008599449410614479
90,uranus_signal,selected_features,0.008543181309372639
90,astro_bullish_score_smooth_roll_min_10,selected_features,0.008439103808849132
90,astro_momentum_v2_sma_60,selected_features,0.00840700728727585
90,astro_volatility_score_roll_max_30,selected_features,0.00836700843406522
90,astro_bullish_score_smooth_sma_30,selected_features,0.008338153620052623
90,astro_trend_start_score_ema_30,selected_features,0.008326160368772801
90,astro_momentum_v2_smooth_roll_max_30,selected_features,0.008154010354937697
90,house_activation_strength,selected_features,0.008026113259100714
90,astro_trend_start_score_roll_min_30,selected_features,0.007999141937127
90,astro_reversal_score_ema_30,selected_features,0.007987350445428044
90,astro_bearish_score_smooth_roll_min_21,selected_features,0.007931655606637321
90,astro_momentum_v2_smooth_roll_max_21,selected_features,0.007499571876833173
90,astro_bearish_score_roll_min_30,selected_features,0.007384461927168916
90,astro_compression_score_ema_30,selected_features,0.00728389269705255
90,astro_trend_start_score_ema_21,selected_features,0.007251167426948357
90,astro_bullish_score_ema_30,selected_features,0.007172430132332894
90,astro_momentum_v2_roll_min_30,selected_features,0.007106207888873166
90,trine_strength,selected_features,0.007053853994162662
90,astro_trend_start_score_sma_30,selected_features,0.006739533157197799
90,astro_reversal_score_roll_max_21,selected_features,0.006664044172962314
90,astro_bullish_score_smooth_ema_21,selected_features,0.006641689474989925
90,jupiter_signal,selected_features,0.006330632243036469
90,astro_reversal_score_sma_30,selected_features,0.006266822323017035
90,astro_bullish_score_smooth_roll_max_5,selected_features,0.005666226451537509
90,astro_trend_start_score_roll_min_21,selected_features,0.005634597588311208
90,mc_target_strength,selected_features,0.005592355862001807
90,astro_volatility_score_roll_max_21,selected_features,0.00552180159862371
90,btc_vol_14d,selected_features,0.005496610304742492
90,astro_bullish_score_smooth_sma_10,selected_features,0.005384591154241156
90,saturn_signal,selected_features,0.005320850798462715
90,astro_bearish_score_roll_min_10,selected_features,0.005065185259978397
90,astro_volatility_score_ema_21,selected_features,0.004989044188344089
90,astro_bearish_score_roll_min_21,selected_features,0.0049791865302247825
90,astro_compression_score_ema_21,selected_features,0.004870592895767349
90,astro_reversal_score_sma_21,selected_features,0.004727350231360332
90,neptune_signal,selected_features,0.004670649027753403
90,astro_volatility_score_sma_21,selected_features,0.004658714840488539
90,astro_bullish_score_sma_10,selected_features,0.004623849632336359
90,planet_trend_start_Jupiter,selected_features,0.004538452642415827
90,astro_trend_start_score_roll_min_10,selected_features,0.0044715224044739104
90,asc_target_strength,selected_features,0.004469283672024915
90,astro_trend_start_score_roll_max_10,selected_features,0.004440373056963448
90,astro_trend_start_score_ema_3,selected_features,0.004277539040849304
90,astro_trend_start_score_ema_5,selected_features,0.004235564533111466
90,astro_bullish_score_smooth_roll_min_3,selected_features,0.004214964996053805
90,astro_bullish_score_smooth_ema_5,selected_features,0.004143978649067446
90,astro_trend_start_score_ema_10,selected_features,0.004089438937474324
90,astro_bullish_score_smooth_sma_5,selected_features,0.004070520966798545
90,astro_trend_start_score_sma_21,selected_features,0.004015870032987317
90,astro_momentum_v2_smooth_chg_30,selected_features,0.003963407578603938
90,astro_bullish_score_smooth_ema_3,selected_features,0.003831660411268194
90,planet_bullish_Jupiter,selected_features,0.003746363706569782
90,astro_bullish_score_smooth_roll_max_3,selected_features,0.0035720004978319355
90,astro_trend_start_score_sma_5,selected_features,0.0035374991291436944
90,astro_trend_start_score_roll_min_5,selected_features,0.0034906261151032127
90,astro_trend_start_score,selected_features,0.003301210709262716
90,trend_start,selected_features,0.0032515988332666268
90,astro_trend_start_score_roll_min_3,selected_features,0.0032481787977190714
90,astro_trend_start_score_sma_3,selected_features,0.0032420266033353173
90,astro_trend_start_score_sma_10,selected_features,0.003176832213160866
90,astro_bullish_score_smooth_chg_30,selected_features,0.0031525466974975805
90,astro_bearish_score_smooth_chg_30,selected_features,0.0030717451093783986
90,btc_return_14d,selected_features,0.002962421108288413
90,astro_bullish_score_roll_min_3,selected_features,0.0029620388166470566
90,astro_bearish_score_chg_3,selected_features,0.002943542272810016
90,astro_bullish_score_roll_max_10,selected_features,0.002943150343662004
90,astro_trend_start_score_roll_max_3,selected_features,0.0028017021119933557
90,astro_momentum_v2_chg_30,selected_features,0.0027926664764283396
90,astro_bullish_score_ema_5,selected_features,0.0027516704914455933
90,astro_bullish_score_chg_30,selected_features,0.0025334055750918963
90,astro_trend_end_score_chg_30,selected_features,0.002513456038715589
90,astro_bearish_score_smooth_chg_21,selected_features,0.002472707860339963
90,astro_bullish_score_smooth,selected_features,0.002443067416125742
90,sextile_strength,selected_features,0.002440470881877786
90,opposition_strength,selected_features,0.0024164950458849146
90,astro_trend_start_score_roll_max_5,selected_features,0.00240693266431519
90,astro_trend_start_score_chg_30,selected_features,0.0023451960619752113
90,astro_bearish_score_smooth_chg_5,selected_features,0.002259477245151946
90,astro_bearish_score_smooth_chg_10,selected_features,0.0021945448973136336
90,astro_bullish_score_roll_max_5,selected_features,0.0019790107869521556
90,astro_bullish_score_sma_5,selected_features,0.0019724788931772615
90,astro_bullish_score_ema_3,selected_features,0.001866304380632698
90,astro_bullish_score_sma_3,selected_features,0.0018593958422020856
90,astro_bullish_score_smooth_chg_21,selected_features,0.0018172315113541815
90,expansion_score,selected_features,0.0017862861330539316
90,square_strength,selected_features,0.0017840229832060818
90,astro_bearish_score_chg_21,selected_features,0.0017247708549152526
90,astro_bullish_score,selected_features,0.0015299853230813986
90,astro_bullish_score_roll_max_3,selected_features,0.0014767979167901546
90,astro_trend_start_score_chg_21,selected_features,0.0014097649262285415
90,moon_target_strength,selected_features,0.0011658933434291982
90,astro_volatility_score_chg_21,selected_features,0.0010894073016689606
90,astro_reversal_score_chg_10,selected_features,0.0009258710575918344
90,mars_signal,selected_features,0.0006878455442397576
90,astro_bullish_score_smooth_chg_10,selected_features,0.000674362828643558
90,astro_momentum_v2_smooth_chg_10,selected_features,0.0006193581598828436
90,btc_return_3d,selected_features,0.00046054996200890676
90,astro_momentum_v2_chg_5,selected_features,0.0004016592684940023
90,astro_momentum_v2_smooth_chg_3,selected_features,0.00038834706156716384
90,mercury_signal,selected_features,0.0
90,moon_signal,selected_features,0.0
90,sun_signal,selected_features,0.0
90,venus_signal,selected_features,0.0
