horizon,long_threshold,short_threshold,total_return,buy_hold_return,max_drawdown,buy_hold_max_drawdown,sharpe_like,buy_hold_sharpe_like,return_drawdown_ratio,number_of_trades,balanced_score,prediction_start,prediction_end
3,0.52,0.35,118.13357928401696,128.58984362037577,-0.5955160589371663,-0.8339900882218975,1.2678035910146401,1.0880637114527179,198.37177773988694,206,74.40176551636614,2016-09-16,2026-04-26
3,0.52,0.42,84.8087553864115,128.58984362037577,-0.5955016875202968,-0.8339900882218975,1.1340121038802473,1.0880637114527179,142.41564241330707,292,52.994282225542584,2016-09-16,2026-04-26
3,0.52,0.4,67.02279337551754,128.58984362037577,-0.6100332772097063,-0.8339900882218975,1.1081818415992546,1.0880637114527179,109.86743818645428,273,41.15964769799373,2016-09-16,2026-04-26
3,0.54,0.35,66.09898789917064,128.58984362037577,-0.622385250575622,-0.8339900882218975,1.2033745408480374,1.0880637114527179,106.20269011522691,199,40.31543391887386,2016-09-16,2026-04-26
3,0.52,0.32,65.80101935108705,128.58984362037577,-0.6319658069434098,-0.8339900882218975,1.1588020803045729,1.0880637114527179,104.12117020910166,198,39.78416331657378,2016-09-16,2026-04-26
3,0.52,0.38,59.469941166775875,128.58984362037577,-0.6027223549447469,-0.8339900882218975,1.1044076013981485,1.0880637114527179,98.6688824114175,221,36.765898549124685,2016-09-16,2026-04-26
3,0.52,0.44,56.63792068448637,128.58984362037577,-0.6777996744834802,-0.8339900882218975,1.0323791821628148,1.0880637114527179,83.56144568474086,315,32.58774846294671,2016-09-16,2026-04-26
3,0.54,0.42,47.32962019540488,128.58984362037577,-0.6223852505756222,-0.8339900882218975,1.0574182485094865,1.0880637114527179,76.0455363484777,286,28.428108152075797,2016-09-16,2026-04-26
3,0.54,0.4,37.31212507004703,128.58984362037577,-0.6223852505756223,-0.8339900882218975,1.0296758453743386,1.0880637114527179,59.95020774598748,267,22.2320840528731,2016-09-16,2026-04-26
3,0.54,0.32,36.62399162376361,128.58984362037577,-0.6680775057227499,-0.8339900882218975,1.0855896420731406,1.0880637114527179,54.81997419467443,191,21.11405181863613,2016-09-16,2026-04-26
3,0.54,0.38,33.05817129811843,128.58984362037577,-0.6223852505756222,-0.8339900882218975,1.0256947226710347,1.0880637114527179,53.115287143363524,214,19.69352040782357,2016-09-16,2026-04-26
3,0.54,0.44,31.463107091927732,128.58984362037577,-0.6804433737211404,-0.8339900882218975,0.9497359476705919,1.0880637114527179,46.239126291825656,311,17.54661075047673,2016-09-16,2026-04-26
3,0.56,0.35,14.712040602480444,128.58984362037577,-0.593259916016701,-0.8339900882218975,0.915542670524841,1.0880637114527179,24.79864256001122,167,8.618205732409196,2016-09-16,2026-04-26
3,0.56,0.42,10.316965852804602,128.58984362037577,-0.6425793337145893,-0.8339900882218975,0.7786143153895035,1.0880637114527179,16.055551916313306,255,5.265490982347131,2016-09-16,2026-04-26
3,0.52,0.48,10.800493013684775,128.58984362037577,-0.7889646217811257,-0.8339900882218975,0.7205800843857413,1.0880637114527179,13.689451612294278,339,4.566035478872891,2016-09-16,2026-04-26
3,0.56,0.4,7.971248054776222,128.58984362037577,-0.5635453713889145,-0.8339900882218975,0.7390494846972947,1.0880637114527179,14.144820380886593,235,4.304574098018095,2016-09-16,2026-04-26
3,0.52,0.46,9.65578628175488,128.58984362037577,-0.7125018926087147,-0.8339900882218975,0.7094066272376729,1.0880637114527179,13.551944748387577,346,4.272789787976271,2016-09-16,2026-04-26
3,0.56,0.32,7.810113274857084,128.58984362037577,-0.600820697835837,-0.8339900882218975,0.777639752148495,1.0880637114527179,12.999074936980701,159,4.145997010810442,2016-09-16,2026-04-26
3,0.56,0.38,6.97513326261195,128.58984362037577,-0.6668020698121153,-0.8339900882218975,0.7249942943392864,1.0880637114527179,10.460575301719343,182,3.24090045488106,2016-09-16,2026-04-26
3,0.56,0.44,6.601629662097261,128.58984362037577,-0.7853124243695812,-0.8339900882218975,0.674131818142163,1.0880637114527179,8.406373638360296,281,2.354069232189018,2016-09-16,2026-04-26
3,0.68,0.35,3.126919731868883,128.58984362037577,-0.4196265949552863,-0.8339900882218975,0.7603480017694567,1.0880637114527179,7.451671961359062,42,2.085998868757679,2016-09-16,2026-04-26
3,0.58,0.35,4.037887288113547,128.58984362037577,-0.6093464748888837,-0.8339900882218975,0.6451935588682036,1.0880637114527179,6.626586768799916,139,1.7228181921868133,2016-09-16,2026-04-26
3,0.54,0.48,5.646330469445598,128.58984362037577,-0.8409509638551622,-0.8339900882218975,0.6259943139779229,1.0880637114527179,6.714220819203521,342,1.5206526097477036,2016-09-16,2026-04-26
3,0.54,0.46,5.001603234559593,128.58984362037577,-0.7983925921001694,-0.8339900882218975,0.610261892387881,1.0880637114527179,6.264591234999926,344,1.2810001395784094,2016-09-16,2026-04-26
3,0.65,0.35,2.6262821420361835,128.58984362037577,-0.5041825754073271,-0.8339900882218975,0.6321994554681603,1.0880637114527179,5.20899029466542,84,1.2527242916986359,2016-09-16,2026-04-26
3,0.62,0.35,2.366507479964967,128.58984362037577,-0.5302235495561649,-0.8339900882218975,0.5680687893524831,1.0880637114527179,4.463225901501175,88,0.9626420636178878,2016-09-16,2026-04-26
3,0.68,0.42,1.9725107555700077,128.58984362037577,-0.47082594644757836,-0.8339900882218975,0.512017749088487,1.0880637114527179,4.189469103078895,132,0.7563208264082786,2016-09-16,2026-04-26
3,0.58,0.42,2.628656509508935,128.58984362037577,-0.648942011899029,-0.8339900882218975,0.5261198800368438,1.0880637114527179,4.050680124432961,227,0.5176974208783818,2016-09-16,2026-04-26
3,0.68,0.32,1.314061631706056,128.58984362037577,-0.4593273438983856,-0.8339900882218975,0.5290107099978495,1.0880637114527179,2.8608391143305383,34,0.50938088100419,2016-09-16,2026-04-26
3,0.68,0.4,1.3563852432319647,128.58984362037577,-0.437024514961469,-0.8339900882218975,0.4502724905945064,1.0880637114527179,3.1036822805044535,112,0.41496675707672115,2016-09-16,2026-04-26
3,0.65,0.42,1.611914786395097,128.58984362037577,-0.5454587631411886,-0.8339900882218975,0.4578102113897503,1.0880637114527179,2.9551542578808347,174,0.20501540755462283,2016-09-16,2026-04-26
3,0.58,0.4,1.8765287512390598,128.58984362037577,-0.6026404076815653,-0.8339900882218975,0.4719670484328041,1.0880637114527179,3.1138448854737533,207,0.1836155598159933,2016-09-16,2026-04-26
3,0.58,0.32,1.8248627149827974,128.58984362037577,-0.6627414863575827,-0.8339900882218975,0.48323826501243766,1.0880637114527179,2.753506084268567,131,0.17686656615592733,2016-09-16,2026-04-26
3,0.6,0.35,1.572150819007084,128.58984362037577,-0.5999149830319501,-0.8339900882218975,0.4592881790087098,1.0880637114527179,2.620622694004885,120,0.16662691836621302,2016-09-16,2026-04-26
3,0.68,0.38,1.0947460395794333,128.58984362037577,-0.52456316721188,-0.8339900882218975,0.4249197048204139,1.0880637114527179,2.0869670384944254,58,0.12283515724500992,2016-09-16,2026-04-26
3,0.65,0.4,1.070531602857241,128.58984362037577,-0.4659699781378953,-0.8339900882218975,0.39278342044884446,1.0880637114527179,2.2974261284713853,154,0.02765643103617571,2016-09-16,2026-04-26
3,0.65,0.32,1.033342278461689,128.58984362037577,-0.5363697534129321,-0.8339900882218975,0.41899252274722915,1.0880637114527179,1.9265483780293542,76,0.01949755033974257,2016-09-16,2026-04-26
3,0.62,0.42,1.4248059916520437,128.58984362037577,-0.5710455440431222,-0.8339900882218975,0.43054159601244657,1.0880637114527179,2.4950829343034853,178,0.0073410129067637,2016-09-16,2026-04-26
3,0.58,0.38,1.5571358616767719,128.58984362037577,-0.6799800385718326,-0.8339900882218975,0.4442478874473039,1.0880637114527179,2.2899729011858003,154,-0.07735294886804261,2016-09-16,2026-04-26
3,0.62,0.4,0.9222056793983469,128.58984362037577,-0.4960312972359565,-0.8339900882218975,0.3658590205404775,1.0880637114527179,1.8591683317910965,158,-0.15949309417805518,2016-09-16,2026-04-26
3,0.62,0.32,0.8876804731819987,128.58984362037577,-0.5773629037060375,-0.8339900882218975,0.3720646539603762,1.0880637114527179,1.5374740349337692,80,-0.17768205180506166,2016-09-16,2026-04-26
3,0.65,0.38,0.8406319116819831,128.58984362037577,-0.6036281630665665,-0.8339900882218975,0.3590461442043291,1.0880637114527179,1.3926320259998877,100,-0.29815307465712054,2016-09-16,2026-04-26
3,0.62,0.38,0.708775229238017,128.58984362037577,-0.6259405046648769,-0.8339900882218975,0.32996794313383626,1.0880637114527179,1.1323364184867521,104,-0.435836998265498,2016-09-16,2026-04-26
3,0.6,0.42,0.852651970767637,128.58984362037577,-0.6210887599336293,-0.8339900882218975,0.3571623795159538,1.0880637114527179,1.3728343286372675,210,-0.5409916601287081,2016-09-16,2026-04-26
3,0.58,0.44,1.4373761761779469,128.58984362037577,-0.8093649688863314,-0.8339900882218975,0.42815364784018595,1.0880637114527179,1.7759307993719389,254,-0.5834534216360774,2016-09-16,2026-04-26
3,0.68,0.44,0.9966416992275535,128.58984362037577,-0.7855743714173707,-0.8339900882218975,0.37578436643246194,1.0880637114527179,1.2686789888898298,159,-0.6157151284741198,2016-09-16,2026-04-26
3,0.6,0.4,0.4686445647273494,128.58984362037577,-0.55679863480148,-0.8339900882218975,0.2902159848729696,1.0880637114527179,0.8416769284903852,190,-0.6654939436800287,2016-09-16,2026-04-26
3,0.6,0.32,0.4422658805942301,128.58984362037577,-0.6661781377889433,-0.8339900882218975,0.274581831212614,1.0880637114527179,0.6638853116106724,112,-0.6951622048113607,2016-09-16,2026-04-26
3,0.6,0.38,0.3055748818444095,128.58984362037577,-0.6722538426814786,-0.8339900882218975,0.2498237830117898,1.0880637114527179,0.4545528228229025,136,-0.8422959501798185,2016-09-16,2026-04-26
3,0.65,0.44,0.7544286316116078,128.58984362037577,-0.7918403178597926,-0.8339900882218975,0.3404567942362675,1.0880637114527179,0.9527534966275749,201,-0.8557612305330498,2016-09-16,2026-04-26
3,0.62,0.44,0.628747262359663,128.58984362037577,-0.8057597750601619,-0.8339900882218975,0.3249723170801712,1.0880637114527179,0.7803160219964043,205,-0.9587720247399627,2016-09-16,2026-04-26
3,0.6,0.44,0.24443020838841023,128.58984362037577,-0.8239180792834706,-0.8339900882218975,0.26493046114407753,1.0880637114527179,0.2966680966643937,237,-1.2785092558545093,2016-09-16,2026-04-26
3,0.56,0.48,0.5563187681810511,128.58984362037577,-0.8999746498476762,-0.8339900882218975,0.35936765944320004,1.0880637114527179,0.6181493759576561,315,-1.3386641258586287,2016-09-16,2026-04-26
3,0.56,0.46,0.40534807832092135,128.58984362037577,-0.8733812896307087,-0.8339900882218975,0.32502231499263773,1.0880637114527179,0.4641135356727351,314,-1.3915416711601392,2016-09-16,2026-04-26
3,0.68,0.46,-0.6308717078002566,128.58984362037577,-0.8784751186350108,-0.8339900882218975,-0.05787470463131668,1.0880637114527179,-0.7181440821915542,195,-1.8412403736931124,2016-09-16,2026-04-26
3,0.68,0.48,-0.5912177930299971,128.58984362037577,-0.9160024267837263,-0.8339900882218975,0.019492020768487228,1.0880637114527179,-0.6454325619047592,199,-1.8426326765006382,2016-09-16,2026-04-26
3,0.58,0.48,-0.500984070952944,128.58984362037577,-0.90766203385088,-0.8339900882218975,0.12841039437708196,1.0880637114527179,-0.551950012525533,289,-1.9283191280726109,2016-09-16,2026-04-26
3,0.65,0.46,-0.6756507465392176,128.58984362037577,-0.8829377006251999,-0.8339900882218975,-0.06323667932992068,1.0880637114527179,-0.7652303736274888,237,-1.955546262234235,2016-09-16,2026-04-26
3,0.65,0.48,-0.6408072573667007,128.58984362037577,-0.9178248263007552,-0.8339900882218975,0.010943091617379353,1.0880637114527179,-0.6981803488029854,241,-1.9573291977804685,2016-09-16,2026-04-26
3,0.62,0.48,-0.6665386179396569,128.58984362037577,-0.9189320915163859,-0.8339900882218975,0.013855107707299807,1.0880637114527179,-0.7253404512620305,244,-1.9768455023322304,2016-09-16,2026-04-26
3,0.58,0.46,-0.549391107223204,128.58984362037577,-0.9210260697444443,-0.8339900882218975,0.07374316379331781,1.0880637114527179,-0.5964989757300166,287,-1.9835896071658587,2016-09-16,2026-04-26
3,0.62,0.46,-0.6988860366822827,128.58984362037577,-0.9068903863801873,-0.8339900882218975,-0.056585440662120984,1.0880637114527179,-0.7706400323327445,241,-1.99921170467821,2016-09-16,2026-04-26
3,0.6,0.48,-0.7452217254593259,128.58984362037577,-0.9249104585969707,-0.8339900882218975,-0.022540345973375474,1.0880637114527179,-0.8057231038232381,275,-2.09873833273934,2016-09-16,2026-04-26
3,0.6,0.46,-0.7699364899761961,128.58984362037577,-0.938800199674333,-0.8339900882218975,-0.09332857230293319,1.0880637114527179,-0.8201281702361001,272,-2.145171830939022,2016-09-16,2026-04-26
7,0.52,0.35,809.7753362062427,128.58984362037577,-0.651300433394133,-0.8339900882218975,1.6208276497005025,1.0880637114527179,1243.320739073129,264,490.82191281215114,2016-09-16,2026-04-26
7,0.52,0.46,697.0861058805548,128.58984362037577,-0.691189494323412,-0.8339900882218975,1.4303082184296922,1.0880637114527179,1008.5311070344245,339,409.7906741795975,2016-09-16,2026-04-26
7,0.52,0.44,652.8283313125694,128.58984362037577,-0.6665261366241648,-0.8339900882218975,1.4432237126983325,1.0880637114527179,979.4489599748146,340,390.73026201739793,2016-09-16,2026-04-26
7,0.52,0.32,628.3754468032344,128.58984362037577,-0.6680376545952613,-0.8339900882218975,1.6321627306643447,1.0880637114527179,940.6287841423298,231,375.9126007569247,2016-09-16,2026-04-26
7,0.52,0.42,591.8355204124897,128.58984362037577,-0.6766036785810255,-0.8339900882218975,1.4652105853483337,1.0880637114527179,874.7151976082782,354,351.4527647520482,2016-09-16,2026-04-26
7,0.52,0.4,547.4386582791138,128.58984362037577,-0.6743900481693303,-0.8339900882218975,1.4816810723848912,1.0880637114527179,811.7537614399364,303,325.65195058684446,2016-09-16,2026-04-26
7,0.52,0.38,500.7376468119889,128.58984362037577,-0.6743900481693303,-0.8339900882218975,1.478081243527643,1.0880637114527179,742.5045019143882,285,297.82653530149736,2016-09-16,2026-04-26
7,0.54,0.35,332.960340803701,128.58984362037577,-0.6225251319754077,-0.8339900882218975,1.503729360444486,1.0880637114527179,534.8544559914318,240,206.127142300583,2016-09-16,2026-04-26
7,0.54,0.46,286.54337165838166,128.58984362037577,-0.6956902553050985,-0.8339900882218975,1.3092636841110374,1.0880637114527179,411.8835494292163,322,167.28435085366527,2016-09-16,2026-04-26
7,0.54,0.44,268.31348624141816,128.58984362037577,-0.6422647281849512,-0.8339900882218975,1.3210919401747283,1.0880637114527179,417.7615155664483,321,163.06390025454508,2016-09-16,2026-04-26
7,0.54,0.32,258.2412834008855,128.58984362037577,-0.6336660715977148,-0.8339900882218975,1.5155464230224802,1.0880637114527179,407.5352855010216,207,158.3038007790307,2016-09-16,2026-04-26
7,0.54,0.42,243.19039849423004,128.58984362037577,-0.6499164454504597,-0.8339900882218975,1.341796237678222,1.0880637114527179,374.18717466931275,334,146.78378760850586,2016-09-16,2026-04-26
7,0.54,0.4,224.9032225694488,128.58984362037577,-0.6475201423645592,-0.8339900882218975,1.357593692011445,1.0880637114527179,347.33007956812935,281,136.04074029870878,2016-09-16,2026-04-26
7,0.54,0.38,205.66696190762764,128.58984362037577,-0.6475201423645596,-0.8339900882218975,1.3531510687115007,1.0880637114527179,317.62249303410135,261,124.36678987520189,2016-09-16,2026-04-26
7,0.52,0.48,200.1528574899191,128.58984362037577,-0.6896773310103406,-0.8339900882218975,1.197409114598872,1.0880637114527179,290.2123188487373,338,116.96931754306988,2016-09-16,2026-04-26
7,0.56,0.35,91.80232661629111,128.58984362037577,-0.6123878378835821,-0.8339900882218975,1.2908169005336523,1.0880637114527179,149.90880115052707,216,56.77675933282505,2016-09-16,2026-04-26
7,0.56,0.46,78.90378087641092,128.58984362037577,-0.6612416947369781,-0.8339900882218975,1.1069541198907917,1.0880637114527179,119.32668720746118,300,46.497353527956065,2016-09-16,2026-04-26
7,0.54,0.48,81.85535319229749,128.58984362037577,-0.7116107805894577,-0.8339900882218975,1.0679661300833616,1.0880637114527179,115.02826464277732,329,46.38853355603706,2016-09-16,2026-04-26
7,0.56,0.44,73.83798241492033,128.58984362037577,-0.591086233072047,-0.8339900882218975,1.114874917386651,1.0880637114527179,124.91913748551184,299,46.18857065132374,2016-09-16,2026-04-26
7,0.56,0.42,66.85667143316289,128.58984362037577,-0.5915189006274386,-0.8339900882218975,1.1297710011790434,1.0880637114527179,113.02541873513488,310,41.698106401604214,2016-09-16,2026-04-26
7,0.56,0.32,71.03907564801729,128.58984362037577,-0.681130973735445,-0.8339900882218975,1.2974460537042993,1.0880637114527179,104.29576452591225,183,41.40756800121484,2016-09-16,2026-04-26
7,0.56,0.4,61.774952840539235,128.58984362037577,-0.6002266597909249,-0.8339900882218975,1.1413613682397652,1.0880637114527179,102.91937526076751,257,38.251554058460535,2016-09-16,2026-04-26
7,0.56,0.38,56.4294985254602,128.58984362037577,-0.6016951193558743,-0.8339900882218975,1.134325397705033,1.0880637114527179,93.78420517332601,237,34.856585582305186,2016-09-16,2026-04-26
7,0.62,0.35,34.26345526753631,128.58984362037577,-0.3648629107840503,-0.8339900882218975,1.2409968801388225,1.0880637114527179,93.90775070534823,149,28.74085699089907,2016-09-16,2026-04-26
7,0.58,0.35,44.77506100936786,128.58984362037577,-0.5924557644406239,-0.8339900882218975,1.202032347965341,1.0880637114527179,75.57536561677802,211,27.80573304240305,2016-09-16,2026-04-26
7,0.6,0.35,31.509376915532656,128.58984362037577,-0.4929505697360189,-0.8339900882218975,1.1599859433203972,1.0880637114527179,63.91995232383302,167,21.692610407418517,2016-09-16,2026-04-26
7,0.58,0.46,38.412809763056046,128.58984362037577,-0.6826852825290244,-0.8339900882218975,1.002393038127368,1.0880637114527179,56.267229931711505,297,21.68076987544241,2016-09-16,2026-04-26
7,0.58,0.44,35.91408756404608,128.58984362037577,-0.6089344737798896,-0.8339900882218975,1.009598022553327,1.0880637114527179,58.978575052769756,294,21.574132495436572,2016-09-16,2026-04-26
7,0.58,0.42,32.470532345472144,128.58984362037577,-0.5396722729941895,-0.8339900882218975,1.0241188040540108,1.0880637114527179,60.167130998449025,305,20.848437143507613,2016-09-16,2026-04-26
7,0.62,0.32,26.373739584483335,128.58984362037577,-0.4134330154898147,-0.8339900882218975,1.2839953243126931,1.0880637114527179,63.792049972683124,115,20.373138964028797,2016-09-16,2026-04-26
7,0.58,0.32,34.53351734898831,128.58984362037577,-0.6728952609758146,-0.8339900882218975,1.2147415788671978,1.0880637114527179,51.320791439233396,177,19.854253968926926,2016-09-16,2026-04-26
7,0.65,0.35,21.818844078641437,128.58984362037577,-0.34292211496306046,-0.8339900882218975,1.1506493251336674,1.0880637114527179,63.62623793158327,130,18.984975430002045,2016-09-16,2026-04-26
7,0.58,0.4,29.9639574880165,128.58984362037577,-0.583554494473915,-0.8339900882218975,1.036039981735839,1.0880637114527179,51.34731678320728,252,18.387821478561555,2016-09-16,2026-04-26
7,0.62,0.42,24.7844903779297,128.58984362037577,-0.43689401074447376,-0.8339900882218975,1.0170918995644858,1.0880637114527179,56.72883987513715,246,18.098979739823317,2016-09-16,2026-04-26
7,0.62,0.4,22.853515554268895,128.58984362037577,-0.3970749841327169,-0.8339900882218975,1.036318436718949,1.0880637114527179,57.554659617213304,192,17.849354312409066,2016-09-16,2026-04-26
7,0.58,0.38,27.32729409478882,128.58984362037577,-0.5603500215614448,-0.8339900882218975,1.0281874349607139,1.0880637114527179,48.76825741639106,232,17.147267786999304,2016-09-16,2026-04-26
7,0.62,0.46,29.36220648101427,128.58984362037577,-0.7257491196226141,-0.8339900882218975,0.9846084587497116,1.0880637114527179,40.45779138703257,239,15.859646782744926,2016-09-16,2026-04-26
7,0.62,0.44,27.437281062066923,128.58984362037577,-0.6421185061717279,-0.8339900882218975,0.9952888316323509,1.0880637114527179,42.7293105530416,236,15.850749387585063,2016-09-16,2026-04-26
7,0.62,0.38,20.822325216726732,128.58984362037577,-0.4436370599596515,-0.8339900882218975,1.0306201284803556,1.0880637114527179,46.93549546699391,170,15.099967378435363,2016-09-16,2026-04-26
7,0.6,0.32,24.235848585684494,128.58984362037577,-0.5803398706620087,-0.8339900882218975,1.178565422764415,1.0880637114527179,41.761474285814685,133,15.044122492508318,2016-09-16,2026-04-26
7,0.65,0.32,16.713439896591872,128.58984362037577,-0.33582300342615923,-0.8339900882218975,1.1938403958386539,1.0880637114527179,49.76859752332846,96,14.773816857904084,2016-09-16,2026-04-26
7,0.6,0.42,22.770719854634404,128.58984362037577,-0.5215719817876445,-0.8339900882218975,0.9700265944907477,1.0880637114527179,43.657866315191356,263,14.724333550265797,2016-09-16,2026-04-26
7,0.6,0.46,26.99091600610129,128.58984362037577,-0.7341025166679118,-0.8339900882218975,0.9487392191011581,1.0880637114527179,36.76722990763326,255,14.355151364207556,2016-09-16,2026-04-26
7,0.6,0.44,25.216327398601535,128.58984362037577,-0.6614490403723035,-0.8339900882218975,0.9555763746725291,1.0880637114527179,38.122857332151035,252,14.193110116680673,2016-09-16,2026-04-26
7,0.6,0.4,20.990554301357463,128.58984362037577,-0.5186664564577745,-0.8339900882218975,0.9823517217973352,1.0880637114527179,40.470236777431424,209,13.668703677950376,2016-09-16,2026-04-26
7,0.68,0.35,15.634593915554518,128.58984362037577,-0.34292211496306046,-0.8339900882218975,1.074375381534548,1.0880637114527179,45.592259097196674,120,13.516208733938956,2016-09-16,2026-04-26
7,0.6,0.38,19.11800007292551,128.58984362037577,-0.5558383905501454,-0.8339900882218975,0.9740812164902626,1.0880637114527179,34.394889590125864,188,11.884508377486735,2016-09-16,2026-04-26
7,0.65,0.42,15.685042946510848,128.58984362037577,-0.43689401074447354,-0.8339900882218975,0.9258154256944254,1.0880637114527179,35.9012542190343,227,11.209681613322571,2016-09-16,2026-04-26
7,0.65,0.4,14.435516685212782,128.58984362037577,-0.3964734582463687,-0.8339900882218975,0.9420369136837714,1.0880637114527179,36.40979335429447,173,11.100734773404088,2016-09-16,2026-04-26
7,0.56,0.48,22.024199611113094,128.58984362037577,-0.7927276844350305,-0.8339900882218975,0.8574423154647431,1.0880637114527179,27.782806181178763,309,10.855016324438553,2016-09-16,2026-04-26
7,0.68,0.32,11.912831101869358,128.58984362037577,-0.3544912335823698,-0.8339900882218975,1.1140085931137407,1.0880637114527179,33.605432161134914,86,10.069724728399637,2016-09-16,2026-04-26
7,0.65,0.44,17.40165342995173,128.58984362037577,-0.6470435662237327,-0.8339900882218975,0.9080832272869722,1.0880637114527179,26.89409854039819,217,9.674340408835933,2016-09-16,2026-04-26
7,0.65,0.46,18.64726514510349,128.58984362037577,-0.7295232797243991,-0.8339900882218975,0.9000411768963879,1.0880637114527179,25.56089115092817,220,9.669468085974916,2016-09-16,2026-04-26
7,0.65,0.38,13.121141356567996,128.58984362037577,-0.42694104003138855,-0.8339900882218975,0.9344754098573844,1.0880637114527179,30.73291186905652,151,9.574314874192552,2016-09-16,2026-04-26
7,0.68,0.42,11.163145202371677,128.58984362037577,-0.43689401074447387,-0.8339900882218975,0.8534624014023612,1.0880637114527179,25.551151830508072,217,7.77776825387335,2016-09-16,2026-04-26
7,0.68,0.4,10.252259362936535,128.58984362037577,-0.3964734582463686,-0.8339900882218975,0.866313727038116,1.0880637114527179,25.858627228876898,163,7.729021236311719,2016-09-16,2026-04-26
7,0.68,0.38,9.294099529367418,128.58984362037577,-0.4269410400313891,-0.8339900882218975,0.8568601806147987,1.0880637114527179,21.76904691262313,141,6.626264004510794,2016-09-16,2026-04-26
7,0.68,0.46,13.322560604458172,128.58984362037577,-0.740835448376661,-0.8339900882218975,0.8344370492986406,1.0880637114527179,17.98315757385926,210,6.539408352893002,2016-09-16,2026-04-26
7,0.68,0.44,12.414528410250748,128.58984362037577,-0.6618052902704812,-0.8339900882218975,0.8399255413832236,1.0880637114527179,18.758581402661356,207,6.528792130253523,2016-09-16,2026-04-26
7,0.58,0.48,10.356764213986258,128.58984362037577,-0.8144391014395468,-0.8339900882218975,0.7387322402334556,1.0880637114527179,12.716437847446606,306,4.278824240967475,2016-09-16,2026-04-26
7,0.62,0.48,7.748841356255181,128.58984362037577,-0.8051149556944105,-0.8339900882218975,0.6998370510691766,1.0880637114527179,9.624515482477674,249,2.9901047766282876,2016-09-16,2026-04-26
7,0.6,0.48,7.065556227172598,128.58984362037577,-0.8266963332126093,-0.8339900882218975,0.6765747255598906,1.0880637114527179,8.546737106859142,264,2.5044450269538077,2016-09-16,2026-04-26
7,0.65,0.48,4.661341047340468,128.58984362037577,-0.7991247056876112,-0.8339900882218975,0.6110804306177838,1.0880637114527179,5.833058362686449,230,1.3199862553461408,2016-09-16,2026-04-26
7,0.68,0.48,3.127032421774407,128.58984362037577,-0.8280944681009543,-0.8339900882218975,0.5437043088711025,1.0880637114527179,3.7761783736408026,220,0.4085238242391757,2016-09-16,2026-04-26
14,0.52,0.32,199.71979708292497,128.58984362037577,-0.7611638443044358,-0.8339900882218975,1.310119088943085,1.0880637114527179,262.38739343358094,188,111.5245046873432,2016-09-16,2026-04-26
14,0.56,0.32,151.0431041475064,128.58984362037577,-0.6316012638095697,-0.8339900882218975,1.3406778152303072,1.0880637114527179,239.14313159614971,199,92.42329321905052,2016-09-16,2026-04-26
14,0.52,0.44,159.05953763427058,128.58984362037577,-0.7593257717427722,-0.8339900882218975,1.179908194453286,1.0880637114527179,209.474699204801,269,88.53861178462157,2016-09-16,2026-04-26
14,0.54,0.32,146.87822644167125,128.58984362037577,-0.7033188534205967,-0.8339900882218975,1.2970806090727154,1.0880637114527179,208.8359009961525,183,85.0394777781316,2016-09-16,2026-04-26
14,0.52,0.46,135.1692251141519,128.58984362037577,-0.7490984036810582,-0.8339900882218975,1.1354367335007851,1.0880637114527179,180.44254860233636,285,75.5303071068368,2016-09-16,2026-04-26
14,0.58,0.32,110.55025422020965,128.58984362037577,-0.593676008782364,-0.8339900882218975,1.315718811566329,1.0880637114527179,186.21310712378192,180,69.76610426388955,2016-09-16,2026-04-26
14,0.56,0.44,120.2433915538233,128.58984362037577,-0.7565252175947723,-0.8339900882218975,1.1780277478742587,1.0880637114527179,158.94168331376216,283,66.76200731866193,2016-09-16,2026-04-26
14,0.52,0.42,116.11935953268743,128.58984362037577,-0.7637113445806553,-0.8339900882218975,1.1382326573652448,1.0880637114527179,152.04613674613825,265,64.15877745838588,2016-09-16,2026-04-26
14,0.54,0.44,116.92220246541552,128.58984362037577,-0.7806376137804436,-0.8339900882218975,1.1529415159019063,1.0880637114527179,149.7778231555983,267,63.92595788408443,2016-09-16,2026-04-26
14,0.6,0.32,97.53254225666377,128.58984362037577,-0.5731201175326284,-0.8339900882218975,1.3410582734875272,1.0880637114527179,170.17818651447206,161,62.726370228698386,2016-09-16,2026-04-26
14,0.52,0.4,108.68858710414453,128.58984362037577,-0.7727055743815596,-0.8339900882218975,1.137287424978436,1.0880637114527179,140.65976836149295,243,59.68469843430746,2016-09-16,2026-04-26
14,0.52,0.35,102.4120797750393,128.58984362037577,-0.7667778366089046,-0.8339900882218975,1.1629821991110376,1.0880637114527179,133.5616066160173,202,56.48051672964297,2016-09-16,2026-04-26
14,0.56,0.46,102.14673478452555,128.58984362037577,-0.8107450234004199,-0.8339900882218975,1.1269672817008405,1.0880637114527179,125.99119555011585,303,54.6172668147256,2016-09-16,2026-04-26
14,0.52,0.38,98.26459833864196,128.58984362037577,-0.7911484963724772,-0.8339900882218975,1.1362125202302582,1.0880637114527179,124.20499917423648,232,53.26511809805488,2016-09-16,2026-04-26
14,0.54,0.46,99.32126276760947,128.58984362037577,-0.8460344897652426,-0.8339900882218975,1.1055964841304793,1.0880637114527179,117.39623380504156,285,52.03504124853026,2016-09-16,2026-04-26
14,0.58,0.44,87.95326904946813,128.58984362037577,-0.6956597229335555,-0.8339900882218975,1.1416697354901697,1.0880637114527179,126.43145226027238,266,50.67028092064953,2016-09-16,2026-04-26
14,0.56,0.42,87.71666491253332,128.58984362037577,-0.7622340813235386,-0.8339900882218975,1.1352958852499406,1.0880637114527179,115.07838216866745,277,48.22123686567654,2016-09-16,2026-04-26
14,0.6,0.44,77.57258419315387,128.58984362037577,-0.6448931416664796,-0.8339900882218975,1.143472381216285,1.0880637114527179,120.2875006434356,248,46.427374292975884,2016-09-16,2026-04-26
14,0.54,0.42,85.28647209384565,128.58984362037577,-0.783441650955782,-0.8339900882218975,1.109929203770465,1.0880637114527179,108.86129425184119,261,46.24537363614687,2016-09-16,2026-04-26
14,0.56,0.4,82.08793410137878,128.58984362037577,-0.8039359242556061,-0.8339900882218975,1.1364085365022039,1.0880637114527179,102.1075581084239,254,43.932714934554674,2016-09-16,2026-04-26
14,0.54,0.4,79.81192766029045,128.58984362037577,-0.814207414989877,-0.8339900882218975,1.1095453111525242,1.0880637114527179,98.0240737076593,238,42.442974629785034,2016-09-16,2026-04-26
14,0.56,0.35,77.33354678437983,128.58984362037577,-0.7810164465383191,-0.8339900882218975,1.1729528132672822,1.0880637114527179,99.01654072349372,213,42.01163510648334,2016-09-16,2026-04-26
14,0.54,0.35,75.18777605409582,128.58984362037577,-0.7855273637034904,-0.8339900882218975,1.1392495481258937,1.0880637114527179,95.71630413944004,197,40.722421781331455,2016-09-16,2026-04-26
14,0.56,0.38,74.19187385949394,128.58984362037577,-0.7735032699301221,-0.8339900882218975,1.1391403635183002,1.0880637114527179,95.91669065108981,243,40.3867203278849,2016-09-16,2026-04-26
14,0.58,0.46,74.67620084917237,128.58984362037577,-0.7804790315808046,-0.8339900882218975,1.0886138933680076,1.0880637114527179,95.67995785603755,286,40.37226789916202,2016-09-16,2026-04-26
14,0.54,0.38,72.13216216883013,128.58984362037577,-0.7958672449336326,-0.8339900882218975,1.1095689764970273,1.0880637114527179,90.63340981553429,227,38.70584569936281,2016-09-16,2026-04-26
14,0.62,0.32,58.16486053975853,128.58984362037577,-0.5645407571180199,-0.8339900882218975,1.2537931181293926,1.0880637114527179,103.03040091682679,150,37.48868999024068,2016-09-16,2026-04-26
14,0.6,0.46,65.84492572535962,128.58984362037577,-0.7349304838866013,-0.8339900882218975,1.0862814610836957,1.0880637114527179,89.59340668133095,268,36.59769446039511,2016-09-16,2026-04-26
14,0.58,0.42,64.08921650903152,128.58984362037577,-0.7007779023785934,-0.8339900882218975,1.0974811129454343,1.0880637114527179,91.45439131499253,259,36.50778922726562,2016-09-16,2026-04-26
14,0.6,0.42,56.493423219535586,128.58984362037577,-0.653219493345901,-0.8339900882218975,1.09895642416707,1.0880637114527179,86.48459483376207,241,33.33105631438919,2016-09-16,2026-04-26
14,0.58,0.4,59.95955632850601,128.58984362037577,-0.7474057167999426,-0.8339900882218975,1.0988323387368235,1.0880637114527179,80.2235719914293,236,33.01091546939562,2016-09-16,2026-04-26
14,0.58,0.35,56.47138028233685,128.58984362037577,-0.7178779768336199,-0.8339900882218975,1.1382950357342618,1.0880637114527179,78.66431636671454,194,31.787333149508928,2016-09-16,2026-04-26
14,0.58,0.38,54.16641278372646,128.58984362037577,-0.7137004864464159,-0.8339900882218975,1.1021554288725142,1.0880637114527179,75.89516024211541,224,30.47458467558838,2016-09-16,2026-04-26
14,0.6,0.4,52.845686877850355,128.58984362037577,-0.7140414408348099,-0.8339900882218975,1.101820231576315,1.0880637114527179,74.009271529208,217,29.714645649204904,2016-09-16,2026-04-26
14,0.6,0.35,49.76457463771717,128.58984362037577,-0.6838332804181317,-0.8339900882218975,1.1493711786846874,1.0880637114527179,72.77296391203494,175,28.681453485739116,2016-09-16,2026-04-26
14,0.62,0.44,46.179702051399865,128.58984362037577,-0.5906864656089101,-0.8339900882218975,1.0566243162229796,1.0880637114527179,78.1797192590073,237,28.647314895888325,2016-09-16,2026-04-26
14,0.6,0.38,47.72859265771452,128.58984362037577,-0.6696555534689215,-0.8339900882218975,1.108050353192099,1.0880637114527179,71.27334703710419,205,27.713995386516274,2016-09-16,2026-04-26
14,0.52,0.48,44.443891730816304,128.58984362037577,-0.801413987563045,-0.8339900882218975,0.9400472275014041,1.0880637114527179,55.45684555115158,250,23.25178567464689,2016-09-16,2026-04-26
14,0.62,0.46,39.137711031849,128.58984362037577,-0.6903547331283867,-0.8339900882218975,1.00009391973161,1.0880637114527179,56.69217454987808,257,22.0528376750259,2016-09-16,2026-04-26
14,0.62,0.42,33.52250686759368,128.58984362037577,-0.5882434713799789,-0.8339900882218975,1.0088028972560756,1.0880637114527179,56.987469472380496,230,20.612022629568852,2016-09-16,2026-04-26
14,0.65,0.32,28.665566678050755,128.58984362037577,-0.5654429797748912,-0.8339900882218975,1.1111758490119694,1.0880637114527179,50.695768987109574,147,18.126931623272718,2016-09-16,2026-04-26
14,0.62,0.4,31.332186725650786,128.58984362037577,-0.6604615848015705,-0.8339900882218975,1.0102138991361067,1.0880637114527179,47.43983215172802,206,18.003620331736517,2016-09-16,2026-04-26
14,0.62,0.35,29.482101750475945,128.58984362037577,-0.6255923456784129,-0.8339900882218975,1.0547643962188133,1.0880637114527179,47.12669832701451,164,17.529147297124254,2016-09-16,2026-04-26
14,0.62,0.38,28.259575799663423,128.58984362037577,-0.6101614416380681,-0.8339900882218975,1.0140917400428506,1.0880637114527179,46.31491580948878,194,16.945086208764195,2016-09-16,2026-04-26
14,0.56,0.48,33.42326299503958,128.58984362037577,-0.8630993581217201,-0.8339900882218975,0.9147296219354047,1.0880637114527179,38.72469916763164,283,16.447199902063442,2016-09-16,2026-04-26
14,0.54,0.48,32.480315392029254,128.58984362037577,-0.8781378947805706,-0.8339900882218975,0.9013974402037128,1.0880637114527179,36.9877163769882,260,15.839454628602002,2016-09-16,2026-04-26
14,0.65,0.44,22.656146305218446,128.58984362037577,-0.5678738762132254,-0.8339900882218975,0.925661170787923,1.0880637114527179,39.89644048480848,235,13.920271053036469,2016-09-16,2026-04-26
14,0.58,0.48,24.255494221299504,128.58984362037577,-0.8262514292286485,-0.8339900882218975,0.8695948941685648,1.0880637114527179,29.356069306825106,266,11.887406054178058,2016-09-16,2026-04-26
14,0.65,0.46,19.125255634119046,128.58984362037577,-0.6178920367947859,-0.8339900882218975,0.8719943119048823,1.0880637114527179,30.952422907613744,255,10.95089423493169,2016-09-16,2026-04-26
14,0.6,0.48,21.308223938787723,128.58984362037577,-0.8003310389643274,-0.8339900882218975,0.8575385658045864,1.0880637114527179,26.624262837989818,248,10.521044448560476,2016-09-16,2026-04-26
14,0.65,0.42,16.309763262026994,128.58984362037577,-0.5654429797748913,-0.8339900882218975,0.8724474722708974,1.0880637114527179,28.844222751726583,228,9.804326419529616,2016-09-16,2026-04-26
14,0.65,0.4,15.211525429227251,128.58984362037577,-0.5654429797748911,-0.8339900882218975,0.870717402065356,1.0880637114527179,26.90196177744239,204,9.133797350260915,2016-09-16,2026-04-26
14,0.65,0.35,14.283883266456897,128.58984362037577,-0.5654429797748912,-0.8339900882218975,0.9062476707054472,1.0880637114527179,25.261403496676994,161,8.62582863930076,2016-09-16,2026-04-26
14,0.65,0.38,13.67090244002354,128.58984362037577,-0.5935186106631527,-0.8339900882218975,0.869209540717846,1.0880637114527179,23.033654201253622,191,7.888326648180092,2016-09-16,2026-04-26
14,0.68,0.32,11.819219529968176,128.58984362037577,-0.5268512627039204,-0.8339900882218975,0.9269610492020253,1.0880637114527179,22.43369308694309,120,7.45837676521988,2016-09-16,2026-04-26
14,0.62,0.48,12.395198459307144,128.58984362037577,-0.7629192048236398,-0.8339900882218975,0.7678934294544829,1.0880637114527179,16.24706571932801,237,5.809086375937265,2016-09-16,2026-04-26
14,0.68,0.44,9.222401480165077,128.58984362037577,-0.5332549318407243,-0.8339900882218975,0.7573666478684641,1.0880637114527179,17.294545121843672,209,5.406139130371314,2016-09-16,2026-04-26
14,0.68,0.46,7.696616952252121,128.58984362037577,-0.6198054810938518,-0.8339900882218975,0.7076008861289182,1.0880637114527179,12.417794270984656,229,3.8074473986503747,2016-09-16,2026-04-26
14,0.68,0.42,6.4799735894437465,128.58984362037577,-0.5348448292630558,-0.8339900882218975,0.6959494676834409,1.0880637114527179,12.115614164901395,202,3.538141186923787,2016-09-16,2026-04-26
14,0.68,0.4,6.005398064642027,128.58984362037577,-0.5458347713516769,-0.8339900882218975,0.6894931859639136,1.0880637114527179,11.002227010511938,178,3.205093972392769,2016-09-16,2026-04-26
14,0.68,0.35,5.604541116286263,128.58984362037577,-0.5776174408334225,-0.8339900882218975,0.7112525311836774,1.0880637114527179,9.702859920918733,134,2.880850903942134,2016-09-16,2026-04-26
14,0.68,0.38,5.339657055011124,128.58984362037577,-0.6351074525798595,-0.8339900882218975,0.6797249594946702,1.0880637114527179,8.407486061328665,165,2.397413748867381,2016-09-16,2026-04-26
14,0.65,0.48,5.716421697525395,128.58984362037577,-0.6885898779435355,-0.8339900882218975,0.6381962743633123,1.0880637114527179,8.301634805607966,235,2.2678848189769516,2016-09-16,2026-04-26
14,0.68,0.48,1.9023306761951666,128.58984362037577,-0.6599102956855418,-0.8339900882218975,0.47062538023560524,1.0880637114527179,2.8827110118337336,209,0.0690724187008313,2016-09-16,2026-04-26
30,0.52,0.32,408.8345858883602,128.58984362037577,-0.7371102211752341,-0.8339900882218975,1.3578507098264327,1.0880637114527179,554.6451183874813,167,232.79925941597452,2016-09-16,2026-04-26
30,0.52,0.35,274.128345574551,128.58984362037577,-0.7422656043151115,-0.8339900882218975,1.2734762757450782,1.0880637114527179,369.3130113815381,179,155.26099063978978,2016-09-16,2026-04-26
30,0.62,0.32,179.4973531929075,128.58984362037577,-0.756674483270442,-0.8339900882218975,1.300517276367713,1.0880637114527179,237.21872107685914,185,100.43228811588472,2016-09-16,2026-04-26
30,0.54,0.32,175.27387658765662,128.58984362037577,-0.7831087380398802,-0.8339900882218975,1.227631154917969,1.0880637114527179,223.8180575361307,182,96.43255946519456,2016-09-16,2026-04-26
30,0.65,0.32,153.28886698330598,128.58984362037577,-0.7007646952434547,-0.8339900882218975,1.30852642817926,1.0880637114527179,218.74513374286278,191,88.93571522437277,2016-09-16,2026-04-26
30,0.52,0.38,161.63516159421462,128.58984362037577,-0.8262657021659923,-0.8339900882218975,1.1591574204803108,1.0880637114527179,195.62128885478415,184,86.61967921868184,2016-09-16,2026-04-26
30,0.52,0.42,160.6349617852375,128.58984362037577,-0.8453409527576584,-0.8339900882218975,1.1489381202134623,1.0880637114527179,190.02387292513933,176,85.18871527172675,2016-09-16,2026-04-26
30,0.6,0.32,135.508494377225,128.58984362037577,-0.785183925550401,-0.8339900882218975,1.2213192040299972,1.0880637114527179,172.58184989234945,177,74.26090010610987,2016-09-16,2026-04-26
30,0.52,0.4,134.6179129972746,128.58984362037577,-0.8533679401502406,-0.8339900882218975,1.122800101491313,1.0880637114527179,157.74896930575375,183,70.8954378706673,2016-09-16,2026-04-26
30,0.62,0.35,120.17068660007601,128.58984362037577,-0.7390955115976306,-0.8339900882218975,1.2030668144379328,1.0880637114527179,162.59155239667842,197,67.67272045491472,2016-09-16,2026-04-26
30,0.56,0.32,120.06042407639771,128.58984362037577,-0.7782925325355841,-0.8339900882218975,1.1800374235520221,1.0880637114527179,154.26130800106125,185,65.9405362557053,2016-09-16,2026-04-26
30,0.54,0.35,117.33540092388773,128.58984362037577,-0.8146713852801797,-0.8339900882218975,1.1428770786029019,1.0880637114527179,144.02789031743646,194,62.9998660865644,2016-09-16,2026-04-26
30,0.58,0.32,109.73582183897177,128.58984362037577,-0.761196225135528,-0.8339900882218975,1.1696000520303325,1.0880637114527179,144.16233057308415,189,60.833077403099566,2016-09-16,2026-04-26
30,0.65,0.35,102.57652129742955,128.58984362037577,-0.6991860059280517,-0.8339900882218975,1.204331047821554,1.0880637114527179,146.70848733775284,203,59.256187216106916,2016-09-16,2026-04-26
30,0.52,0.46,105.7978925426742,128.58984362037577,-0.824606323336975,-0.8339900882218975,1.0691552285779704,1.0880637114527179,128.3010929561353,187,56.3690327798604,2016-09-16,2026-04-26
30,0.52,0.44,101.42773491731778,128.58984362037577,-0.8373537834946662,-0.8339900882218975,1.0692378186350382,1.0880637114527179,121.1288906989979,185,53.61163962214885,2016-09-16,2026-04-26
30,0.6,0.35,90.64028002534076,128.58984362037577,-0.7696646091286424,-0.8339900882218975,1.1298765154122734,1.0880637114527179,117.765944997727,189,49.80064902613112,2016-09-16,2026-04-26
30,0.52,0.48,92.56696442176336,128.58984362037577,-0.8245203116646344,-0.8339900882218975,1.0434428180435653,1.0880637114527179,112.26765807003439,176,49.20617553727034,2016-09-16,2026-04-26
30,0.56,0.35,80.26974964422814,128.58984362037577,-0.8105560480081723,-0.8339900882218975,1.092749821527633,1.0880637114527179,99.03047400791073,197,42.86228707237505,2016-09-16,2026-04-26
30,0.58,0.35,73.33868323327374,128.58984362037577,-0.795947644983346,-0.8339900882218975,1.0814072324255875,1.0880637114527179,92.14008445845485,201,39.41117983679287,2016-09-16,2026-04-26
30,0.68,0.32,63.95194810972133,128.58984362037577,-0.6402846053560702,-0.8339900882218975,1.2010622159471196,1.0880637114527179,99.88050247460949,168,38.4457009467247,2016-09-16,2026-04-26
30,0.62,0.38,70.62698614180202,128.58984362037577,-0.854107849754229,-0.8339900882218975,1.07257610306064,1.0880637114527179,82.69094606977919,203,36.62805188037488,2016-09-16,2026-04-26
30,0.54,0.38,68.95097873824008,128.58984362037577,-0.831283207534267,-0.8339900882218975,1.0294314367274497,1.0880637114527179,82.94523227861282,199,36.197537070631356,2016-09-16,2026-04-26
30,0.62,0.42,70.18648301102478,128.58984362037577,-0.8701261567896889,-0.8339900882218975,1.0605752366749865,1.0880637114527179,80.66242172281804,196,36.07997288472017,2016-09-16,2026-04-26
30,0.54,0.42,68.52078298668204,128.58984362037577,-0.8500584494668318,-0.8339900882218975,1.020765760672074,1.0880637114527179,80.60714299076633,192,35.58835844855957,2016-09-16,2026-04-26
30,0.65,0.38,60.22664040085101,128.58984362037577,-0.8244644826093928,-0.8339900882218975,1.065303113670932,1.0880637114527179,73.04940560961028,209,31.602148728700442,2016-09-16,2026-04-26
30,0.65,0.42,59.85009898488057,128.58984362037577,-0.8529070046487476,-0.8339900882218975,1.0519415517846329,1.0880637114527179,70.17189290118284,203,30.885454063014432,2016-09-16,2026-04-26
30,0.62,0.4,58.728181037951835,128.58984362037577,-0.8768667627914953,-0.8339900882218975,1.0317180576529847,1.0880637114527179,66.97503375654397,202,29.874478929383518,2016-09-16,2026-04-26
30,0.54,0.4,57.33059503003739,128.58984362037577,-0.8576027237055314,-0.8339900882218975,0.9934073100237425,1.0880637114527179,66.84982853403642,198,29.448833369694896,2016-09-16,2026-04-26
30,0.6,0.38,53.17083332266802,128.58984362037577,-0.8712014283169484,-0.8339900882218975,1.0079765447309141,1.0880637114527179,61.03161862967487,195,27.031363727995014,2016-09-16,2026-04-26
30,0.6,0.42,52.837684841057964,128.58984362037577,-0.885342936708402,-0.8339900882218975,0.9982145645803969,1.0880637114527179,59.68047256072555,188,26.654096391180133,2016-09-16,2026-04-26
30,0.65,0.4,50.055559631782266,128.58984362037577,-0.8484574952295054,-0.8339900882218975,1.0221084461997674,1.0880637114527179,58.99595432089662,208,25.697024840847043,2016-09-16,2026-04-26
30,0.68,0.35,42.603255168268504,128.58984362037577,-0.6926314357698238,-0.8339900882218975,1.0853223396746166,1.0880637114527179,61.50927169645023,180,24.236904413944433,2016-09-16,2026-04-26
30,0.56,0.38,47.04055663006526,128.58984362037577,-0.8570132639209564,-0.8339900882218975,0.9766124316868009,1.0880637114527179,54.88894817665725,203,23.954504395540216,2016-09-16,2026-04-26
30,0.56,0.42,46.74510910756413,128.58984362037577,-0.8727125694466747,-0.8339900882218975,0.9681486276401754,1.0880637114527179,53.563006588987136,196,23.59209535793239,2016-09-16,2026-04-26
30,0.62,0.46,46.03540792866192,128.58984362037577,-0.8527143980958302,-0.8339900882218975,0.971835555653231,1.0880637114527179,53.986901161118126,213,23.456252057681045,2016-09-16,2026-04-26
30,0.54,0.46,44.93482145749709,128.58984362037577,-0.8729289041985077,-0.8339900882218975,0.9419419641003325,1.0880637114527179,51.47592345880063,204,22.606149686196233,2016-09-16,2026-04-26
30,0.62,0.44,44.11072438175532,128.58984362037577,-0.8634189877811365,-0.8339900882218975,0.9720307866963915,1.0880637114527179,51.088434475032315,206,22.299841250150376,2016-09-16,2026-04-26
30,0.6,0.4,44.17187604777309,128.58984362037577,-0.8912937738428764,-0.8339900882218975,0.9695745390275806,1.0880637114527179,49.55927814610766,194,22.000652314909516,2016-09-16,2026-04-26
30,0.58,0.38,42.94343205567184,128.58984362037577,-0.8449882625150211,-0.8339900882218975,0.9642499934412149,1.0880637114527179,50.82133558619514,207,21.914548903501228,2016-09-16,2026-04-26
30,0.54,0.44,43.05517378390985,128.58984362037577,-0.8549240221418997,-0.8339900882218975,0.9402772131584102,1.0880637114527179,50.36140366724142,201,21.84727486554931,2016-09-16,2026-04-26
30,0.58,0.42,42.67318168719612,128.58984362037577,-0.8620078595320748,-0.8339900882218975,0.9557820031333794,1.0880637114527179,49.50439977468474,200,21.559848337777375,2016-09-16,2026-04-26
30,0.62,0.48,40.20830697539938,128.58984362037577,-0.8526421704011238,-0.8339900882218975,0.9435215751511445,1.0880637114527179,47.15730510547404,206,20.34638295201612,2016-09-16,2026-04-26
30,0.65,0.46,39.20579620164741,128.58984362037577,-0.8362652301002073,-0.8339900882218975,0.9585625945761107,1.0880637114527179,46.88201158016517,220,19.988306547003635,2016-09-16,2026-04-26
30,0.54,0.48,39.24406945405113,128.58984362037577,-0.872560366649993,-0.8339900882218975,0.916922229546027,1.0880637114527179,44.975764375730535,194,19.610596033390063,2016-09-16,2026-04-26
30,0.56,0.4,39.05997205974776,128.58984362037577,-0.8793189375738798,-0.8339900882218975,0.9398602602476605,1.0880637114527179,44.42071060987011,202,19.42793615901768,2016-09-16,2026-04-26
30,0.65,0.44,37.560579590430855,128.58984362037577,-0.844387604934859,-0.8339900882218975,0.9592951779140216,1.0880637114527179,44.48262784876917,213,19.018968252984426,2016-09-16,2026-04-26
30,0.58,0.4,35.643469265256755,128.58984362037577,-0.8691698147591482,-0.8339900882218975,0.9272191528777465,1.0880637114527179,41.00863681642437,206,17.720832577920177,2016-09-16,2026-04-26
30,0.65,0.48,34.22479904034662,128.58984362037577,-0.8362652301002073,-0.8339900882218975,0.9288155754882913,1.0880637114527179,40.92577068670613,214,17.30434776324085,2016-09-16,2026-04-26
30,0.6,0.46,34.57244804525207,128.58984362037577,-0.8699712416139023,-0.8339900882218975,0.9145969672153106,1.0880637114527179,39.73975965126845,205,17.14233123033729,2016-09-16,2026-04-26
30,0.6,0.44,33.116827514018816,128.58984362037577,-0.8794216188932686,-0.8339900882218975,0.9131993303229383,1.0880637114527179,37.657508983797285,198,16.290892792961543,2016-09-16,2026-04-26
30,0.56,0.46,30.546869412342602,128.58984362037577,-0.870107211404131,-0.8339900882218975,0.8879574531065731,1.0880637114527179,35.10701786168138,210,14.988615490371192,2016-09-16,2026-04-26
30,0.6,0.48,30.165464986260467,128.58984362037577,-0.8699074765388208,-0.8339900882218975,0.8881268526093369,1.0880637114527179,34.67663607891097,198,14.812426764400074,2016-09-16,2026-04-26
30,0.56,0.44,29.25597510126455,128.58984362037577,-0.866138972421421,-0.8339900882218975,0.8857244007770217,1.0880637114527179,33.777460699493865,205,14.349614495023317,2016-09-16,2026-04-26
30,0.58,0.46,27.856404043471223,128.58984362037577,-0.860090918005074,-0.8339900882218975,0.8750537863863781,1.0880637114527179,32.38774350516614,214,13.637625091803484,2016-09-16,2026-04-26
30,0.68,0.38,24.77496126586332,128.58984362037577,-0.7098599080582724,-0.8339900882218975,0.9341446146106648,1.0880637114527179,34.90119808798885,186,13.480353727397658,2016-09-16,2026-04-26
30,0.58,0.44,26.6756032695182,128.58984362037577,-0.8548814314146631,-0.8339900882218975,0.8727011791845517,1.0880637114527179,31.203863236771028,209,13.06229725165593,2016-09-16,2026-04-26
30,0.68,0.42,24.61644627389099,128.58984362037577,-0.7523856210203729,-0.8339900882218975,0.9207762987676751,1.0880637114527179,32.71785848393351,181,12.948295257247219,2016-09-16,2026-04-26
30,0.56,0.48,26.638605384869752,128.58984362037577,-0.8697465893541013,-0.8339900882218975,0.8626741803928156,1.0880637114527179,30.628007871410386,200,12.93193591618786,2016-09-16,2026-04-26
30,0.58,0.48,24.281455150406007,128.58984362037577,-0.8596851471272193,-0.8339900882218975,0.849643300601319,1.0880637114527179,28.244590745282178,207,11.742123415479675,2016-09-16,2026-04-26
30,0.68,0.4,20.493177860170103,128.58984362037577,-0.7535728006004865,-0.8339900882218975,0.8879070322562512,1.0880637114527179,27.194688879216528,186,10.583692594433417,2016-09-16,2026-04-26
30,0.68,0.46,15.925685175211008,128.58984362037577,-0.7892518630719426,-0.8339900882218975,0.8219218345533329,1.0880637114527179,20.17820409472931,198,7.718454184762902,2016-09-16,2026-04-26
30,0.68,0.44,15.23308806143114,128.58984362037577,-0.7593906635197866,-0.8339900882218975,0.8211095360635658,1.0880637114527179,20.05961989422619,191,7.538000405497096,2016-09-16,2026-04-26
30,0.68,0.48,13.828803686085166,128.58984362037577,-0.7886406414463831,-0.8339900882218975,0.7910590061283594,1.0880637114527179,17.534987368547043,192,6.562708429871906,2016-09-16,2026-04-26
60,0.56,0.35,147.76162216303663,128.58984362037577,-0.8050954062252554,-0.8339900882218975,1.1733800531618304,1.0880637114527179,183.53305834376457,196,80.04741207848897,2016-09-16,2026-04-26
60,0.56,0.32,144.95371796263177,128.58984362037577,-0.8287274842633738,-0.8339900882218975,1.175567721911923,1.0880637114527179,174.91119905535163,185,77.4738945471998,2016-09-16,2026-04-26
60,0.52,0.35,127.14687342894902,128.58984362037577,-0.7983862764446872,-0.8339900882218975,1.1337440245639392,1.0880637114527179,159.25483338109188,155,69.08385626794461,2016-09-16,2026-04-26
60,0.62,0.35,127.4845276311163,128.58984362037577,-0.8073026019571604,-0.8339900882218975,1.176602647698536,1.0880637114527179,157.9141790476742,197,68.83687677311777,2016-09-16,2026-04-26
60,0.52,0.32,124.72807657168332,128.58984362037577,-0.8228318328902233,-0.8339900882218975,1.1352420138278123,1.0880637114527179,151.5839222378793,144,66.81600233280781,2016-09-16,2026-04-26
60,0.62,0.32,125.05935748590895,128.58984362037577,-0.8306670586900466,-0.8339900882218975,1.17955471654339,1.0880637114527179,150.55292752685565,186,66.63090307857144,2016-09-16,2026-04-26
60,0.54,0.35,112.62926681558388,128.58984362037577,-0.8019525783156076,-0.8339900882218975,1.1184994784619793,1.0880637114527179,140.44379912356706,175,60.916573963955756,2016-09-16,2026-04-26
60,0.54,0.32,110.48449257246158,128.58984362037577,-0.8259657225614676,-0.8339900882218975,1.1199858751618763,1.0880637114527179,133.7640165379132,164,58.92968898242593,2016-09-16,2026-04-26
60,0.6,0.35,106.21278194714873,128.58984362037577,-0.7982319247537487,-0.8339900882218975,1.1314972292431469,1.0880637114527179,133.06005266566473,196,57.482079241570474,2016-09-16,2026-04-26
60,0.58,0.35,103.52668266249111,128.58984362037577,-0.8066489267268717,-0.8339900882218975,1.118346048356959,1.0880637114527179,128.3416852515628,184,55.74145180757624,2016-09-16,2026-04-26
60,0.6,0.32,104.1891200887392,128.58984362037577,-0.8226961962594841,-0.8339900882218975,1.133673735961333,1.0880637114527179,126.64349314175901,185,55.58385021723567,2016-09-16,2026-04-26
60,0.58,0.32,101.55372144416957,128.58984362037577,-0.8300926412327764,-0.8339900882218975,1.120176386165088,1.0880637114527179,122.34022613831563,173,53.942607594530806,2016-09-16,2026-04-26
60,0.56,0.38,89.02001737010946,128.58984362037577,-0.8420985925993847,-0.8339900882218975,1.0772858452313014,1.0880637114527179,105.71210800308195,188,46.79685361673095,2016-09-16,2026-04-26
60,0.52,0.38,76.54542874879735,128.58984362037577,-0.836663210014152,-0.8339900882218975,1.0409492874732222,1.0880637114527179,91.4889382401583,147,40.2859195107688,2016-09-16,2026-04-26
60,0.62,0.38,76.74975320225644,128.58984362037577,-0.843886746001655,-0.8339900882218975,1.0747577823060932,1.0880637114527179,90.94793059127619,190,40.15581887023723,2016-09-16,2026-04-26
60,0.56,0.4,74.15996228227603,128.58984362037577,-0.8487003923679624,-0.8339900882218975,1.0430063425491967,1.0880637114527179,87.38061505469796,200,38.62828842505467,2016-09-16,2026-04-26
60,0.54,0.38,67.76039951541533,128.58984362037577,-0.8395524394249507,-0.8339900882218975,1.0247946434416748,1.0880637114527179,80.7101454696834,167,35.445386524484675,2016-09-16,2026-04-26
60,0.6,0.38,63.87759647177475,128.58984362037577,-0.8365381624267052,-0.8339900882218975,1.0328108994086218,1.0880637114527179,76.35945297040946,188,33.37498064737396,2016-09-16,2026-04-26
60,0.52,0.4,63.74461647746557,128.58984362037577,-0.8434922611295292,-0.8339900882218975,1.0078691425221518,1.0880637114527179,75.57226001351155,159,33.21822581941282,2016-09-16,2026-04-26
60,0.62,0.4,63.9152120701349,128.58984362037577,-0.8504137837341519,-0.8339900882218975,1.0384648760997393,1.0880637114527179,75.15778000385217,203,33.10056509877812,2016-09-16,2026-04-26
60,0.58,0.38,62.252159072350615,128.58984362037577,-0.8433571728559095,-0.8339900882218975,1.0216543838348933,1.0880637114527179,73.81470280443872,176,32.389970850865254,2016-09-16,2026-04-26
60,0.54,0.4,56.409776015094295,128.58984362037577,-0.8462606929212974,-0.8339900882218975,0.9914121487975012,1.0880637114527179,66.65768183131298,179,29.185637556718387,2016-09-16,2026-04-26
60,0.65,0.35,53.94814222088033,128.58984362037577,-0.7882494235871488,-0.8339900882218975,1.0374840235848741,1.0880637114527179,68.44044614124076,158,28.934339523283022,2016-09-16,2026-04-26
60,0.65,0.32,52.910985479087564,128.58984362037577,-0.8139240680349265,-0.8339900882218975,1.0394603643138571,1.0880637114527179,65.00727470417682,147,27.927156627027827,2016-09-16,2026-04-26
60,0.6,0.4,53.16792671495772,128.58984362037577,-0.843372441735722,-0.8339900882218975,0.997673525100666,1.0880637114527179,63.042048902539726,200,27.453757976610845,2016-09-16,2026-04-26
60,0.56,0.42,52.5543048136942,128.58984362037577,-0.8515748077802305,-0.8339900882218975,0.9799747455668156,1.0880637114527179,61.71425497037145,218,26.951665089405648,2016-09-16,2026-04-26
60,0.58,0.4,51.810808407253006,128.58984362037577,-0.8499063518468573,-0.8339900882218975,0.9872281974886445,1.0880637114527179,60.9606085360669,188,26.642511158701733,2016-09-16,2026-04-26
60,0.52,0.42,45.13297852462571,128.58984362037577,-0.8464656214956883,-0.8339900882218975,0.9469692247651879,1.0880637114527179,53.31932848598933,177,23.123116456383787,2016-09-16,2026-04-26
60,0.62,0.42,45.25453431167333,128.58984362037577,-0.8532556478488503,-0.8339900882218975,0.9718834284621766,1.0880637114527179,53.0374858060007,221,23.01544709485284,2016-09-16,2026-04-26
60,0.54,0.42,39.90662835155894,128.58984362037577,-0.8491814581542989,-0.8339900882218975,0.9299794401139981,1.0880637114527179,46.99422952344749,197,20.24085039150421,2016-09-16,2026-04-26
60,0.6,0.42,37.59668858698696,128.58984362037577,-0.8463480784508925,-0.8339900882218975,0.9331376016191448,1.0880637114527179,44.42225314175912,218,18.996120266950996,2016-09-16,2026-04-26
60,0.58,0.42,36.62969066266525,128.58984362037577,-0.8527578562379603,-0.8339900882218975,0.9239499063422348,1.0880637114527179,42.95438663474923,206,18.42521967267175,2016-09-16,2026-04-26
60,0.65,0.38,32.25073123871828,128.58984362037577,-0.8284508672375213,-0.8339900882218975,0.9337132661722949,1.0880637114527179,38.92896068327951,151,16.45024756738479,2016-09-16,2026-04-26
60,0.68,0.35,26.6817984257852,128.58984362037577,-0.8008600505402235,-0.8339900882218975,0.922756049357364,1.0880637114527179,33.31643076438497,148,13.693715234712354,2016-09-16,2026-04-26
60,0.65,0.4,26.76186651336937,128.58984362037577,-0.835623273383957,-0.8339900882218975,0.8969332858202973,1.0880637114527179,32.0262340288752,164,13.37520431809301,2016-09-16,2026-04-26
60,0.68,0.32,26.159299161900233,128.58984362037577,-0.8250056631961231,-0.8339900882218975,0.9239152555710042,1.0880637114527179,31.70802374926432,136,13.209507758877631,2016-09-16,2026-04-26
60,0.56,0.46,20.446246923134126,128.58984362037577,-0.8985403031377209,-0.8339900882218975,0.8173913273202008,1.0880637114527179,22.754958071146522,224,9.39977727680946,2016-09-16,2026-04-26
60,0.65,0.42,18.781375832391547,128.58984362037577,-0.8387461301037997,-0.8339900882218975,0.8295400237491346,1.0880637114527179,22.39220564876674,182,8.99076022515326,2016-09-16,2026-04-26
60,0.56,0.44,17.892842326879816,128.58984362037577,-0.8985259191807405,-0.8339900882218975,0.7991525233014382,1.0880637114527179,19.913551679393045,216,8.07510901812213,2016-09-16,2026-04-26
60,0.52,0.46,17.474317838325863,128.58984362037577,-0.8950477929789667,-0.8339900882218975,0.7897253729487932,1.0880637114527179,19.523334927363486,181,7.942556476278824,2016-09-16,2026-04-26
60,0.62,0.46,17.522995819172042,128.58984362037577,-0.8996892827771314,-0.8339900882218975,0.8008663282805812,1.0880637114527179,19.476719523747835,230,7.847934261927969,2016-09-16,2026-04-26
60,0.68,0.38,15.751067505798058,128.58984362037577,-0.8386673311264939,-0.8339900882218975,0.8162953933379065,1.0880637114527179,18.781067201748876,142,7.434902915849343,2016-09-16,2026-04-26
60,0.52,0.44,15.274753119607645,128.58984362037577,-0.895032913888279,-0.8339900882218975,0.7712299306593604,1.0880637114527179,17.066135649972633,175,6.796792399247247,2016-09-16,2026-04-26
60,0.54,0.46,15.381384381187608,128.58984362037577,-0.8969042700364607,-0.8339900882218975,0.7715526126428871,1.0880637114527179,17.14941593550706,202,6.789211578337129,2016-09-16,2026-04-26
60,0.62,0.44,15.317635467284266,128.58984362037577,-0.8996750617111735,-0.8339900882218975,0.7821070327518841,1.0880637114527179,17.025741980832798,221,6.7075826706760315,2016-09-16,2026-04-26
60,0.6,0.46,14.456350646907786,128.58984362037577,-0.8949674435348131,-0.8339900882218975,0.7672540366714876,1.0880637114527179,16.15293466967936,226,6.2653217364247125,2016-09-16,2026-04-26
60,0.58,0.46,14.06910864402284,128.58984362037577,-0.8993490050575198,-0.8339900882218975,0.7611307190104585,1.0880637114527179,15.643658429491474,214,6.063673774436907,2016-09-16,2026-04-26
60,0.68,0.4,12.98588490321361,128.58984362037577,-0.8454125906752634,-0.8339900882218975,0.7787605248170157,1.0880637114527179,15.36041105425374,156,5.871648127156708,2016-09-16,2026-04-26
60,0.54,0.44,13.4310057288364,128.58984362037577,-0.8968896541388134,-0.8339900882218975,0.7527235833984663,1.0880637114527179,14.97509271832637,195,5.776661448832141,2016-09-16,2026-04-26
60,0.6,0.44,12.616107133691486,128.58984362037577,-0.8949525530529722,-0.8339900882218975,0.7480749195984652,1.0880637114527179,14.096956414788549,218,5.311358953608403,2016-09-16,2026-04-26
60,0.58,0.44,12.274970424360767,128.58984362037577,-0.8993347357503366,-0.8339900882218975,0.741960297488972,1.0880637114527179,13.64894508841523,206,5.1357978294244955,2016-09-16,2026-04-26
60,0.68,0.42,8.9654699184512,128.58984362037577,-0.8483494682974859,-0.8339900882218975,0.7100909561705526,1.0880637114527179,10.568132890380182,174,3.643362552899232,2016-09-16,2026-04-26
60,0.56,0.48,7.629501460090035,128.58984362037577,-0.8977978490666576,-0.8339900882218975,0.6684652952277206,1.0880637114527179,8.498017084827719,213,2.6741693969889337,2016-09-16,2026-04-26
60,0.65,0.46,6.9216091415363765,128.58984362037577,-0.8897709444545446,-0.8339900882218975,0.657659820687774,1.0880637114527179,7.779090994907148,192,2.366268198114882,2016-09-16,2026-04-26
60,0.52,0.48,6.433662091618862,128.58984362037577,-0.8942797816820711,-0.8339900882218975,0.6448492528283315,1.0880637114527179,7.194238563145911,166,2.144793851502168,2016-09-16,2026-04-26
60,0.62,0.48,6.453249048175525,128.58984362037577,-0.8989552366220905,-0.8339900882218975,0.6453544041748676,1.0880637114527179,7.178609996671492,220,2.0338767094705466,2016-09-16,2026-04-26
60,0.65,0.44,5.97845702432792,128.58984362037577,-0.8897553172642223,-0.8339900882218975,0.6362252317112493,1.0880637114527179,6.719214719289566,182,1.8838647356749485,2016-09-16,2026-04-26
60,0.54,0.48,5.591511369910842,128.58984362037577,-0.8961498439265091,-0.8339900882218975,0.6256575177326289,1.0880637114527179,6.239482613099007,191,1.6421427598913376,2016-09-16,2026-04-26
60,0.6,0.48,5.219297994339293,128.58984362037577,-0.8941988442628519,-0.8339900882218975,0.6155239869906182,1.0880637114527179,5.836842697601461,216,1.3988427779402317,2016-09-16,2026-04-26
60,0.58,0.48,5.063480268222431,128.58984362037577,-0.8986124688440019,-0.8339900882218975,0.6117480876639595,1.0880637114527179,5.6347763288174955,203,1.3308455908576118,2016-09-16,2026-04-26
60,0.68,0.46,2.9907516178142872,128.58984362037577,-0.8963355428722758,-0.8339900882218975,0.5362435739034352,1.0880637114527179,3.336642891824337,184,0.26381988598501105,2016-09-16,2026-04-26
60,0.68,0.44,2.5156100436284268,128.58984362037577,-0.8963208463460904,-0.8339900882218975,0.5121779982892946,1.0880637114527179,2.806595488527878,174,0.026863352262743556,2016-09-16,2026-04-26
60,0.65,0.48,2.1874825417314034,128.58984362037577,-0.8889643186359176,-0.8339900882218975,0.5007587002039577,1.0880637114527179,2.460709047454248,182,-0.1515532812132413,2016-09-16,2026-04-26
60,0.68,0.48,0.6057913086711864,128.58984362037577,-0.8955769549738365,-0.8339900882218975,0.377163978998606,1.0880637114527179,0.6764257446629854,174,-1.0184412595338306,2016-09-16,2026-04-26
90,0.52,0.35,119.6654801276774,128.58984362037577,-0.8831769112312927,-0.8339900882218975,1.101135201070477,1.0880637114527179,135.49434842091173,151,61.97793990382111,2016-09-16,2026-04-26
90,0.52,0.38,120.27011089815221,128.58984362037577,-0.8963295234649435,-0.8339900882218975,1.0958039970948483,1.0880637114527179,134.1806866220625,161,61.858290088510174,2016-09-16,2026-04-26
90,0.52,0.32,115.97067949664263,128.58984362037577,-0.8843307117979994,-0.8339900882218975,1.1025713933706913,1.0880637114527179,131.13949108569793,154,59.991588664064615,2016-09-16,2026-04-26
90,0.54,0.35,111.53467387359045,128.58984362037577,-0.9045260581636555,-0.8339900882218975,1.0925067602190817,1.0880637114527179,123.30730869160934,149,57.07558369377111,2016-09-16,2026-04-26
90,0.54,0.38,112.09856278777956,128.58984362037577,-0.9152750611957338,-0.8339900882218975,1.0871691047310255,1.0880637114527179,122.47527277901764,159,57.043038752298585,2016-09-16,2026-04-26
90,0.54,0.32,108.0888401222846,128.58984362037577,-0.9054690043685328,-0.8339900882218975,1.0939287342618125,1.0880637114527179,119.37331880031049,152,55.24835459827844,2016-09-16,2026-04-26
90,0.52,0.4,85.01021002386109,128.58984362037577,-0.8657563746633571,-0.8339900882218975,1.0338317893504279,1.0880637114527179,98.191838387464,158,44.10507634259458,2016-09-16,2026-04-26
90,0.54,0.4,79.21458104333246,128.58984362037577,-0.8902890840126135,-0.8339900882218975,1.024870315983829,1.0880637114527179,88.97624655387794,156,40.4934668793539,2016-09-16,2026-04-26
90,0.52,0.44,67.05028675181033,128.58984362037577,-0.895811383355184,-0.8339900882218975,0.9890408610130048,1.0880637114527179,74.84866568750141,139,34.03321923520395,2016-09-16,2026-04-26
90,0.56,0.35,64.01663003309828,128.58984362037577,-0.9124198611912079,-0.8339900882218975,1.0057819980152547,1.0880637114527179,70.16137280212368,147,32.154762443170554,2016-09-16,2026-04-26
90,0.56,0.38,64.34241546128376,128.58984362037577,-0.9222801346804833,-0.8339900882218975,1.0014591791836396,1.0880637114527179,69.76450325862726,158,32.13728583447425,2016-09-16,2026-04-26
90,0.52,0.42,61.58986626438096,128.58984362037577,-0.8545664002464571,-0.8339900882218975,0.9787731889249842,1.0880637114527179,72.07148121739684,147,31.87161873860933,2016-09-16,2026-04-26
90,0.54,0.44,62.46485190724201,128.58984362037577,-0.9148516099822479,-0.8339900882218975,0.9798990109914852,1.0880637114527179,68.2786707982665,139,31.316589873195113,2016-09-16,2026-04-26
90,0.56,0.32,62.02580808949116,128.58984362037577,-0.9132848444308644,-0.8339900882218975,1.006138308493486,1.0880637114527179,67.91507432507986,148,31.10529964429746,2016-09-16,2026-04-26
90,0.54,0.42,57.37237112387816,128.58984362037577,-0.8811440513149724,-0.8339900882218975,0.9695402351025558,1.0880637114527179,65.11122788408852,146,29.17986593212333,2016-09-16,2026-04-26
90,0.52,0.46,52.76236486193029,128.58984362037577,-0.8927120877540583,-0.8339900882218975,0.9507424192053751,1.0880637114527179,59.10345069335086,125,26.616269334278567,2016-09-16,2026-04-26
90,0.68,0.35,51.225424082823764,128.58984362037577,-0.8485169777938197,-0.8339900882218975,1.0133908151667865,1.0880637114527179,60.37053520839624,174,26.38777482959248,2016-09-16,2026-04-26
90,0.68,0.38,51.48711531687138,128.58984362037577,-0.865571803788055,-0.8339900882218975,1.0066777327247574,1.0880637114527179,59.48335550158307,186,26.241178147096626,2016-09-16,2026-04-26
90,0.68,0.32,49.6262713702739,128.58984362037577,-0.8500130964011097,-0.8339900882218975,1.0158118459063934,1.0880637114527179,58.382949133828326,174,25.509489013413685,2016-09-16,2026-04-26
90,0.54,0.46,49.13969355617367,128.58984362037577,-0.9145412283473632,-0.8339900882218975,0.941409456465377,1.0880637114527179,53.73152355850853,126,24.422529552882484,2016-09-16,2026-04-26
90,0.56,0.4,45.3437761841531,128.58984362037577,-0.8993600026750194,-0.8339900882218975,0.9398244913879314,1.0880637114527179,50.417826064406285,158,22.57543663676919,2016-09-16,2026-04-26
90,0.58,0.35,44.41349141573127,128.58984362037577,-0.8978978550806184,-0.8339900882218975,0.9493000991472974,1.0880637114527179,49.46385734682881,162,22.102701609935924,2016-09-16,2026-04-26
90,0.58,0.38,44.64104940725958,128.58984362037577,-0.909393099167234,-0.8339900882218975,0.9455949229251442,1.0880637114527179,49.088836772721386,173,22.05829902578691,2016-09-16,2026-04-26
90,0.62,0.35,42.66259746441796,128.58984362037577,-0.8775715178441184,-0.8339900882218975,0.9539217363017681,1.0880637114527179,48.61438252830359,167,21.42456395538658,2016-09-16,2026-04-26
90,0.58,0.32,43.022921415406394,128.58984362037577,-0.8989062645817847,-0.8339900882218975,0.9489911441039414,1.0880637114527179,47.861410149836665,163,21.3616725242984,2016-09-16,2026-04-26
90,0.62,0.38,42.88138207388479,128.58984362037577,-0.8913552173603914,-0.8339900882218975,0.949566138239835,1.0880637114527179,48.10807323355471,179,21.346183395559834,2016-09-16,2026-04-26
90,0.62,0.32,41.32564017975386,128.58984362037577,-0.8787806799505253,-0.8339900882218975,0.9541597202343042,1.0880637114527179,47.026113708007856,168,20.70239484767158,2016-09-16,2026-04-26
90,0.52,0.48,40.832496283776194,128.58984362037577,-0.899827647891861,-0.8339900882218975,0.9108535809342438,1.0880637114527179,45.37813033355843,127,20.265389145306706,2016-09-16,2026-04-26
90,0.54,0.48,38.01369572832045,128.58984362037577,-0.9202090339395077,-0.8339900882218975,0.9013183048014284,1.0880637114527179,41.309848443434625,131,18.569278521439173,2016-09-16,2026-04-26
90,0.68,0.4,36.22621986997377,128.58984362037577,-0.8259279882748997,-0.8339900882218975,0.9363905765893316,1.0880637114527179,43.86123292133349,187,18.561439261721475,2016-09-16,2026-04-26
90,0.65,0.35,36.6556960773203,128.58984362037577,-0.8709920087348925,-0.8339900882218975,0.9429139269625655,1.0880637114527179,42.08499700308657,159,18.336988087331683,2016-09-16,2026-04-26
90,0.65,0.38,36.844381296224,128.58984362037577,-0.8855164670593214,-0.8339900882218975,0.9379530637626434,1.0880637114527179,41.60778784676826,171,18.254259946713628,2016-09-16,2026-04-26
90,0.65,0.32,35.50267128944127,128.58984362037577,-0.8722661532126683,-0.8339900882218975,0.9436265269010784,1.0880637114527179,40.701649558085414,160,17.711067891349003,2016-09-16,2026-04-26
90,0.56,0.44,35.6666615233055,128.58984362037577,-0.9218916944910187,-0.8339900882218975,0.8961910273273619,1.0880637114527179,38.688559335592295,142,17.315012565560913,2016-09-16,2026-04-26
90,0.56,0.42,32.72449332175601,128.58984362037577,-0.8909710829586507,-0.8339900882218975,0.8850323521465983,1.0880637114527179,36.7290184245797,149,16.06119915099574,2016-09-16,2026-04-26
90,0.6,0.35,32.72788014444082,128.58984362037577,-0.889682620498659,-0.8339900882218975,0.9050233487640239,1.0880637114527179,36.78601715980148,174,16.032222371736626,2016-09-16,2026-04-26
90,0.6,0.38,32.8968838573224,128.58984362037577,-0.9021027827329099,-0.8339900882218975,0.9016381246522903,1.0880637114527179,36.466891009538486,185,15.980388224316583,2016-09-16,2026-04-26
90,0.6,0.32,31.69512584959785,128.58984362037577,-0.8907721675764482,-0.8339900882218975,0.9043183709967165,1.0880637114527179,35.58163018926801,175,15.477910013111249,2016-09-16,2026-04-26
90,0.58,0.4,31.37068240602735,128.58984362037577,-0.8826724902321141,-0.8339900882218975,0.8841294316792562,1.0880637114527179,35.54056884425828,173,15.379423178957458,2016-09-16,2026-04-26
90,0.62,0.4,30.12264729008019,128.58984362037577,-0.8593151108886752,-0.8339900882218975,0.8856110168943226,1.0880637114527179,35.05425065658202,179,14.92546428564263,2016-09-16,2026-04-26
90,0.68,0.44,28.452956063412465,128.58984362037577,-0.8648999380586013,-0.8339900882218975,0.8859869631616697,1.0880637114527179,32.89739634769708,177,13.990336603096488,2016-09-16,2026-04-26
90,0.56,0.46,27.968084179783578,128.58984362037577,-0.9216069752666516,-0.8339900882218975,0.8577718261357017,1.0880637114527179,30.34708387671597,130,13.348053449342448,2016-09-16,2026-04-26
90,0.68,0.42,26.08962252904295,128.58984362037577,-0.8241119275055757,-0.8339900882218975,0.8745209013416361,1.0880637114527179,31.657863038108296,181,13.072401772422147,2016-09-16,2026-04-26
90,0.65,0.4,25.84093516039575,128.58984362037577,-0.8517544722763313,-0.8339900882218975,0.8710996434109806,1.0880637114527179,30.33847898835837,172,12.71616813063883,2016-09-16,2026-04-26
90,0.58,0.44,24.611310790554143,128.58984362037577,-0.9089402501873547,-0.8339900882218975,0.8411821776160062,1.0880637114527179,27.07692918811897,158,11.641017524221445,2016-09-16,2026-04-26
90,0.62,0.44,23.623879792618393,128.58984362037577,-0.8908122159053663,-0.8339900882218975,0.8407186963210335,1.0880637114527179,26.519483422899118,166,11.239796896195996,2016-09-16,2026-04-26
90,0.6,0.4,23.041192657696627,128.58984362037577,-0.8732322084787647,-0.8339900882218975,0.8395104850658768,1.0880637114527179,26.386100322428664,185,11.021866270969321,2016-09-16,2026-04-26
90,0.58,0.42,22.556234569336862,128.58984362037577,-0.8728925708548712,-0.8339900882218975,0.8294690565858027,1.0880637114527179,25.840791092134413,164,10.806227045464384,2016-09-16,2026-04-26
90,0.68,0.46,22.268977189158726,128.58984362037577,-0.8644074733380155,-0.8339900882218975,0.8432798459622114,1.0880637114527179,25.762129407748336,166,10.715757642711539,2016-09-16,2026-04-26
90,0.62,0.42,21.648035984788443,128.58984362037577,-0.856886287135343,-0.8339900882218975,0.8288993381653152,1.0880637114527179,25.26360417921963,171,10.42413854071914,2016-09-16,2026-04-26
90,0.56,0.48,21.540066399813494,128.58984362037577,-0.9268061656525702,-0.8339900882218975,0.8176189915627101,1.0880637114527179,23.24117727966019,137,9.96391431585732,2016-09-16,2026-04-26
90,0.65,0.44,20.23623850988111,128.58984362037577,-0.8849442838080609,-0.8339900882218975,0.8241262577017614,1.0880637114527179,22.867245859593833,162,9.502584560318642,2016-09-16,2026-04-26
90,0.58,0.46,19.233928481975614,128.58984362037577,-0.9086083205523595,-0.8339900882218975,0.8026671700637847,1.0880637114527179,21.168558604309236,146,8.857063374286408,2016-09-16,2026-04-26
90,0.65,0.42,18.532222298190337,128.58984362037577,-0.8623654852845724,-0.8339900882218975,0.8120163663592092,1.0880637114527179,21.489986107311427,166,8.731912782539395,2016-09-16,2026-04-26
90,0.62,0.46,18.4538197106399,128.58984362037577,-0.8904142062315522,-0.8339900882218975,0.8009475341031672,1.0880637114527179,20.724983475657826,154,8.540456487470205,2016-09-16,2026-04-26
90,0.6,0.44,18.02111451370615,128.58984362037577,-0.9016134970983178,-0.8339900882218975,0.7965178509644635,1.0880637114527179,19.987627261242086,172,8.211624182824927,2016-09-16,2026-04-26
90,0.68,0.48,17.105591230828246,128.58984362037577,-0.8734002550736526,-0.8339900882218975,0.7988842353164717,1.0880637114527179,19.585054081975,178,7.880547349162173,2016-09-16,2026-04-26
90,0.6,0.42,16.49484198287627,128.58984362037577,-0.8626653875928397,-0.8339900882218975,0.7842969187138376,1.0880637114527179,19.120787990466468,177,7.614782380014968,2016-09-16,2026-04-26
90,0.65,0.46,15.777451757509741,128.58984362037577,-0.8845248844361285,-0.8339900882218975,0.7828598823845031,1.0880637114527179,17.837205074866414,151,7.167021395515621,2016-09-16,2026-04-26
90,0.58,0.48,14.744019821341702,128.58984362037577,-0.9146696090758394,-0.8339900882218975,0.7623299727467463,1.0880637114527179,16.119503343112832,155,6.460585094141639,2016-09-16,2026-04-26
90,0.62,0.48,14.137017183685156,128.58984362037577,-0.8976821667080385,-0.8339900882218975,0.7593630847793712,1.0880637114527179,15.748354716155422,166,6.202450469624363,2016-09-16,2026-04-26
90,0.6,0.46,14.027417919575838,128.58984362037577,-0.901254860092793,-0.8339900882218975,0.7575126890938216,1.0880637114527179,15.56431875233558,160,6.139649992406714,2016-09-16,2026-04-26
90,0.65,0.48,12.054535270159588,128.58984362037577,-0.892183437128727,-0.8339900882218975,0.7397667059758208,1.0880637114527179,13.511274440326023,163,5.13630451979371,2016-09-16,2026-04-26
90,0.6,0.48,10.69283393485082,128.58984362037577,-0.9078038455900107,-0.8339900882218975,0.7166126926984567,1.0880637114527179,11.77879338889692,170,4.339668493691576,2016-09-16,2026-04-26
