section,rank,label,horizon_days,balanced_score,return_drawdown_ratio,direction_accuracy,number_of_trades,recommended_long_threshold,recommended_short_threshold,selected_feature_count,feature,mean_importance,std_importance,robustness_score,horizon_coverage,dominant_horizon_type,stable_feature,noisy_feature,recommendation,rationale
best_horizon_balanced_score,1,Best horizon by balanced score,60.0,40.15581887023723,90.9479305912762,0.498005698005698,190.0,,,,,,,,,,,,,
best_horizon_return_drawdown_ratio,1,Best horizon by return/drawdown ratio,14.0,36.50778922726562,91.45439131499252,0.5555555555555556,259.0,,,,,,,,,,,,,
best_threshold_per_horizon,1,Best threshold for 3D,3.0,74.40176551636614,198.3717777398869,,206.0,0.52,0.35,,,,,,,,,,,
best_threshold_per_horizon,2,Best threshold for 7D,7.0,490.8219128121512,1243.320739073129,,264.0,0.52,0.35,,,,,,,,,,,
best_threshold_per_horizon,3,Best threshold for 14D,14.0,111.5245046873432,262.38739343358094,,188.0,0.52,0.32,,,,,,,,,,,
best_threshold_per_horizon,4,Best threshold for 30D,30.0,232.7992594159745,554.6451183874813,,167.0,0.52,0.32,,,,,,,,,,,
best_threshold_per_horizon,5,Best threshold for 60D,60.0,80.04741207848897,183.53305834376457,,196.0,0.56,0.35,,,,,,,,,,,
best_threshold_per_horizon,6,Best threshold for 90D,90.0,61.97793990382111,135.4943484209117,,151.0,0.52,0.35,,,,,,,,,,,
selected_feature_count,1,Selected feature count,,,,,,,,136.0,,,,,,,,,,
top_robust_feature,1,Top robust feature,,,,,,,,,astro_compression_score_roll_min_30,0.0076418366227567,0.0,2674.6875413661605,0.1666666666666666,macro,True,False,,
top_robust_feature,2,Top robust feature,,,,,,,,,astro_bullish_score_smooth_roll_max_21,0.0074900597736429,0.0,2621.565583465591,0.1666666666666666,macro,True,False,,
top_robust_feature,3,Top robust feature,,,,,,,,,astro_trend_end_score_roll_max_30,0.0072967060119795,0.0,2553.8916895418965,0.1666666666666666,macro,True,False,,
top_robust_feature,4,Top robust feature,,,,,,,,,astro_bullish_score_roll_max_21,0.0069185721317759,0.0,2421.544680217084,0.1666666666666666,macro,True,False,,
top_robust_feature,5,Top robust feature,,,,,,,,,astro_trend_start_score_roll_min_21,0.0067820086770953,0.0,2373.7474164534924,0.1666666666666666,macro,True,False,,
top_robust_feature,6,Top robust feature,,,,,,,,,astro_bullish_score_roll_min_21,0.0065956719361259,0.0,2308.529482579506,0.1666666666666666,macro,True,False,,
top_robust_feature,7,Top robust feature,,,,,,,,,astro_bearish_score_roll_min_21,0.0064350176013684,0.0,2252.300401152647,0.1666666666666666,macro,True,False,,
top_robust_feature,8,Top robust feature,,,,,,,,,astro_volatility_score_roll_max_21,0.0060869702128887,0.0,2130.483675965797,0.1666666666666666,swing,True,False,,
top_robust_feature,9,Top robust feature,,,,,,,,,astro_momentum_v2_sma_60,0.0059554635022259,0.0,2084.4562746311326,0.1666666666666666,swing,True,False,,
top_robust_feature,10,Top robust feature,,,,,,,,,astro_bullish_score_smooth_sma_30,0.0058751307140862,0.0,2056.339766649122,0.1666666666666666,macro,True,False,,
top_robust_feature,11,Top robust feature,,,,,,,,,astro_bearish_score_smooth_roll_max_30,0.005748709806876,0.0,2012.0923985571897,0.1666666666666666,macro,True,False,,
top_robust_feature,12,Top robust feature,,,,,,,,,astro_reversal_score_roll_max_21,0.0056891663343633,0.0,1991.2521593603556,0.1666666666666666,swing,True,False,,
top_robust_feature,13,Top robust feature,,,,,,,,,astro_trend_end_score_chg_30,0.0056878970541186,0.0,1990.8079107669985,0.1666666666666666,swing,True,False,,
top_robust_feature,14,Top robust feature,,,,,,,,,astro_bullish_score_ema_60,0.0056618043721254,0.0,1981.6754616323055,0.1666666666666666,macro,True,False,,
top_robust_feature,15,Top robust feature,,,,,,,,,btc_return_14d,0.0054297532714723,0.0,1900.45748358328,0.1666666666666666,timing,True,False,,
top_robust_feature,16,Top robust feature,,,,,,,,,astro_compression_score_ema_30,0.0054182605519496,0.0,1896.435027153248,0.1666666666666666,swing,True,False,,
top_robust_feature,17,Top robust feature,,,,,,,,,astro_bearish_score_smooth_ema_30,0.0054152995007494,0.0,1895.3986580487567,0.1666666666666666,macro,True,False,,
top_robust_feature,18,Top robust feature,,,,,,,,,astro_bearish_score_roll_min_5,0.0053653548440911,0.0,1877.9180082404887,0.1666666666666666,macro,True,False,,
top_robust_feature,19,Top robust feature,,,,,,,,,astro_bullish_score_sma_3,0.0053611624290712,0.0,1876.4506613065585,0.1666666666666666,timing,True,False,,
top_robust_feature,20,Top robust feature,,,,,,,,,astro_volatility_score_roll_max_30,0.0053186969559786,0.0,1861.587728737959,0.1666666666666666,swing,True,False,,
top_noisy_feature,1,Top noisy feature,,,,,,,,,buy_hold_equity,0.0174621757068932,0.0095903951503554,0.8941978514605912,1.0,macro,False,True,,
top_noisy_feature,2,Top noisy feature,,,,,,,,,strategy_drawdown,0.0102409836975478,0.0064827723650544,0.7652474527183741,0.8333333333333334,macro,False,True,,
top_noisy_feature,3,Top noisy feature,,,,,,,,,strategy_equity,0.0086684606846102,0.0046328550136838,0.8665387770963635,0.8333333333333334,macro,False,True,,
top_noisy_feature,4,Top noisy feature,,,,,,,,,planet_bullish_Pluto,0.0115493375596372,0.0039233031662519,1.2013465103578445,0.6666666666666666,macro,False,True,,
top_noisy_feature,5,Top noisy feature,,,,,,,,,planet_bearish_Pluto,0.0075827078680741,0.0034340117821325,0.9006498664813322,0.5,macro,False,True,,
top_noisy_feature,6,Top noisy feature,,,,,,,,,buy_hold_drawdown,0.0114712225231096,0.0032139536242681,1.503417664267518,1.0,macro,False,True,,
top_noisy_feature,7,Top noisy feature,,,,,,,,,astro_bullish_score_roll_max_30,0.0081206590685875,0.0028187113622381,1.1362346526135676,0.5,macro,False,True,,
top_noisy_feature,8,Top noisy feature,,,,,,,,,astro_trend_start_score_roll_max_21,0.006975381033339,0.0028044659032054,1.0813473437088017,0.8333333333333334,swing,False,True,,
top_noisy_feature,9,Top noisy feature,,,,,,,,,astro_bullish_score_smooth_roll_max_30,0.0076769506298086,0.0027516076433415,1.10421161417448,0.5,macro,False,True,,
top_noisy_feature,10,Top noisy feature,,,,,,,,,astro_bearish_score_smooth_ema_60,0.0077466226149081,0.0026484734203962,1.151440832570256,0.5,macro,False,True,,
top_noisy_feature,11,Top noisy feature,,,,,,,,,astro_bullish_score_smooth_ema_60,0.0064883351560913,0.0025470595229761,0.9771626767094612,0.3333333333333333,macro,False,True,,
top_noisy_feature,12,Top noisy feature,,,,,,,,,astro_bearish_score_ema_60,0.0075189334122457,0.0024618889997855,1.1965196721704847,0.5,macro,False,True,,
top_noisy_feature,13,Top noisy feature,,,,,,,,,planet_trend_start_Pluto,0.0066202897392324,0.002394587099639,1.2198855037913257,1.0,macro,False,True,,
top_noisy_feature,14,Top noisy feature,,,,,,,,,astro_compression_score_sma_60,0.0073078220720199,0.0023231934473967,1.228407138914899,0.5,macro,False,True,,
top_noisy_feature,15,Top noisy feature,,,,,,,,,astro_bullish_score_smooth_roll_min_30,0.0075747607588675,0.0022546715582561,1.2616967013674203,0.3333333333333333,macro,False,True,,
top_noisy_feature,16,Top noisy feature,,,,,,,,,astro_trend_start_score_roll_max_10,0.0065327337129918,0.0020865896903055,1.2645413482719636,0.6666666666666666,swing,False,True,,
top_noisy_feature,17,Top noisy feature,,,,,,,,,astro_bullish_score_roll_min_30,0.0082530943122586,0.0018442375465721,1.652060667365768,0.3333333333333333,macro,False,True,,
top_noisy_feature,18,Top noisy feature,,,,,,,,,astro_bearish_score_smooth_roll_min_21,0.0061623767669763,0.0018149192492514,1.3152005118176369,0.5,macro,False,True,,
top_noisy_feature,19,Top noisy feature,,,,,,,,,astro_trend_start_score_sma_30,0.0054798522027313,0.0017700395662366,1.2101424901065343,0.5,swing,False,True,,
top_noisy_feature,20,Top noisy feature,,,,,,,,,planet_reversal_Pluto,0.0061995560665135,0.0017057155659999,1.523836729521107,1.0,macro,False,True,,
recommended_next_action,1,Recommended next action,,,,,,,,,,,,,,,,,continue threshold tuning,"Threshold tuning still shows meaningful headroom across horizons, with median balanced-score improvement of 6.39x and max improvement of 30.61x over the baseline thresholds."
