feature,mean_importance,std_importance,max_importance,min_importance,horizons,total_observations,stability_score,horizon_coverage,robustness_score,feature_group,horizon,dominant_horizon_type,robust_rank,stable_feature,high_importance_feature,cross_horizon_feature,noisy_feature,selected
astro_trend_start_score_sma_30,0.0079953223042514,0.0,0.0079953223042514,0.0079953223042514,1.0,1.0,7995.3223042514,0.1666666666666666,2798.407671283578,trend_start,30.0,swing,1.0,True,True,False,False,True
astro_bullish_score_smooth_roll_max_21,0.0074226633911939,0.0,0.0074226633911939,0.0074226633911939,1.0,1.0,7422.6633911939,0.1666666666666666,2597.976822649888,bullish,90.0,macro,2.0,True,True,False,False,True
astro_bullish_score_ema_60,0.0072639672963746,0.0,0.0072639672963746,0.0072639672963746,1.0,1.0,7263.9672963746,0.1666666666666666,2542.433125984695,bullish,90.0,macro,3.0,True,True,False,False,True
astro_bullish_score_smooth_roll_min_21,0.0070792305964849,0.0,0.0070792305964849,0.0070792305964849,1.0,1.0,7079.2305964849,0.1666666666666666,2477.77520712862,bullish,90.0,macro,4.0,True,True,False,False,True
astro_compression_score_roll_min_30,0.0067167720592906,0.0,0.0067167720592906,0.0067167720592906,1.0,1.0,6716.772059290601,0.1666666666666666,2350.9145741272,compression,90.0,macro,5.0,True,True,False,False,True
astro_volatility_score_roll_max_21,0.0064205304084722,0.0,0.0064205304084722,0.0064205304084722,1.0,1.0,6420.5304084722,0.1666666666666666,2247.2298778440995,volatility,30.0,swing,6.0,True,True,False,False,True
astro_bullish_score_smooth_ema_60,0.0062750084049243,0.0,0.0062750084049243,0.0062750084049243,1.0,1.0,6275.0084049243005,0.1666666666666666,2196.2971183935333,bullish,90.0,macro,7.0,True,True,False,False,True
astro_trend_start_score_roll_min_21,0.0058056823734562,0.0,0.0058056823734562,0.0058056823734562,1.0,1.0,5805.6823734562,0.1666666666666666,2032.0328196492865,trend_start,60.0,macro,8.0,True,False,False,False,True
astro_bearish_score_roll_min_10,0.0056617263066116,0.0,0.0056617263066116,0.0056617263066116,1.0,1.0,5661.726306611601,0.1666666666666666,1981.6481386712496,bearish,60.0,macro,9.0,True,False,False,False,True
astro_momentum_v2_sma_60,0.0056480642576219,0.0,0.0056480642576219,0.0056480642576219,1.0,1.0,5648.0642576219,0.1666666666666666,1976.8664160600345,other,30.0,swing,10.0,True,False,False,False,True
astro_momentum_v2_smooth_roll_max_30,0.0054082464200783,0.0,0.0054082464200783,0.0054082464200783,1.0,1.0,5408.2464200783,0.1666666666666666,1892.93007699264,other,60.0,macro,11.0,True,False,False,False,True
planet_trend_start_Jupiter,0.0054044758906307,0.0,0.0054044758906307,0.0054044758906307,1.0,1.0,5404.475890630701,0.1666666666666666,1891.610390177768,jupiter,14.0,swing,12.0,True,False,False,False,True
btc_return_14d,0.0054001639973776,0.0,0.0054001639973776,0.0054001639973776,1.0,1.0,5400.1639973776,0.1666666666666666,1890.1012258144256,other,3.0,timing,13.0,True,False,False,False,True
jupiter_signal,0.0053738787269822,0.0,0.0053738787269822,0.0053738787269822,1.0,1.0,5373.8787269822,0.1666666666666666,1880.9013706619276,jupiter,14.0,swing,14.0,True,False,False,False,True
astro_bearish_score_smooth_chg_21,0.0053196272872028,0.0,0.0053196272872028,0.0053196272872028,1.0,1.0,5319.6272872028,0.1666666666666666,1861.9133450385616,bearish,30.0,swing,15.0,True,False,False,False,True
astro_compression_score_ema_21,0.0052853216239577,0.0,0.0052853216239577,0.0052853216239577,1.0,1.0,5285.3216239577,0.1666666666666666,1849.906349180511,compression,14.0,swing,16.0,True,False,False,False,True
astro_bullish_score_chg_30,0.0052706197334943,0.0,0.0052706197334943,0.0052706197334943,1.0,1.0,5270.6197334943,0.1666666666666666,1844.7606816375649,bullish,14.0,swing,17.0,True,False,False,False,True
astro_trend_end_score_chg_30,0.0052555584909877,0.0,0.0052555584909877,0.0052555584909877,1.0,1.0,5255.5584909877,0.1666666666666666,1839.489240735758,trend_end,30.0,swing,18.0,True,False,False,False,True
astro_bullish_score_sma_3,0.0051569721708102,0.0,0.0051569721708102,0.0051569721708102,1.0,1.0,5156.972170810201,0.1666666666666666,1804.983989239105,bullish,7.0,timing,19.0,True,False,False,False,True
astro_bullish_score_ema_30,0.0051327929157632,0.0,0.0051327929157632,0.0051327929157632,1.0,1.0,5132.792915763201,0.1666666666666666,1796.5212403009532,bullish,90.0,macro,20.0,True,False,False,False,True
astro_bullish_score_smooth_sma_30,0.0050984041569044,0.0,0.0050984041569044,0.0050984041569044,1.0,1.0,5098.4041569044,0.1666666666666666,1784.4851609448694,bullish,90.0,macro,21.0,True,False,False,False,True
astro_bearish_score_roll_min_21,0.0050911878340472,0.0,0.0050911878340472,0.0050911878340472,1.0,1.0,5091.1878340472,0.1666666666666666,1781.9594450583204,bearish,60.0,macro,22.0,True,False,False,False,True
astro_bearish_score_smooth_roll_max_30,0.0050514559934672,0.0,0.0050514559934672,0.0050514559934672,1.0,1.0,5051.4559934672,0.1666666666666666,1768.0532849625838,bearish,90.0,macro,23.0,True,False,False,False,True
astro_compression_score_roll_min_21,0.0050263980403748,0.0,0.0050263980403748,0.0050263980403748,1.0,1.0,5026.398040374801,0.1666666666666666,1759.282991357063,compression,90.0,macro,24.0,True,False,False,False,True
astro_bullish_score_smooth_roll_min_10,0.0049723877073969,0.0,0.0049723877073969,0.0049723877073969,1.0,1.0,4972.3877073969,0.1666666666666666,1740.3793532106645,bullish,90.0,macro,25.0,True,False,False,False,True
astro_bullish_score_smooth_roll_max_5,0.0048956095610602,0.0,0.0048956095610602,0.0048956095610602,1.0,1.0,4895.6095610602,0.1666666666666666,1713.506971281561,bullish,3.0,timing,26.0,True,False,False,False,True
astro_bearish_score_smooth_ema_30,0.0048291314396848,0.0,0.0048291314396848,0.0048291314396848,1.0,1.0,4829.1314396848,0.1666666666666666,1690.2396022089226,bearish,60.0,macro,27.0,True,False,False,False,True
astro_trend_start_score_sma_60,0.0048220359224962,0.0,0.0048220359224962,0.0048220359224962,1.0,1.0,4822.0359224962,0.1666666666666666,1687.7561683547058,trend_start,60.0,macro,28.0,True,False,False,False,True
astro_bullish_score_smooth_ema_21,0.0048140651237108,0.0,0.0048140651237108,0.0048140651237108,1.0,1.0,4814.0651237108,0.1666666666666666,1684.966385591496,bullish,90.0,macro,29.0,True,False,False,False,True
astro_bullish_score_roll_min_3,0.0047858156569882,0.0,0.0047858156569882,0.0047858156569882,1.0,1.0,4785.815656988199,0.1666666666666666,1675.079060938799,bullish,7.0,timing,30.0,True,False,False,False,True
astro_bearish_score_chg_21,0.0047491395353183,0.0,0.0047491395353183,0.0047491395353183,1.0,1.0,4749.139535318301,0.1666666666666666,1662.242403683886,bearish,30.0,swing,31.0,True,False,False,False,True
house_activation_strength,0.0047346430901366,0.0,0.0047346430901366,0.0047346430901366,1.0,1.0,4734.6430901366,0.1666666666666666,1657.1686420717128,house_position,60.0,macro,32.0,True,False,False,False,True
astro_momentum_v2_smooth_roll_max_21,0.0047287401282316,0.0,0.0047287401282316,0.0047287401282316,1.0,1.0,4728.7401282316005,0.1666666666666666,1655.102603043778,other,14.0,swing,33.0,True,False,False,False,True
astro_trend_start_score_chg_21,0.0047097428260832,0.0,0.0047097428260832,0.0047097428260832,1.0,1.0,4709.7428260832,0.1666666666666666,1648.4535396929173,trend_start,14.0,swing,34.0,True,False,False,False,True
astro_momentum_v2_roll_min_30,0.0046885099804277,0.0,0.0046885099804277,0.0046885099804277,1.0,1.0,4688.509980427701,0.1666666666666666,1641.0220352203542,other,60.0,macro,35.0,True,False,False,False,True
astro_reversal_score_roll_max_21,0.0046098564213111,0.0,0.0046098564213111,0.0046098564213111,1.0,1.0,4609.856421311099,0.1666666666666666,1613.49325806812,reversal,14.0,swing,36.0,False,False,False,False,True
astro_momentum_v2_chg_30,0.0045484429277057,0.0,0.0045484429277057,0.0045484429277057,1.0,1.0,4548.442927705701,0.1666666666666666,1591.9985107408331,other,14.0,swing,37.0,False,False,False,False,True
astro_compression_score_ema_30,0.0044305956049573,0.0,0.0044305956049573,0.0044305956049573,1.0,1.0,4430.595604957301,0.1666666666666666,1550.751900639964,compression,14.0,swing,38.0,False,False,False,False,True
astro_reversal_score_chg_10,0.0044154234446757,0.0,0.0044154234446757,0.0044154234446757,1.0,1.0,4415.4234446757,0.1666666666666666,1545.4416384725394,reversal,3.0,timing,39.0,False,False,False,False,True
planet_bullish_Jupiter,0.0044012043339745,0.0,0.0044012043339745,0.0044012043339745,1.0,1.0,4401.2043339745,0.1666666666666666,1540.464944039475,jupiter,7.0,timing,40.0,False,False,False,False,True
astro_momentum_v2_chg_5,0.0043433109918456,0.0,0.0043433109918456,0.0043433109918456,1.0,1.0,4343.3109918456,0.1666666666666666,1520.2022511370235,other,3.0,timing,41.0,False,False,False,False,True
astro_reversal_score_sma_21,0.0042883363832257,0.0,0.0042883363832257,0.0042883363832257,1.0,1.0,4288.3363832257,0.1666666666666666,1500.9611161302148,reversal,7.0,timing,42.0,False,False,False,False,True
btc_return_3d,0.0042776778215381,0.0,0.0042776778215381,0.0042776778215381,1.0,1.0,4277.6778215381,0.1666666666666666,1497.2306152761305,other,3.0,timing,43.0,False,False,False,False,True
astro_bearish_score_chg_3,0.0042292617727492,0.0,0.0042292617727492,0.0042292617727492,1.0,1.0,4229.261772749201,0.1666666666666666,1480.284978833596,bearish,3.0,timing,44.0,False,False,False,False,True
astro_momentum_v2_smooth_chg_10,0.0042236893754864,0.0,0.0042236893754864,0.0042236893754864,1.0,1.0,4223.6893754864,0.1666666666666666,1478.334637562657,other,3.0,timing,45.0,False,False,False,False,True
astro_bullish_score_ema_5,0.0042078983533855,0.0,0.0042078983533855,0.0042078983533855,1.0,1.0,4207.898353385501,0.1666666666666666,1472.8077735109332,bullish,7.0,timing,46.0,False,False,False,False,True
expansion_score,0.0041466850597816,0.0,0.0041466850597816,0.0041466850597816,1.0,1.0,4146.6850597816,0.1666666666666666,1451.3830962642503,other,7.0,timing,47.0,False,False,False,False,True
astro_momentum_v2_smooth_chg_3,0.0041247810442813,0.0,0.0041247810442813,0.0041247810442813,1.0,1.0,4124.781044281301,0.1666666666666666,1443.7166820775394,other,3.0,timing,48.0,False,False,False,False,True
astro_bullish_score_smooth_sma_10,0.0040926269595738,0.0,0.0040926269595738,0.0040926269595738,1.0,1.0,4092.6269595738,0.1666666666666666,1432.4627395682803,bullish,3.0,timing,49.0,False,False,False,False,True
astro_bullish_score_smooth_sma_5,0.0040838426037706,0.0,0.0040838426037706,0.0040838426037706,1.0,1.0,4083.8426037706,0.1666666666666666,1429.3882115234182,bullish,3.0,timing,50.0,False,False,False,False,True
astro_bullish_score_sma_10,0.0040364892465776,0.0,0.0040364892465776,0.0040364892465776,1.0,1.0,4036.4892465776006,0.1666666666666666,1412.8145175645254,bullish,3.0,timing,51.0,False,False,False,False,True
astro_bullish_score_smooth_roll_max_3,0.0039766622644065,0.0,0.0039766622644065,0.0039766622644065,1.0,1.0,3976.6622644065,0.1666666666666666,1391.8750498738475,bullish,3.0,timing,52.0,False,False,False,False,True
astro_volatility_score_chg_21,0.0039572631621235,0.0,0.0039572631621235,0.0039572631621235,1.0,1.0,3957.263162123501,0.1666666666666666,1385.0853563151566,volatility,3.0,timing,53.0,False,False,False,False,True
astro_bullish_score_smooth_chg_10,0.0038950490451904,0.0,0.0038950490451904,0.0038950490451904,1.0,1.0,3895.0490451904,0.1666666666666666,1363.310390502925,bullish,3.0,timing,54.0,False,False,False,False,True
astro_bullish_score_smooth_roll_min_3,0.0038434357680585,0.0,0.0038434357680585,0.0038434357680585,1.0,1.0,3843.4357680585,0.1666666666666666,1345.245722861449,bullish,3.0,timing,55.0,False,False,False,False,True
astro_bearish_score_smooth_chg_10,0.0037884082581961,0.0,0.0037884082581961,0.0037884082581961,1.0,1.0,3788.4082581961,0.1666666666666666,1325.986072398605,bearish,3.0,timing,56.0,False,False,False,False,True
astro_bullish_score_smooth_ema_3,0.0037849608164061,0.0,0.0037849608164061,0.0037849608164061,1.0,1.0,3784.9608164061,0.1666666666666666,1324.779466393128,bullish,3.0,timing,57.0,False,False,False,False,True
astro_bearish_score_smooth_chg_5,0.0037629933245231,0.0,0.0037629933245231,0.0037629933245231,1.0,1.0,3762.9933245231,0.1666666666666666,1317.0908354470814,bearish,3.0,timing,58.0,False,False,False,False,True
astro_bullish_score_smooth_ema_5,0.0036938752551099,0.0,0.0036938752551099,0.0036938752551099,1.0,1.0,3693.8752551099,0.1666666666666666,1292.8994835052338,bullish,3.0,timing,59.0,False,False,False,False,True
astro_volatility_score_roll_max_30,0.0046877235750031,4.42571721324567e-06,0.0046908530296562,0.00468459412035,2.0,2.0,863.9822885643719,0.3333333333333333,302.47900942029344,volatility,14.0,swing,60.0,False,False,False,False,True
astro_bullish_score_smooth,0.0040127336710993,1.999036658682678e-05,0.0040268689948713,0.0039985983473274,2.0,2.0,191.1702520535148,0.3333333333333333,66.99452664553195,bullish,3.0,timing,61.0,False,False,False,False,True
astro_momentum_v2_smooth_chg_30,0.0052783097008857,3.928736476644083e-05,0.0053060900629271,0.0052505293388445,2.0,2.0,131.0165043428853,0.3333333333333333,45.94122117722355,other,7.0,timing,62.0,False,False,False,False,True
astro_bearish_score_smooth_sma_30,0.0047116781306659,9.369936661860536e-05,0.0047779335881949,0.0046454226731371,2.0,2.0,49.75406171027449,0.3333333333333333,17.49913960318167,bearish,60.0,macro,63.0,False,False,False,False,True
astro_momentum_v2_smooth_sma_60,0.0050134231567824,0.0001435999155038,0.005114963630813,0.0049118826827518,2.0,2.0,34.67099644776971,0.3333333333333333,12.220187459315444,other,30.0,swing,64.0,False,False,False,False,True
astro_bearish_score_smooth_chg_30,0.0052098255571432,0.0001993839549053,0.0053450051851957,0.0049808392976996,3.0,3.0,25.99921515475173,0.5,9.226809234385964,bearish,14.0,swing,65.0,False,False,False,False,True
astro_bullish_score_roll_max_3,0.0044353142586115,0.0001886171039861,0.0045686866918879,0.0043019418253352,2.0,2.0,23.39089757924121,0.3333333333333333,8.271921611771203,bullish,7.0,timing,66.0,False,False,False,False,True
astro_bullish_score_smooth_chg_21,0.0044078994259367,0.0002250399131787,0.0045670266745831,0.0042487721772905,2.0,2.0,19.500535829934517,0.3333333333333333,6.910284033580788,bullish,14.0,swing,67.0,False,False,False,False,True
astro_reversal_score_ema_30,0.0040222976241408,0.0002078656721071,0.0041692808504637,0.0038753143978179,2.0,2.0,19.257820509999213,0.3333333333333333,6.825179430882713,reversal,7.0,timing,68.0,False,False,False,False,True
astro_bullish_score_roll_max_5,0.004805739084312,0.0002557766563772,0.0049866004925056,0.0046248776761185,2.0,2.0,18.715638532391463,0.3333333333333333,6.635729115304071,bullish,7.0,timing,69.0,False,False,False,False,True
astro_bearish_score_smooth_roll_min_21,0.0057208594597841,0.0003160873941247,0.0059443669996173,0.0054973519199509,2.0,2.0,18.041901273228348,0.3333333333333333,6.400287122747168,bearish,60.0,macro,70.0,False,False,False,False,True
astro_bullish_score_ema_3,0.0043033742116917,0.0002826117873393,0.0045032109229626,0.0041035375004208,2.0,2.0,15.173467407906744,0.3333333333333333,5.39576827578537,bullish,3.0,timing,71.0,False,False,False,False,True
astro_trend_start_score_roll_max_5,0.0060113512179067,0.0004087258984415,0.006479079537214,0.0057229020369989,3.0,3.0,14.671640823224244,0.5,5.262478828615648,trend_start,14.0,swing,72.0,False,False,False,False,True
astro_bearish_score_roll_min_30,0.0049291962024415,0.0003476593074871,0.0053199834890584,0.0046542351880166,3.0,3.0,14.137572399737026,0.5,5.075122018388935,bearish,90.0,macro,73.0,False,False,False,False,True
astro_bullish_score,0.004561831753646,0.0003455660014039,0.0048061838165863,0.0043174796907058,2.0,2.0,13.16295232413445,0.3333333333333333,4.692191379481849,bullish,7.0,timing,74.0,False,False,False,False,True
astro_trend_start_score_roll_min_10,0.0047250184517479,0.0003753819939408,0.0049904536051988,0.004459583298297,2.0,2.0,12.553784526925334,0.3333333333333333,4.479047925137898,trend_start,7.0,timing,75.0,False,False,False,False,True
btc_vol_14d,0.0049417068274677,0.0004030797859959,0.0053047887497511,0.0045079715916849,3.0,3.0,12.22953238130469,0.5,4.407313016187628,other,7.0,timing,76.0,False,False,False,False,True
astro_bearish_score_smooth_roll_min_30,0.0067495795223497,0.0005720797710887,0.0074297008129554,0.006221332903904,4.0,4.0,11.777731238928515,0.6666666666666666,4.291572432100588,bearish,30.0,swing,77.0,False,True,False,False,True
astro_trend_start_score_ema_30,0.0054481507027576,0.0004813055174929,0.0059056527864585,0.0049969807499304,4.0,4.0,11.29605717777612,0.6666666666666666,4.122465939169412,trend_start,30.0,swing,78.0,False,False,False,False,True
astro_bullish_score_roll_min_21,0.004886184480328,0.0004320812104541,0.0051917120342634,0.0045806569263926,2.0,2.0,11.28237467334232,0.3333333333333333,4.034118942795277,bullish,90.0,macro,79.0,False,False,False,False,True
astro_trend_end_score_ema_60,0.0054295441634508,0.0004898203292888,0.0059927593717204,0.0051030430534939,3.0,3.0,11.062182716265648,0.5,3.998935768358357,trend_end,60.0,macro,80.0,False,False,False,False,True
astro_trend_start_score_roll_max_30,0.0065901855745677,0.0006243258111655,0.0075084403933812,0.0061893702641953,4.0,4.0,10.538803063772548,0.6666666666666666,3.857883813216885,trend_start,30.0,swing,81.0,False,True,False,False,True
astro_trend_start_score_roll_min_5,0.0052907326106122,0.0005057517082404,0.0056294902322884,0.0047093862698579,3.0,3.0,10.44048303060144,0.5,3.7812853537547486,trend_start,14.0,swing,82.0,False,False,False,False,True
astro_trend_start_score_ema_21,0.0049195848465047,0.0005000704441772,0.0052731880486534,0.004565981644356,2.0,2.0,9.818150129733992,0.3333333333333333,3.521653712678832,trend_start,14.0,swing,83.0,False,False,False,False,True
astro_trend_start_score_sma_10,0.0049897099668664,0.0005250079622418,0.0053562260284856,0.0043882619758131,3.0,3.0,9.485997028638808,0.5,3.447094844010329,trend_start,7.0,timing,84.0,False,False,False,False,True
astro_bullish_score_roll_max_10,0.004651114009052,0.0004957216344592,0.005001642138359,0.004300585879745,2.0,2.0,9.36362277458595,0.3333333333333333,3.3624617500420366,bullish,7.0,timing,85.0,False,False,False,False,True
astro_trend_start_score_ema_5,0.0052229834153316,0.000597304413722,0.0058521710014472,0.0046637167820149,3.0,3.0,8.729642127891955,0.5,3.1824639381283166,trend_start,14.0,swing,86.0,False,False,False,False,True
astro_reversal_score_roll_max_30,0.0057653717131622,0.0006783407867463,0.0064849669148098,0.0051376500889886,3.0,3.0,8.486715100347869,0.5,3.097656433807019,reversal,90.0,macro,87.0,False,False,False,False,True
astro_trend_start_score_sma_21,0.0043208348582898,0.0005077582174261,0.0046798741370351,0.0039617955795446,2.0,2.0,8.492904311499872,0.3333333333333333,3.0575781763016048,trend_start,30.0,swing,88.0,False,False,False,False,True
astro_trend_start_score,0.0047215861703369,0.0005711926674138,0.0053497380623531,0.0039713554999714,4.0,4.0,8.251741833179434,0.6666666666666666,3.0566649427476027,trend_start,14.0,swing,89.0,False,False,False,False,True
astro_trend_start_score_roll_min_3,0.0046580281221928,0.0006623556384047,0.005371233524928,0.003768174155256,4.0,4.0,7.021916830909507,0.6666666666666666,2.626200768733871,trend_start,30.0,swing,90.0,False,False,False,False,True
pluto_signal,0.005549478877329,0.0007716339397902,0.0060951064687484,0.0050038512859097,2.0,2.0,7.182546082347705,0.3333333333333333,2.5994442537059617,pluto,60.0,macro,91.0,False,False,False,False,True
mc_target_strength,0.0052882761955663,0.0007525636452422,0.0058204190523916,0.0047561333387411,2.0,2.0,7.017690183111791,0.3333333333333333,2.5416402079006866,mc,60.0,macro,92.0,False,False,False,False,True
astro_bearish_score_smooth_ema_60,0.0080567700287867,0.0012511607388224,0.0089414742715625,0.007172065786011,2.0,2.0,6.43429376037076,0.3333333333333333,2.3385588574746143,bearish,90.0,macro,93.0,False,True,False,True,True
astro_trend_start_score_ema_60,0.0045031057472403,0.000741258892413,0.00526527623927,0.0037846974344322,3.0,3.0,6.066758907530366,0.5,2.250166859934524,trend_start,90.0,macro,94.0,False,False,False,False,True
astro_trend_end_score_sma_60,0.006923544272676,0.0011668984424326,0.0085543966553636,0.0058530732036298,4.0,4.0,5.928207471751386,0.6666666666666666,2.244308699488722,trend_end,60.0,macro,95.0,False,True,False,False,True
astro_trend_start_score_ema_3,0.0046871893408571,0.0007904351130139,0.0056511080556646,0.0037150244508305,4.0,4.0,5.922392453637249,0.6666666666666666,2.2413789011760463,trend_start,14.0,swing,96.0,False,False,False,False,True
astro_bullish_score_smooth_sma_60,0.0062139676392193,0.0010690664013345,0.0068381429014126,0.0049795422706252,3.0,3.0,5.807086019586518,0.5,2.159965693910969,bullish,60.0,macro,97.0,False,True,False,False,True
planet_trend_end_Pluto,0.0058455504985353,0.0010382868976021,0.006579730204647,0.0051113707924237,2.0,2.0,5.624578268062487,0.3333333333333333,2.0542739473546177,pluto,90.0,macro,98.0,False,False,False,False,True
astro_volatility_score_ema_21,0.0046429625923659,0.0008943751913431,0.0052753813550897,0.0040105438296422,2.0,2.0,5.185493899379889,0.3333333333333333,1.9001133831532409,volatility,30.0,swing,99.0,False,False,False,False,True
planet_volatility_Pluto,0.0053112526724518,0.0010726492840579,0.0065491255387362,0.0046558530828655,3.0,3.0,4.946915860994662,0.5,1.8585450524171123,pluto,90.0,macro,100.0,False,False,False,False,True
sun_target_strength,0.0063269199878023,0.0014196810889105,0.0082167245643147,0.0044489621556679,5.0,5.0,4.453441407215553,0.8333333333333334,1.7695685938538976,sun,30.0,swing,102.0,False,True,True,True,True
astro_bullish_score_sma_60,0.0062018181498533,0.0012926513711443,0.0071158607000996,0.0052877755996071,2.0,2.0,4.79404133771168,0.3333333333333333,1.7637285287923623,bullish,90.0,macro,103.0,False,True,False,True,True
astro_reversal_score_ema_60,0.0055648781783627,0.0011912810945084,0.0069386905112335,0.0048177191972846,3.0,3.0,4.667421301901151,0.5,1.760823406936748,reversal,90.0,macro,104.0,False,False,False,False,True
astro_reversal_score_sma_60,0.0063258061908254,0.0013755939953179,0.007703573549589,0.0049523959094777,3.0,3.0,4.595259177608405,0.5,1.7358710346392718,reversal,90.0,macro,105.0,False,True,False,True,True
astro_bearish_score_smooth_sma_60,0.0052044432717002,0.0012270450683778,0.0072041653279695,0.004029831173497,5.0,5.0,4.237990449792633,0.8333333333333334,1.693711768069435,bearish,90.0,macro,106.0,False,False,True,True,True
astro_bullish_score_sma_5,0.004771712332496,0.0010497526629831,0.0055139995590601,0.004029425105932,2.0,2.0,4.541232680723065,0.3333333333333333,1.6746734565194044,bullish,7.0,timing,107.0,False,False,False,False,True
trend_start,0.0051889346798173,0.0011846862371787,0.0062876113027806,0.0039337892139541,3.0,3.0,4.376313494338969,0.5,1.658785296890566,trend_start,14.0,swing,108.0,False,False,False,False,True
astro_trend_start_score_ema_10,0.0050126598564286,0.0011870698628325,0.0062982023957843,0.0039579782277216,3.0,3.0,4.219162536854234,0.5,1.6037119518415532,trend_start,14.0,swing,109.0,False,False,False,False,True
astro_volatility_score_sma_21,0.0056550651522124,0.0014098655821032,0.0067331783181414,0.0040596114087598,3.0,3.0,4.008223904492701,0.5,1.5301403926333303,volatility,7.0,timing,111.0,False,False,False,True,True
astro_bullish_score_roll_min_30,0.0075947813098447,0.001909387018705,0.0089449218186807,0.0062446408010089,2.0,2.0,3.9755197431109712,0.3333333333333333,1.4778031559461111,bullish,90.0,macro,112.0,False,True,False,True,True
btc_vol_30d,0.0063258320859374,0.0018064031107095,0.007919450059613,0.0038304128771208,6.0,6.0,3.499956400680437,1.0,1.477515073072528,other,90.0,macro,113.0,False,True,True,True,True
astro_trend_start_score_roll_min_30,0.0065549130643498,0.0016490262288055,0.0077209506930927,0.005388875435607,2.0,2.0,3.972611434846781,0.3333333333333333,1.4763693007554464,trend_start,60.0,macro,114.0,False,True,False,True,True
astro_trend_start_score_sma_3,0.0045645045983769,0.0011986438769339,0.0059328473392359,0.003700122930336,3.0,3.0,3.8048830041486656,0.5,1.4585348532913838,trend_start,14.0,swing,116.0,False,False,False,False,True
astro_compression_score_ema_60,0.0064052581481007,0.0016938578419827,0.0076029965145328,0.0052075197816688,2.0,2.0,3.77923032211811,0.3333333333333333,1.408626049333912,compression,90.0,macro,117.0,False,True,False,True,True
conjunction_strength,0.0075443291359317,0.0021830194111362,0.0107363842820123,0.005938999006682,4.0,4.0,3.45433245577552,0.6666666666666666,1.3787007578424713,conjunction,60.0,macro,118.0,False,True,False,True,True
astro_bullish_score_smooth_roll_min_30,0.0085196936755006,0.0023365990717467,0.0101719187240469,0.0068674686269543,2.0,2.0,3.6446342653338015,0.3333333333333333,1.3623632036703643,bullish,90.0,macro,119.0,False,True,False,True,True
astro_reversal_score_sma_30,0.0045790733017878,0.0012555585790105,0.0054668872871831,0.0036912593163925,2.0,2.0,3.644138346016085,0.3333333333333333,1.360613383759678,reversal,7.0,timing,120.0,False,False,False,True,True
astro_bearish_score_sma_60,0.0055284927663947,0.0016506575435013,0.0078593109545677,0.0040121882356874,4.0,4.0,3.34723913449684,0.6666666666666666,1.3404117608471184,bearish,90.0,macro,121.0,False,False,False,True,True
astro_trend_start_score_sma_5,0.0052440499538845,0.0015307288960092,0.007000677154339,0.0041959523377868,3.0,3.0,3.4236149540218546,0.5,1.3253628538892028,trend_start,14.0,swing,122.0,False,False,False,True,True
astro_bullish_score_smooth_chg_30,0.0050852686111176,0.0014349436256928,0.0060999269794655,0.0040706102427698,2.0,2.0,3.541412434394043,0.3333333333333333,1.3248617928156954,bullish,14.0,swing,123.0,False,False,False,True,True
astro_trend_start_score_roll_max_3,0.0051111696316631,0.0014624975194009,0.0061453115451,0.0040770277182262,2.0,2.0,3.4924347762169927,0.3333333333333333,1.3077299728619458,trend_start,14.0,swing,124.0,False,False,False,True,True
buy_hold_drawdown,0.0119321096044556,0.0040788553784955,0.0168488056552212,0.007291620218497,6.0,6.0,2.924640335867863,1.0,1.2783969613955342,other,90.0,macro,125.0,False,True,True,True,True
astro_bearish_score_ema_60,0.0073428455515343,0.0024221176872833,0.0095724171597366,0.0047657287575494,3.0,3.0,3.0303297235912283,0.5,1.1885525414775435,bearish,90.0,macro,126.0,False,True,False,True,True
astro_trend_start_score_roll_max_21,0.0065114177165615,0.0024713941447485,0.0104595668733726,0.0038477954206184,6.0,6.0,2.6336487369507737,1.0,1.1743816250193952,trend_start,30.0,swing,127.0,False,True,True,True,True
astro_trend_start_score_roll_max_10,0.0057683310198592,0.0020132021445285,0.0087037093305673,0.0042208331905538,4.0,4.0,2.863829251462406,0.6666666666666666,1.1713142370864524,trend_start,14.0,swing,128.0,False,False,False,True,True
astro_compression_score_sma_60,0.0067776792756242,0.0023315028491208,0.0093096225120994,0.0047193358249056,3.0,3.0,2.9057539107310557,0.5,1.1447249404661188,compression,90.0,macro,129.0,False,True,False,True,True
astro_trend_end_score_roll_max_30,0.0064539030731304,0.0021725778045143,0.0079901475713579,0.004917658574903,2.0,2.0,2.96925330196431,0.3333333333333333,1.1251535502500938,trend_end,90.0,macro,130.0,False,True,False,True,True
astro_bullish_score_roll_max_30,0.0062827632754431,0.0023492878009479,0.0089294324925004,0.0044441523203839,3.0,3.0,2.67318890601782,0.5,1.0631292224164142,bullish,90.0,macro,131.0,False,True,False,True,True
planet_trend_start_Pluto,0.0067967947040533,0.0030796613764846,0.0112809051105126,0.0039553078002475,6.0,6.0,2.206277767473817,1.0,1.0249159364974574,pluto,90.0,macro,132.0,False,True,True,True,True
buy_hold_equity,0.0159312687843156,0.0073348081386236,0.0249918620035946,0.007670549579679,6.0,6.0,2.171712847891459,1.0,1.016472004275737,other,90.0,macro,134.0,False,True,True,True,True
astro_trend_start_score_chg_30,0.005510589359828,0.0022331292264284,0.0070896501791014,0.0039315285405546,2.0,2.0,2.4665490673686303,0.3333333333333333,0.9488297426562852,trend_start,14.0,swing,135.0,False,False,False,True,True
astro_bullish_score_smooth_roll_max_30,0.0077964235104719,0.0039210436106136,0.0121672423737837,0.0045880087785257,3.0,3.0,1.987847225710006,0.5,0.8238650984026908,bullish,90.0,macro,138.0,False,True,False,True,True
strategy_drawdown,0.0093562643732877,0.0053893490387295,0.0163257665081048,0.0046007670499928,5.0,5.0,1.735743697868757,0.8333333333333334,0.8195861333367134,other,60.0,macro,139.0,False,True,True,True,True
sun_signal,0.0,,,,,,,0.0,0.0,raw_recovery,,raw_recovery,,False,False,False,False,True
moon_signal,0.0,,,,,,,0.0,0.0,raw_recovery,,raw_recovery,,False,False,False,False,True
mercury_signal,0.0,,,,,,,0.0,0.0,raw_recovery,,raw_recovery,,False,False,False,False,True
venus_signal,0.0,,,,,,,0.0,0.0,raw_recovery,,raw_recovery,,False,False,False,False,True
mars_signal,0.0,,,,,,,0.0,0.0,raw_recovery,,raw_recovery,,False,False,False,False,True
saturn_signal,0.0,,,,,,,0.0,0.0,raw_recovery,,raw_recovery,,False,False,False,False,True
uranus_signal,0.0,,,,,,,0.0,0.0,raw_recovery,,raw_recovery,,False,False,False,False,True
neptune_signal,0.0,,,,,,,0.0,0.0,raw_recovery,,raw_recovery,,False,False,False,False,True
trine_strength,0.0,,,,,,,0.0,0.0,raw_recovery,,raw_recovery,,False,False,False,False,True
sextile_strength,0.0,,,,,,,0.0,0.0,raw_recovery,,raw_recovery,,False,False,False,False,True
square_strength,0.0,,,,,,,0.0,0.0,raw_recovery,,raw_recovery,,False,False,False,False,True
opposition_strength,0.0,,,,,,,0.0,0.0,raw_recovery,,raw_recovery,,False,False,False,False,True
moon_target_strength,0.0,,,,,,,0.0,0.0,raw_recovery,,raw_recovery,,False,False,False,False,True
asc_target_strength,0.0,,,,,,,0.0,0.0,raw_recovery,,raw_recovery,,False,False,False,False,True
